{
	"credit": "Made with Blockbench",
	"textures": {
		"1": "pult/blue_concrete",
		"4": "pult/gray_concrete",
		"7": "pult/light_gray_concrete",
		"13": "pult/red_concrete",
		"14": "pult/white_concrete"
	},
	"elements": [
		{
			"from": [3, 0, 4],
			"to": [12, 2, 10],
			"faces": {
				"north": {"uv": [0, 0, 9, 2], "texture": "#7"},
				"east": {"uv": [0, 0, 6, 2], "texture": "#7"},
				"south": {"uv": [0, 0, 9, 2], "texture": "#7"},
				"west": {"uv": [0, 0, 6, 2], "texture": "#7"},
				"up": {"uv": [0, 0, 9, 6], "texture": "#7"},
				"down": {"uv": [0, 0, 9, 6], "texture": "#7"}
			}
		},
		{
			"from": [4, 0.5, 6],
			"to": [7, 2.5, 7],
			"faces": {
				"north": {"uv": [0, 0, 3, 2], "texture": "#4"},
				"east": {"uv": [0, 0, 1, 2], "texture": "#4"},
				"south": {"uv": [0, 0, 3, 2], "texture": "#4"},
				"west": {"uv": [0, 0, 1, 2], "texture": "#4"},
				"up": {"uv": [0, 0, 3, 1], "texture": "#4"},
				"down": {"uv": [0, 0, 3, 1], "texture": "#4"}
			}
		},
		{
			"from": [5, 0.5, 5],
			"to": [6, 2.5, 8],
			"faces": {
				"north": {"uv": [0, 0, 1, 2], "texture": "#4"},
				"east": {"uv": [0, 0, 3, 2], "texture": "#4"},
				"south": {"uv": [0, 0, 1, 2], "texture": "#4"},
				"west": {"uv": [0, 0, 3, 2], "texture": "#4"},
				"up": {"uv": [0, 0, 1, 3], "texture": "#4"},
				"down": {"uv": [0, 0, 1, 3], "texture": "#4"}
			}
		},
		{
			"from": [10, 0.5, 7],
			"to": [11, 2.5, 8],
			"faces": {
				"north": {"uv": [0, 0, 1, 2], "texture": "#13"},
				"east": {"uv": [0, 0, 1, 2], "texture": "#13"},
				"south": {"uv": [0, 0, 1, 2], "texture": "#13"},
				"west": {"uv": [0, 0, 1, 2], "texture": "#13"},
				"up": {"uv": [0, 0, 1, 1], "texture": "#13"},
				"down": {"uv": [0, 0, 1, 1], "texture": "#13"}
			}
		},
		{
			"from": [9, 0.5, 5],
			"to": [10, 2.5, 6],
			"faces": {
				"north": {"uv": [0, 0, 1, 2], "texture": "#1"},
				"east": {"uv": [0, 0, 1, 2], "texture": "#1"},
				"south": {"uv": [0, 0, 1, 2], "texture": "#1"},
				"west": {"uv": [0, 0, 1, 2], "texture": "#1"},
				"up": {"uv": [0, 0, 1, 1], "texture": "#1"},
				"down": {"uv": [0, 0, 1, 1], "texture": "#1"}
			}
		},
		{
			"from": [7.2, 0.7, -1],
			"to": [7.8, 1.3, 5],
			"faces": {
				"north": {"uv": [0, 0, 0.6, 0.6], "texture": "#14"},
				"east": {"uv": [0, 0, 6, 0.6], "texture": "#14"},
				"south": {"uv": [0, 0, 0.6, 0.6], "texture": "#14"},
				"west": {"uv": [0, 0, 6, 0.6], "texture": "#14"},
				"up": {"uv": [0, 0, 0.6, 6], "texture": "#14"},
				"down": {"uv": [0, 0, 0.6, 6], "texture": "#14"}
			}
		},
		{
			"from": [7.1, 0.6, -1.5],
			"to": [7.9, 1.4, -0.5],
			"faces": {
				"north": {"uv": [0, 0, 0.8, 0.8], "texture": "#14"},
				"east": {"uv": [0, 0, 1, 0.8], "texture": "#14"},
				"south": {"uv": [0, 0, 0.8, 0.8], "texture": "#14"},
				"west": {"uv": [0, 0, 1, 0.8], "texture": "#14"},
				"up": {"uv": [0, 0, 0.8, 1], "texture": "#14"},
				"down": {"uv": [0, 0, 0.8, 1], "texture": "#14"}
			}
		},
		{
			"from": [7, 0.5, 3.4],
			"to": [8, 1.5, 4.4],
			"faces": {
				"north": {"uv": [0, 0, 1, 1], "texture": "#7"},
				"east": {"uv": [0, 0, 1, 1], "texture": "#7"},
				"south": {"uv": [0, 0, 1, 1], "texture": "#7"},
				"west": {"uv": [0, 0, 1, 1], "texture": "#7"},
				"up": {"uv": [0, 0, 1, 1], "texture": "#7"},
				"down": {"uv": [0, 0, 1, 1], "texture": "#7"}
			}
		}
	],
	"display": {
		"thirdperson_righthand": {
			"rotation": [62, 0, 0],
			"translation": [0, 2.5, 4.5],
			"scale": [0.68, 0.68, 0.68]
		},
		"thirdperson_lefthand": {
			"rotation": [62, 0, 0],
			"translation": [0, 2.5, 4.5],
			"scale": [0.68, 0.68, 0.68]
		},
		"firstperson_righthand": {
			"rotation": [47, 0, 0],
			"translation": [-8.5, 5, 4.25]
		},
		"firstperson_lefthand": {
			"rotation": [47, 0, 0],
			"translation": [-0.5, 5, 4.25]
		},
		"ground": {
			"translation": [0, 6.25, 0]
		},
		"gui": {
			"rotation": [-88, 180, 162],
			"translation": [4, -5.25, -11.25],
			"scale": [1.34, 1.34, 1.34]
		},
		"fixed": {
			"rotation": [-90, 180, 0],
			"translation": [-1, -3.75, -11.25],
			"scale": [1.34, 1.34, 1.34]
		}
	}
}