﻿{
	"credit": "Made with Blockbench",
	"textures": {
		"0": "pult/black_concrete",
		"1": "pult/magenta_concrete",
		"2": "pult/white_concrete",
		"3": "pult/hh",
		"4": "pult/black_concrete1",
		"5": "pult/pink_concrete",
		"particle": "pult/black_concrete"
	},
	"elements": [
		{
			"from": [-7, 1, 7],
			"to": [-6, 9.2, 8],
			"faces": {
				"north": {"uv": [0, 0, 1, 8.2], "texture": "#1"},
				"east": {"uv": [0, 0, 1, 8.2], "texture": "#1"},
				"south": {"uv": [0, 0, 1, 8.2], "texture": "#1"},
				"west": {"uv": [0, 0, 1, 8.2], "texture": "#1"},
				"up": {"uv": [0, 0, 1, 1], "texture": "#1"},
				"down": {"uv": [0, 0, 1, 1], "texture": "#1"}
			}
		},
		{
			"from": [-8, 1, 7],
			"to": [-7, 8, 8],
			"faces": {
				"north": {"uv": [0, 0, 1, 7], "texture": "#1"},
				"east": {"uv": [0, 0, 1, 7], "texture": "#1"},
				"south": {"uv": [0, 0, 1, 7], "texture": "#1"},
				"west": {"uv": [0, 0, 1, 7], "texture": "#1"},
				"up": {"uv": [0, 0, 1, 1], "texture": "#1"},
				"down": {"uv": [0, 0, 1, 1], "texture": "#1"}
			}
		},
		{
			"from": [-9, 2, 7],
			"to": [-8, 6, 8],
			"faces": {
				"north": {"uv": [0, 0, 1, 4], "texture": "#1"},
				"east": {"uv": [0, 0, 1, 4], "texture": "#1"},
				"south": {"uv": [0, 0, 1, 4], "texture": "#1"},
				"west": {"uv": [0, 0, 1, 4], "texture": "#1"},
				"up": {"uv": [0, 0, 1, 1], "texture": "#1"},
				"down": {"uv": [0, 0, 1, 1], "texture": "#1"}
			}
		},
		{
			"from": [10, 1, 7],
			"to": [14, 4, 8],
			"faces": {
				"north": {"uv": [0, 0, 4, 3], "texture": "#1"},
				"east": {"uv": [0, 0, 1, 3], "texture": "#1"},
				"south": {"uv": [0, 0, 4, 3], "texture": "#1"},
				"west": {"uv": [0, 0, 1, 3], "texture": "#1"},
				"up": {"uv": [0, 0, 4, 1], "texture": "#1"},
				"down": {"uv": [0, 0, 4, 1], "texture": "#1"}
			}
		},
		{
			"from": [10, 0, 7],
			"to": [13, 1, 8],
			"faces": {
				"north": {"uv": [0, 0, 3, 1], "texture": "#1"},
				"east": {"uv": [0, 0, 1, 1], "texture": "#1"},
				"south": {"uv": [0, 0, 3, 1], "texture": "#1"},
				"west": {"uv": [0, 0, 1, 1], "texture": "#1"},
				"up": {"uv": [0, 0, 3, 1], "texture": "#1"},
				"down": {"uv": [0, 0, 3, 1], "texture": "#1"}
			}
		},
		{
			"from": [14, 1, 7],
			"to": [17, 2, 8],
			"faces": {
				"north": {"uv": [0, 0, 3, 1], "texture": "#1"},
				"east": {"uv": [0, 0, 1, 1], "texture": "#1"},
				"south": {"uv": [0, 0, 3, 1], "texture": "#1"},
				"west": {"uv": [0, 0, 1, 1], "texture": "#1"},
				"up": {"uv": [0, 0, 3, 1], "texture": "#1"},
				"down": {"uv": [0, 0, 3, 1], "texture": "#1"}
			}
		},
		{
			"from": [14, 2, 7],
			"to": [15, 3, 8],
			"faces": {
				"north": {"uv": [0, 0, 1, 1], "texture": "#1"},
				"east": {"uv": [0, 0, 1, 1], "texture": "#1"},
				"south": {"uv": [0, 0, 1, 1], "texture": "#1"},
				"west": {"uv": [0, 0, 1, 1], "texture": "#1"},
				"up": {"uv": [0, 0, 1, 1], "texture": "#1"},
				"down": {"uv": [0, 0, 1, 1], "texture": "#1"}
			}
		},
		{
			"from": [12.8, 4, 7],
			"to": [14, 9.2, 8],
			"faces": {
				"north": {"uv": [0, 0, 1.2, 5.2], "texture": "#1"},
				"east": {"uv": [0, 0, 1, 5.2], "texture": "#1"},
				"south": {"uv": [0, 0, 1.2, 5.2], "texture": "#1"},
				"west": {"uv": [0, 0, 1, 5.2], "texture": "#1"},
				"up": {"uv": [0, 0, 1.2, 1], "texture": "#1"},
				"down": {"uv": [0, 0, 1.2, 1], "texture": "#1"}
			}
		},
		{
			"from": [14, 5, 7],
			"to": [15, 9.2, 8],
			"faces": {
				"north": {"uv": [0, 0, 1, 4.2], "texture": "#1"},
				"east": {"uv": [0, 0, 1, 4.2], "texture": "#1"},
				"south": {"uv": [0, 0, 1, 4.2], "texture": "#1"},
				"west": {"uv": [0, 0, 1, 4.2], "texture": "#1"},
				"up": {"uv": [0, 0, 1, 1], "texture": "#1"},
				"down": {"uv": [0, 0, 1, 1], "texture": "#1"}
			}
		},
		{
			"from": [15, 7, 7],
			"to": [22, 9.2, 8],
			"faces": {
				"north": {"uv": [0, 0, 7, 2.2], "texture": "#1"},
				"east": {"uv": [0, 0, 1, 2.2], "texture": "#1"},
				"south": {"uv": [0, 0, 7, 2.2], "texture": "#1"},
				"west": {"uv": [0, 0, 1, 2.2], "texture": "#1"},
				"up": {"uv": [0, 0, 7, 1], "texture": "#1"},
				"down": {"uv": [0, 0, 7, 1], "texture": "#1"}
			}
		},
		{
			"from": [15, 6, 7],
			"to": [18, 7, 8],
			"faces": {
				"north": {"uv": [0, 0, 3, 1], "texture": "#1"},
				"east": {"uv": [0, 0, 1, 1], "texture": "#1"},
				"south": {"uv": [0, 0, 3, 1], "texture": "#1"},
				"west": {"uv": [0, 0, 1, 1], "texture": "#1"},
				"up": {"uv": [0, 0, 3, 1], "texture": "#1"},
				"down": {"uv": [0, 0, 3, 1], "texture": "#1"}
			}
		},
		{
			"from": [-6.1, 4, 7],
			"to": [13.1, 9.2, 7.2],
			"faces": {
				"north": {"uv": [0, 0, 16, 5.2], "texture": "#1"},
				"east": {"uv": [0, 0, 0.2, 5.2], "texture": "#1"},
				"south": {"uv": [0, 0, 16, 5.2], "texture": "#1"},
				"west": {"uv": [0, 0, 0.2, 5.2], "texture": "#1"},
				"up": {"uv": [0, 0, 16, 0.2], "texture": "#1"},
				"down": {"uv": [0, 0, 16, 0.2], "texture": "#1"}
			}
		},
		{
			"from": [-5.9, 4, 7.2],
			"to": [-4.9, 8.9, 7.9],
			"faces": {
				"north": {"uv": [0, 0, 1, 4.9], "texture": "#2"},
				"east": {"uv": [0, 0, 0.7, 4.9], "texture": "#2"},
				"south": {"uv": [0, 0, 1, 4.9], "texture": "#2"},
				"west": {"uv": [0, 0, 0.7, 4.9], "texture": "#2"},
				"up": {"uv": [0, 0, 1, 0.7], "texture": "#2"},
				"down": {"uv": [0, 0, 1, 0.7], "texture": "#2"}
			}
		},
		{
			"from": [-4.8, 4, 7.2],
			"to": [-3.8, 8.9, 7.9],
			"faces": {
				"north": {"uv": [0, 0, 1, 4.9], "texture": "#2"},
				"east": {"uv": [0, 0, 0.7, 4.9], "texture": "#2"},
				"south": {"uv": [0, 0, 1, 4.9], "texture": "#2"},
				"west": {"uv": [0, 0, 0.7, 4.9], "texture": "#2"},
				"up": {"uv": [0, 0, 1, 0.7], "texture": "#2"},
				"down": {"uv": [0, 0, 1, 0.7], "texture": "#2"}
			}
		},
		{
			"from": [-3.7, 4, 7.2],
			"to": [-2.7, 8.9, 7.9],
			"faces": {
				"north": {"uv": [0, 0, 1, 4.9], "texture": "#2"},
				"east": {"uv": [0, 0, 0.7, 4.9], "texture": "#2"},
				"south": {"uv": [0, 0, 1, 4.9], "texture": "#2"},
				"west": {"uv": [0, 0, 0.7, 4.9], "texture": "#2"},
				"up": {"uv": [0, 0, 1, 0.7], "texture": "#2"},
				"down": {"uv": [0, 0, 1, 0.7], "texture": "#2"}
			}
		},
		{
			"from": [-2.6, 4, 7.2],
			"to": [-1.6, 8.9, 7.9],
			"faces": {
				"north": {"uv": [0, 0, 1, 4.9], "texture": "#2"},
				"east": {"uv": [0, 0, 0.7, 4.9], "texture": "#2"},
				"south": {"uv": [0, 0, 1, 4.9], "texture": "#2"},
				"west": {"uv": [0, 0, 0.7, 4.9], "texture": "#2"},
				"up": {"uv": [0, 0, 1, 0.7], "texture": "#2"},
				"down": {"uv": [0, 0, 1, 0.7], "texture": "#2"}
			}
		},
		{
			"from": [-1.5, 4, 7.2],
			"to": [-0.5, 8.9, 7.9],
			"faces": {
				"north": {"uv": [0, 0, 1, 4.9], "texture": "#2"},
				"east": {"uv": [0, 0, 0.7, 4.9], "texture": "#2"},
				"south": {"uv": [0, 0, 1, 4.9], "texture": "#2"},
				"west": {"uv": [0, 0, 0.7, 4.9], "texture": "#2"},
				"up": {"uv": [0, 0, 1, 0.7], "texture": "#2"},
				"down": {"uv": [0, 0, 1, 0.7], "texture": "#2"}
			}
		},
		{
			"from": [-0.4, 4, 7.2],
			"to": [0.6, 8.9, 7.9],
			"faces": {
				"north": {"uv": [0, 0, 1, 4.9], "texture": "#2"},
				"east": {"uv": [0, 0, 0.7, 4.9], "texture": "#2"},
				"south": {"uv": [0, 0, 1, 4.9], "texture": "#2"},
				"west": {"uv": [0, 0, 0.7, 4.9], "texture": "#2"},
				"up": {"uv": [0, 0, 1, 0.7], "texture": "#2"},
				"down": {"uv": [0, 0, 1, 0.7], "texture": "#2"}
			}
		},
		{
			"from": [0.7, 4, 7.2],
			"to": [1.7, 8.9, 7.9],
			"faces": {
				"north": {"uv": [0, 0, 1, 4.9], "texture": "#2"},
				"east": {"uv": [0, 0, 0.7, 4.9], "texture": "#2"},
				"south": {"uv": [0, 0, 1, 4.9], "texture": "#2"},
				"west": {"uv": [0, 0, 0.7, 4.9], "texture": "#2"},
				"up": {"uv": [0, 0, 1, 0.7], "texture": "#2"},
				"down": {"uv": [0, 0, 1, 0.7], "texture": "#2"}
			}
		},
		{
			"from": [1.8, 4, 7.2],
			"to": [2.8, 8.9, 7.9],
			"faces": {
				"north": {"uv": [0, 0, 1, 4.9], "texture": "#2"},
				"east": {"uv": [0, 0, 0.7, 4.9], "texture": "#2"},
				"south": {"uv": [0, 0, 1, 4.9], "texture": "#2"},
				"west": {"uv": [0, 0, 0.7, 4.9], "texture": "#2"},
				"up": {"uv": [0, 0, 1, 0.7], "texture": "#2"},
				"down": {"uv": [0, 0, 1, 0.7], "texture": "#2"}
			}
		},
		{
			"from": [2.9, 4, 7.2],
			"to": [3.9, 8.9, 7.9],
			"faces": {
				"north": {"uv": [0, 0, 1, 4.9], "texture": "#2"},
				"east": {"uv": [0, 0, 0.7, 4.9], "texture": "#2"},
				"south": {"uv": [0, 0, 1, 4.9], "texture": "#2"},
				"west": {"uv": [0, 0, 0.7, 4.9], "texture": "#2"},
				"up": {"uv": [0, 0, 1, 0.7], "texture": "#2"},
				"down": {"uv": [0, 0, 1, 0.7], "texture": "#2"}
			}
		},
		{
			"from": [4, 4, 7.2],
			"to": [5, 8.9, 7.9],
			"faces": {
				"north": {"uv": [0, 0, 1, 4.9], "texture": "#2"},
				"east": {"uv": [0, 0, 0.7, 4.9], "texture": "#2"},
				"south": {"uv": [0, 0, 1, 4.9], "texture": "#2"},
				"west": {"uv": [0, 0, 0.7, 4.9], "texture": "#2"},
				"up": {"uv": [0, 0, 1, 0.7], "texture": "#2"},
				"down": {"uv": [0, 0, 1, 0.7], "texture": "#2"}
			}
		},
		{
			"from": [5.1, 4, 7.2],
			"to": [6.1, 8.9, 7.9],
			"faces": {
				"north": {"uv": [0, 0, 1, 4.9], "texture": "#2"},
				"east": {"uv": [0, 0, 0.7, 4.9], "texture": "#2"},
				"south": {"uv": [0, 0, 1, 4.9], "texture": "#2"},
				"west": {"uv": [0, 0, 0.7, 4.9], "texture": "#2"},
				"up": {"uv": [0, 0, 1, 0.7], "texture": "#2"},
				"down": {"uv": [0, 0, 1, 0.7], "texture": "#2"}
			}
		},
		{
			"from": [6.2, 4, 7.2],
			"to": [7.2, 8.9, 7.9],
			"faces": {
				"north": {"uv": [0, 0, 1, 4.9], "texture": "#2"},
				"east": {"uv": [0, 0, 0.7, 4.9], "texture": "#2"},
				"south": {"uv": [0, 0, 1, 4.9], "texture": "#2"},
				"west": {"uv": [0, 0, 0.7, 4.9], "texture": "#2"},
				"up": {"uv": [0, 0, 1, 0.7], "texture": "#2"},
				"down": {"uv": [0, 0, 1, 0.7], "texture": "#2"}
			}
		},
		{
			"from": [7.3, 4, 7.2],
			"to": [8.3, 8.9, 7.9],
			"faces": {
				"north": {"uv": [0, 0, 1, 4.9], "texture": "#2"},
				"east": {"uv": [0, 0, 0.7, 4.9], "texture": "#2"},
				"south": {"uv": [0, 0, 1, 4.9], "texture": "#2"},
				"west": {"uv": [0, 0, 0.7, 4.9], "texture": "#2"},
				"up": {"uv": [0, 0, 1, 0.7], "texture": "#2"},
				"down": {"uv": [0, 0, 1, 0.7], "texture": "#2"}
			}
		},
		{
			"from": [8.4, 4, 7.2],
			"to": [9.4, 8.9, 7.9],
			"faces": {
				"north": {"uv": [0, 0, 1, 4.9], "texture": "#2"},
				"east": {"uv": [0, 0, 0.7, 4.9], "texture": "#2"},
				"south": {"uv": [0, 0, 1, 4.9], "texture": "#2"},
				"west": {"uv": [0, 0, 0.7, 4.9], "texture": "#2"},
				"up": {"uv": [0, 0, 1, 0.7], "texture": "#2"},
				"down": {"uv": [0, 0, 1, 0.7], "texture": "#2"}
			}
		},
		{
			"from": [9.5, 4, 7.2],
			"to": [10.5, 8.9, 7.9],
			"faces": {
				"north": {"uv": [0, 0, 1, 4.9], "texture": "#2"},
				"east": {"uv": [0, 0, 0.7, 4.9], "texture": "#2"},
				"south": {"uv": [0, 0, 1, 4.9], "texture": "#2"},
				"west": {"uv": [0, 0, 0.7, 4.9], "texture": "#2"},
				"up": {"uv": [0, 0, 1, 0.7], "texture": "#2"},
				"down": {"uv": [0, 0, 1, 0.7], "texture": "#2"}
			}
		},
		{
			"from": [10.6, 4, 7.2],
			"to": [11.6, 8.9, 7.9],
			"faces": {
				"north": {"uv": [0, 0, 1, 4.9], "texture": "#2"},
				"east": {"uv": [0, 0, 0.7, 4.9], "texture": "#2"},
				"south": {"uv": [0, 0, 1, 4.9], "texture": "#2"},
				"west": {"uv": [0, 0, 0.7, 4.9], "texture": "#2"},
				"up": {"uv": [0, 0, 1, 0.7], "texture": "#2"},
				"down": {"uv": [0, 0, 1, 0.7], "texture": "#2"}
			}
		},
		{
			"from": [11.7, 4, 7.2],
			"to": [12.7, 8.9, 7.9],
			"faces": {
				"north": {"uv": [0, 0, 1, 4.9], "texture": "#2"},
				"east": {"uv": [0, 0, 0.7, 4.9], "texture": "#2"},
				"south": {"uv": [0, 0, 1, 4.9], "texture": "#2"},
				"west": {"uv": [0, 0, 0.7, 4.9], "texture": "#2"},
				"up": {"uv": [0, 0, 1, 0.7], "texture": "#2"},
				"down": {"uv": [0, 0, 1, 0.7], "texture": "#2"}
			}
		},
		{
			"from": [-5.2, 4, 7.2],
			"to": [-4.5, 7.6, 8.5],
			"faces": {
				"north": {"uv": [0, 0, 0.7, 3.6], "texture": "#0"},
				"east": {"uv": [0, 0, 1.3, 3.6], "texture": "#0"},
				"south": {"uv": [0, 0, 0.7, 3.6], "texture": "#0"},
				"west": {"uv": [0, 0, 1.3, 3.6], "texture": "#0"},
				"up": {"uv": [0, 0, 0.7, 1.3], "texture": "#0"},
				"down": {"uv": [0, 0, 0.7, 1.3], "texture": "#0"}
			}
		},
		{
			"from": [-4.1, 4, 7.2],
			"to": [-3.4, 7.6, 8.5],
			"faces": {
				"north": {"uv": [0, 0, 0.7, 3.6], "texture": "#0"},
				"east": {"uv": [0, 0, 1.3, 3.6], "texture": "#0"},
				"south": {"uv": [0, 0, 0.7, 3.6], "texture": "#0"},
				"west": {"uv": [0, 0, 1.3, 3.6], "texture": "#0"},
				"up": {"uv": [0, 0, 0.7, 1.3], "texture": "#0"},
				"down": {"uv": [0, 0, 0.7, 1.3], "texture": "#0"}
			}
		},
		{
			"from": [-1.9, 4, 7.2],
			"to": [-1.2, 7.6, 8.5],
			"faces": {
				"north": {"uv": [0, 0, 0.7, 3.6], "texture": "#0"},
				"east": {"uv": [0, 0, 1.3, 3.6], "texture": "#0"},
				"south": {"uv": [0, 0, 0.7, 3.6], "texture": "#0"},
				"west": {"uv": [0, 0, 1.3, 3.6], "texture": "#0"},
				"up": {"uv": [0, 0, 0.7, 1.3], "texture": "#0"},
				"down": {"uv": [0, 0, 0.7, 1.3], "texture": "#0"}
			}
		},
		{
			"from": [-0.8, 4, 7.2],
			"to": [-0.1, 7.6, 8.5],
			"faces": {
				"north": {"uv": [0, 0, 0.7, 3.6], "texture": "#0"},
				"east": {"uv": [0, 0, 1.3, 3.6], "texture": "#0"},
				"south": {"uv": [0, 0, 0.7, 3.6], "texture": "#0"},
				"west": {"uv": [0, 0, 1.3, 3.6], "texture": "#0"},
				"up": {"uv": [0, 0, 0.7, 1.3], "texture": "#0"},
				"down": {"uv": [0, 0, 0.7, 1.3], "texture": "#0"}
			}
		},
		{
			"from": [0.3, 4, 7.2],
			"to": [1, 7.6, 8.5],
			"faces": {
				"north": {"uv": [0, 0, 0.7, 3.6], "texture": "#0"},
				"east": {"uv": [0, 0, 1.3, 3.6], "texture": "#0"},
				"south": {"uv": [0, 0, 0.7, 3.6], "texture": "#0"},
				"west": {"uv": [0, 0, 1.3, 3.6], "texture": "#0"},
				"up": {"uv": [0, 0, 0.7, 1.3], "texture": "#0"},
				"down": {"uv": [0, 0, 0.7, 1.3], "texture": "#0"}
			}
		},
		{
			"from": [2.4, 4, 7.2],
			"to": [3.1, 7.6, 8.5],
			"faces": {
				"north": {"uv": [0, 0, 0.7, 3.6], "texture": "#0"},
				"east": {"uv": [0, 0, 1.3, 3.6], "texture": "#0"},
				"south": {"uv": [0, 0, 0.7, 3.6], "texture": "#0"},
				"west": {"uv": [0, 0, 1.3, 3.6], "texture": "#0"},
				"up": {"uv": [0, 0, 0.7, 1.3], "texture": "#0"},
				"down": {"uv": [0, 0, 0.7, 1.3], "texture": "#0"}
			}
		},
		{
			"from": [3.5, 4, 7.2],
			"to": [4.2, 7.6, 8.5],
			"faces": {
				"north": {"uv": [0, 0, 0.7, 3.6], "texture": "#0"},
				"east": {"uv": [0, 0, 1.3, 3.6], "texture": "#0"},
				"south": {"uv": [0, 0, 0.7, 3.6], "texture": "#0"},
				"west": {"uv": [0, 0, 1.3, 3.6], "texture": "#0"},
				"up": {"uv": [0, 0, 0.7, 1.3], "texture": "#0"},
				"down": {"uv": [0, 0, 0.7, 1.3], "texture": "#0"}
			}
		},
		{
			"from": [5.7, 4, 7.2],
			"to": [6.4, 7.6, 8.5],
			"faces": {
				"north": {"uv": [0, 0, 0.7, 3.6], "texture": "#0"},
				"east": {"uv": [0, 0, 1.3, 3.6], "texture": "#0"},
				"south": {"uv": [0, 0, 0.7, 3.6], "texture": "#0"},
				"west": {"uv": [0, 0, 1.3, 3.6], "texture": "#0"},
				"up": {"uv": [0, 0, 0.7, 1.3], "texture": "#0"},
				"down": {"uv": [0, 0, 0.7, 1.3], "texture": "#0"}
			}
		},
		{
			"from": [6.8, 4, 7.2],
			"to": [7.5, 7.6, 8.5],
			"faces": {
				"north": {"uv": [0, 0, 0.7, 3.6], "texture": "#0"},
				"east": {"uv": [0, 0, 1.3, 3.6], "texture": "#0"},
				"south": {"uv": [0, 0, 0.7, 3.6], "texture": "#0"},
				"west": {"uv": [0, 0, 1.3, 3.6], "texture": "#0"},
				"up": {"uv": [0, 0, 0.7, 1.3], "texture": "#0"},
				"down": {"uv": [0, 0, 0.7, 1.3], "texture": "#0"}
			}
		},
		{
			"from": [7.9, 4, 7.2],
			"to": [8.6, 7.6, 8.5],
			"faces": {
				"north": {"uv": [0, 0, 0.7, 3.6], "texture": "#0"},
				"east": {"uv": [0, 0, 1.3, 3.6], "texture": "#0"},
				"south": {"uv": [0, 0, 0.7, 3.6], "texture": "#0"},
				"west": {"uv": [0, 0, 1.3, 3.6], "texture": "#0"},
				"up": {"uv": [0, 0, 0.7, 1.3], "texture": "#0"},
				"down": {"uv": [0, 0, 0.7, 1.3], "texture": "#0"}
			}
		},
		{
			"from": [10.2, 4, 7.2],
			"to": [10.9, 7.6, 8.5],
			"faces": {
				"north": {"uv": [0, 0, 0.7, 3.6], "texture": "#0"},
				"east": {"uv": [0, 0, 1.3, 3.6], "texture": "#0"},
				"south": {"uv": [0, 0, 0.7, 3.6], "texture": "#0"},
				"west": {"uv": [0, 0, 1.3, 3.6], "texture": "#0"},
				"up": {"uv": [0, 0, 0.7, 1.3], "texture": "#0"},
				"down": {"uv": [0, 0, 0.7, 1.3], "texture": "#0"}
			}
		},
		{
			"from": [11.3, 4, 7.2],
			"to": [12, 7.6, 8.5],
			"faces": {
				"north": {"uv": [0, 0, 0.7, 3.6], "texture": "#0"},
				"east": {"uv": [0, 0, 1.3, 3.6], "texture": "#0"},
				"south": {"uv": [0, 0, 0.7, 3.6], "texture": "#0"},
				"west": {"uv": [0, 0, 1.3, 3.6], "texture": "#0"},
				"up": {"uv": [0, 0, 0.7, 1.3], "texture": "#0"},
				"down": {"uv": [0, 0, 0.7, 1.3], "texture": "#0"}
			}
		},
		{
			"from": [7.9, 1, 7.425],
			"to": [10.2, 3.4, 7.825],
			"faces": {
				"north": {"uv": [0, 0, 3, 2.5], "texture": "#1"},
				"east": {"uv": [0, 0, 1, 2.5], "texture": "#1"},
				"south": {"uv": [0, 0, 15.999, 15.499], "texture": "#3"},
				"west": {"uv": [0, 0, 1, 2.5], "texture": "#1"},
				"up": {"uv": [0, 0, 3, 1], "texture": "#1"},
				"down": {"uv": [0, 0, 3, 1], "texture": "#1"}
			}
		},
		{
			"from": [1.5, 1, 7.2],
			"to": [2.1, 2.5, 8.2],
			"faces": {
				"north": {"uv": [0, 0, 0.6, 1.5], "texture": "#0"},
				"east": {"uv": [0, 0, 1, 1.5], "texture": "#0"},
				"south": {"uv": [0, 0, 0.6, 1.5], "texture": "#0"},
				"west": {"uv": [0, 0, 1, 1.5], "texture": "#0"},
				"up": {"uv": [0, 0, 0.6, 1], "texture": "#0"},
				"down": {"uv": [0, 0, 0.6, 1], "texture": "#0"}
			}
		},
		{
			"from": [1.5, 1.2, 7.3],
			"to": [2.1, 2.3, 8.3],
			"faces": {
				"north": {"uv": [0, 0, 0.6, 1.1], "texture": "#0"},
				"east": {"uv": [0, 0, 1, 1.1], "texture": "#0"},
				"south": {"uv": [0, 0, 0.6, 1.1], "texture": "#0"},
				"west": {"uv": [0, 0, 1, 1.1], "texture": "#0"},
				"up": {"uv": [0, 0, 0.6, 1], "texture": "#0"},
				"down": {"uv": [0, 0, 0.6, 1], "texture": "#0"}
			}
		},
		{
			"from": [1.5, 1.5, 7.3],
			"to": [2.1, 1.9, 8.6],
			"faces": {
				"north": {"uv": [0, 0, 0.6, 0.4], "texture": "#0"},
				"east": {"uv": [0, 0, 1.3, 0.4], "texture": "#0"},
				"south": {"uv": [0, 0, 0.6, 0.4], "texture": "#0"},
				"west": {"uv": [0, 0, 1.3, 0.4], "texture": "#0"},
				"up": {"uv": [0, 0, 0.6, 1.3], "texture": "#0"},
				"down": {"uv": [0, 0, 0.6, 1.3], "texture": "#0"}
			}
		},
		{
			"from": [2.5, 1, 7.2],
			"to": [3.1, 2.5, 8.2],
			"faces": {
				"north": {"uv": [0, 0, 0.6, 1.5], "texture": "#0"},
				"east": {"uv": [0, 0, 1, 1.5], "texture": "#0"},
				"south": {"uv": [0, 0, 0.6, 1.5], "texture": "#0"},
				"west": {"uv": [0, 0, 1, 1.5], "texture": "#0"},
				"up": {"uv": [0, 0, 0.6, 1], "texture": "#0"},
				"down": {"uv": [0, 0, 0.6, 1], "texture": "#0"}
			}
		},
		{
			"from": [2.5, 1.2, 7.3],
			"to": [3.1, 2.3, 8.3],
			"faces": {
				"north": {"uv": [0, 0, 0.6, 1.1], "texture": "#0"},
				"east": {"uv": [0, 0, 1, 1.1], "texture": "#0"},
				"south": {"uv": [0, 0, 0.6, 1.1], "texture": "#0"},
				"west": {"uv": [0, 0, 1, 1.1], "texture": "#0"},
				"up": {"uv": [0, 0, 0.6, 1], "texture": "#0"},
				"down": {"uv": [0, 0, 0.6, 1], "texture": "#0"}
			}
		},
		{
			"from": [2.5, 1.5, 7.3],
			"to": [3.1, 1.9, 8.6],
			"faces": {
				"north": {"uv": [0, 0, 0.6, 0.4], "texture": "#0"},
				"east": {"uv": [0, 0, 1.3, 0.4], "texture": "#0"},
				"south": {"uv": [0, 0, 0.6, 0.4], "texture": "#0"},
				"west": {"uv": [0, 0, 1.3, 0.4], "texture": "#0"},
				"up": {"uv": [0, 0, 0.6, 1.3], "texture": "#0"},
				"down": {"uv": [0, 0, 0.6, 1.3], "texture": "#0"}
			}
		},
		{
			"from": [3.5, 1, 7.2],
			"to": [4.1, 2.5, 8.2],
			"faces": {
				"north": {"uv": [0, 0, 0.6, 1.5], "texture": "#0"},
				"east": {"uv": [0, 0, 1, 1.5], "texture": "#0"},
				"south": {"uv": [0, 0, 0.6, 1.5], "texture": "#0"},
				"west": {"uv": [0, 0, 1, 1.5], "texture": "#0"},
				"up": {"uv": [0, 0, 0.6, 1], "texture": "#0"},
				"down": {"uv": [0, 0, 0.6, 1], "texture": "#0"}
			}
		},
		{
			"from": [3.5, 1.2, 7.3],
			"to": [4.1, 2.3, 8.3],
			"faces": {
				"north": {"uv": [0, 0, 0.6, 1.1], "texture": "#0"},
				"east": {"uv": [0, 0, 1, 1.1], "texture": "#0"},
				"south": {"uv": [0, 0, 0.6, 1.1], "texture": "#0"},
				"west": {"uv": [0, 0, 1, 1.1], "texture": "#0"},
				"up": {"uv": [0, 0, 0.6, 1], "texture": "#0"},
				"down": {"uv": [0, 0, 0.6, 1], "texture": "#0"}
			}
		},
		{
			"from": [3.5, 1.5, 7.3],
			"to": [4.1, 1.9, 8.6],
			"faces": {
				"north": {"uv": [0, 0, 0.6, 0.4], "texture": "#0"},
				"east": {"uv": [0, 0, 1.3, 0.4], "texture": "#0"},
				"south": {"uv": [0, 0, 0.6, 0.4], "texture": "#0"},
				"west": {"uv": [0, 0, 1.3, 0.4], "texture": "#0"},
				"up": {"uv": [0, 0, 0.6, 1.3], "texture": "#0"},
				"down": {"uv": [0, 0, 0.6, 1.3], "texture": "#0"}
			}
		},
		{
			"from": [4.5, 1, 7.2],
			"to": [5.1, 2.5, 8.2],
			"faces": {
				"north": {"uv": [0, 0, 0.6, 1.5], "texture": "#0"},
				"east": {"uv": [0, 0, 1, 1.5], "texture": "#0"},
				"south": {"uv": [0, 0, 0.6, 1.5], "texture": "#0"},
				"west": {"uv": [0, 0, 1, 1.5], "texture": "#0"},
				"up": {"uv": [0, 0, 0.6, 1], "texture": "#0"},
				"down": {"uv": [0, 0, 0.6, 1], "texture": "#0"}
			}
		},
		{
			"from": [4.5, 1.2, 7.3],
			"to": [5.1, 2.3, 8.3],
			"faces": {
				"north": {"uv": [0, 0, 0.6, 1.1], "texture": "#0"},
				"east": {"uv": [0, 0, 1, 1.1], "texture": "#0"},
				"south": {"uv": [0, 0, 0.6, 1.1], "texture": "#0"},
				"west": {"uv": [0, 0, 1, 1.1], "texture": "#0"},
				"up": {"uv": [0, 0, 0.6, 1], "texture": "#0"},
				"down": {"uv": [0, 0, 0.6, 1], "texture": "#0"}
			}
		},
		{
			"from": [4.5, 1.5, 7.3],
			"to": [5.1, 1.9, 8.6],
			"faces": {
				"north": {"uv": [0, 0, 0.6, 0.4], "texture": "#0"},
				"east": {"uv": [0, 0, 1.3, 0.4], "texture": "#0"},
				"south": {"uv": [0, 0, 0.6, 0.4], "texture": "#0"},
				"west": {"uv": [0, 0, 1.3, 0.4], "texture": "#0"},
				"up": {"uv": [0, 0, 0.6, 1.3], "texture": "#0"},
				"down": {"uv": [0, 0, 0.6, 1.3], "texture": "#0"}
			}
		},
		{
			"from": [-1, 0, 7],
			"to": [7, 2, 8],
			"faces": {
				"north": {"uv": [0, 0, 8, 2], "texture": "#1"},
				"east": {"uv": [0, 0, 1, 2], "texture": "#1"},
				"south": {"uv": [0, 0, 8, 2], "texture": "#1"},
				"west": {"uv": [0, 0, 1, 2], "texture": "#1"},
				"up": {"uv": [0, 0, 8, 1], "texture": "#1"},
				"down": {"uv": [0, 0, 8, 1], "texture": "#1"}
			}
		},
		{
			"from": [7, 0, 7],
			"to": [13, 1, 8],
			"faces": {
				"north": {"uv": [0, 0, 6, 1], "texture": "#1"},
				"east": {"uv": [0, 0, 1, 1], "texture": "#1"},
				"south": {"uv": [0, 0, 6, 1], "texture": "#1"},
				"west": {"uv": [0, 0, 1, 1], "texture": "#1"},
				"up": {"uv": [0, 0, 6, 1], "texture": "#1"},
				"down": {"uv": [0, 0, 6, 1], "texture": "#1"}
			}
		},
		{
			"from": [-7, 1, 7],
			"to": [8, 4, 8],
			"faces": {
				"north": {"uv": [0, 0, 15, 3], "texture": "#1"},
				"east": {"uv": [0, 0, 1, 3], "texture": "#1"},
				"south": {"uv": [0, 0, 15, 3], "texture": "#1"},
				"west": {"uv": [0, 0, 1, 3], "texture": "#1"},
				"up": {"uv": [0, 0, 15, 1], "texture": "#1"},
				"down": {"uv": [0, 0, 15, 1], "texture": "#1"}
			}
		},
		{
			"from": [8, 3, 7],
			"to": [10, 4, 8],
			"faces": {
				"north": {"uv": [0, 0, 2, 1], "texture": "#1"},
				"east": {"uv": [0, 0, 1, 1], "texture": "#1"},
				"south": {"uv": [0, 0, 2, 1], "texture": "#1"},
				"west": {"uv": [0, 0, 1, 1], "texture": "#1"},
				"up": {"uv": [0, 0, 2, 1], "texture": "#1"},
				"down": {"uv": [0, 0, 2, 1], "texture": "#1"}
			}
		},
		{
			"from": [8, 1, 7],
			"to": [10, 3, 7.8],
			"faces": {
				"north": {"uv": [0, 0, 2, 2], "texture": "#1"},
				"east": {"uv": [0, 0, 0.8, 2], "texture": "#1"},
				"south": {"uv": [0, 0, 2, 2], "texture": "#0"},
				"west": {"uv": [0, 0, 0.8, 2], "texture": "#1"},
				"up": {"uv": [0, 0, 2, 0.8], "texture": "#1"},
				"down": {"uv": [0, 0, 2, 0.8], "texture": "#1"}
			}
		},
		{
			"from": [8, 1, 7.2],
			"to": [10, 3, 8],
			"faces": {
				"north": {"uv": [0, 0, 2, 2], "texture": "#1"},
				"east": {"uv": [0, 0, 0.8, 2], "texture": "#1"},
				"south": {"uv": [0, 0, 2, 2], "texture": "#4"},
				"west": {"uv": [0, 0, 0.8, 2], "texture": "#1"},
				"up": {"uv": [0, 0, 2, 0.8], "texture": "#1"},
				"down": {"uv": [0, 0, 2, 0.8], "texture": "#1"}
			}
		},
		{
			"from": [6.6, 1.5, 7.3],
			"to": [7.2, 1.9, 8.5],
			"faces": {
				"north": {"uv": [0, 0, 0.6, 0.4], "texture": "#0"},
				"east": {"uv": [0, 0, 1.2, 0.4], "texture": "#0"},
				"south": {"uv": [0, 0, 0.6, 0.4], "texture": "#0"},
				"west": {"uv": [0, 0, 1.2, 0.4], "texture": "#0"},
				"up": {"uv": [0, 0, 0.6, 1.2], "texture": "#0"},
				"down": {"uv": [0, 0, 0.6, 1.2], "texture": "#0"}
			}
		},
		{
			"from": [6.7, 1.4, 7.3],
			"to": [7.1, 2, 8.5],
			"faces": {
				"north": {"uv": [0, 0, 0.4, 0.6], "texture": "#0"},
				"east": {"uv": [0, 0, 1.2, 0.6], "texture": "#0"},
				"south": {"uv": [0, 0, 0.4, 0.6], "texture": "#0"},
				"west": {"uv": [0, 0, 1.2, 0.6], "texture": "#0"},
				"up": {"uv": [0, 0, 0.4, 1.2], "texture": "#0"},
				"down": {"uv": [0, 0, 0.4, 1.2], "texture": "#0"}
			}
		},
		{
			"from": [6.725, 1.45, 8.5],
			"to": [7.05, 1.95, 8.8],
			"faces": {
				"north": {"uv": [0, 0, 0.325, 0.5], "texture": "#0"},
				"east": {"uv": [0, 0, 0.3, 0.5], "texture": "#0"},
				"south": {"uv": [0, 0, 0.325, 0.5], "texture": "#0"},
				"west": {"uv": [0, 0, 0.3, 0.5], "texture": "#0"},
				"up": {"uv": [0, 0, 0.325, 0.3], "texture": "#0"},
				"down": {"uv": [0, 0, 0.325, 0.3], "texture": "#0"}
			}
		},
		{
			"from": [6.625, 1.55, 8.5],
			"to": [7.15, 1.85, 8.8],
			"faces": {
				"north": {"uv": [0, 0, 0.525, 0.3], "texture": "#0"},
				"east": {"uv": [0, 0, 0.3, 0.3], "texture": "#0"},
				"south": {"uv": [0, 0, 0.525, 0.3], "texture": "#0"},
				"west": {"uv": [0, 0, 0.3, 0.3], "texture": "#0"},
				"up": {"uv": [0, 0, 0.525, 0.3], "texture": "#0"},
				"down": {"uv": [0, 0, 0.525, 0.3], "texture": "#0"}
			}
		},
		{
			"from": [6.7, 2.4, 7.3],
			"to": [7.1, 3, 8.5],
			"faces": {
				"north": {"uv": [0, 0, 0.4, 0.6], "texture": "#0"},
				"east": {"uv": [0, 0, 1.2, 0.6], "texture": "#0"},
				"south": {"uv": [0, 0, 0.4, 0.6], "texture": "#0"},
				"west": {"uv": [0, 0, 1.2, 0.6], "texture": "#0"},
				"up": {"uv": [0, 0, 0.4, 1.2], "texture": "#0"},
				"down": {"uv": [0, 0, 0.4, 1.2], "texture": "#0"}
			}
		},
		{
			"from": [6.6, 2.5, 7.3],
			"to": [7.2, 2.9, 8.5],
			"faces": {
				"north": {"uv": [0, 0, 0.6, 0.4], "texture": "#0"},
				"east": {"uv": [0, 0, 1.2, 0.4], "texture": "#0"},
				"south": {"uv": [0, 0, 0.6, 0.4], "texture": "#0"},
				"west": {"uv": [0, 0, 1.2, 0.4], "texture": "#0"},
				"up": {"uv": [0, 0, 0.6, 1.2], "texture": "#0"},
				"down": {"uv": [0, 0, 0.6, 1.2], "texture": "#0"}
			}
		},
		{
			"from": [6.725, 2.45, 8.5],
			"to": [7.05, 2.95, 8.8],
			"faces": {
				"north": {"uv": [0, 0, 0.325, 0.5], "texture": "#0"},
				"east": {"uv": [0, 0, 0.3, 0.5], "texture": "#0"},
				"south": {"uv": [0, 0, 0.325, 0.5], "texture": "#0"},
				"west": {"uv": [0, 0, 0.3, 0.5], "texture": "#0"},
				"up": {"uv": [0, 0, 0.325, 0.3], "texture": "#0"},
				"down": {"uv": [0, 0, 0.325, 0.3], "texture": "#0"}
			}
		},
		{
			"from": [6.625, 2.55, 8.5],
			"to": [7.15, 2.85, 8.8],
			"faces": {
				"north": {"uv": [0, 0, 0.525, 0.3], "texture": "#0"},
				"east": {"uv": [0, 0, 0.3, 0.3], "texture": "#0"},
				"south": {"uv": [0, 0, 0.525, 0.3], "texture": "#0"},
				"west": {"uv": [0, 0, 0.3, 0.3], "texture": "#0"},
				"up": {"uv": [0, 0, 0.525, 0.3], "texture": "#0"},
				"down": {"uv": [0, 0, 0.525, 0.3], "texture": "#0"}
			}
		},
		{
			"from": [10.6, 1.5, 7.3],
			"to": [11.2, 1.9, 8.5],
			"faces": {
				"north": {"uv": [0, 0, 0.6, 0.4], "texture": "#0"},
				"east": {"uv": [0, 0, 1.2, 0.4], "texture": "#0"},
				"south": {"uv": [0, 0, 0.6, 0.4], "texture": "#0"},
				"west": {"uv": [0, 0, 1.2, 0.4], "texture": "#0"},
				"up": {"uv": [0, 0, 0.6, 1.2], "texture": "#0"},
				"down": {"uv": [0, 0, 0.6, 1.2], "texture": "#0"}
			}
		},
		{
			"from": [10.625, 1.55, 8.5],
			"to": [11.15, 1.85, 8.8],
			"faces": {
				"north": {"uv": [0, 0, 0.525, 0.3], "texture": "#0"},
				"east": {"uv": [0, 0, 0.3, 0.3], "texture": "#0"},
				"south": {"uv": [0, 0, 0.525, 0.3], "texture": "#0"},
				"west": {"uv": [0, 0, 0.3, 0.3], "texture": "#0"},
				"up": {"uv": [0, 0, 0.525, 0.3], "texture": "#0"},
				"down": {"uv": [0, 0, 0.525, 0.3], "texture": "#0"}
			}
		},
		{
			"from": [10.725, 1.45, 8.5],
			"to": [11.05, 1.95, 8.8],
			"faces": {
				"north": {"uv": [0, 0, 0.325, 0.5], "texture": "#0"},
				"east": {"uv": [0, 0, 0.3, 0.5], "texture": "#0"},
				"south": {"uv": [0, 0, 0.325, 0.5], "texture": "#0"},
				"west": {"uv": [0, 0, 0.3, 0.5], "texture": "#0"},
				"up": {"uv": [0, 0, 0.325, 0.3], "texture": "#0"},
				"down": {"uv": [0, 0, 0.325, 0.3], "texture": "#0"}
			}
		},
		{
			"from": [10.7, 1.4, 7.3],
			"to": [11.1, 2, 8.5],
			"faces": {
				"north": {"uv": [0, 0, 0.4, 0.6], "texture": "#0"},
				"east": {"uv": [0, 0, 1.2, 0.6], "texture": "#0"},
				"south": {"uv": [0, 0, 0.4, 0.6], "texture": "#0"},
				"west": {"uv": [0, 0, 1.2, 0.6], "texture": "#0"},
				"up": {"uv": [0, 0, 0.4, 1.2], "texture": "#0"},
				"down": {"uv": [0, 0, 0.4, 1.2], "texture": "#0"}
			}
		},
		{
			"from": [10.7, 2.4, 7.3],
			"to": [11.1, 3, 8.5],
			"faces": {
				"north": {"uv": [0, 0, 0.4, 0.6], "texture": "#0"},
				"east": {"uv": [0, 0, 1.2, 0.6], "texture": "#0"},
				"south": {"uv": [0, 0, 0.4, 0.6], "texture": "#0"},
				"west": {"uv": [0, 0, 1.2, 0.6], "texture": "#0"},
				"up": {"uv": [0, 0, 0.4, 1.2], "texture": "#0"},
				"down": {"uv": [0, 0, 0.4, 1.2], "texture": "#0"}
			}
		},
		{
			"from": [10.6, 2.5, 7.3],
			"to": [11.2, 2.9, 8.5],
			"faces": {
				"north": {"uv": [0, 0, 0.6, 0.4], "texture": "#0"},
				"east": {"uv": [0, 0, 1.2, 0.4], "texture": "#0"},
				"south": {"uv": [0, 0, 0.6, 0.4], "texture": "#0"},
				"west": {"uv": [0, 0, 1.2, 0.4], "texture": "#0"},
				"up": {"uv": [0, 0, 0.6, 1.2], "texture": "#0"},
				"down": {"uv": [0, 0, 0.6, 1.2], "texture": "#0"}
			}
		},
		{
			"from": [10.725, 2.45, 8.5],
			"to": [11.05, 2.95, 8.8],
			"faces": {
				"north": {"uv": [0, 0, 0.325, 0.5], "texture": "#0"},
				"east": {"uv": [0, 0, 0.3, 0.5], "texture": "#0"},
				"south": {"uv": [0, 0, 0.325, 0.5], "texture": "#0"},
				"west": {"uv": [0, 0, 0.3, 0.5], "texture": "#0"},
				"up": {"uv": [0, 0, 0.325, 0.3], "texture": "#0"},
				"down": {"uv": [0, 0, 0.325, 0.3], "texture": "#0"}
			}
		},
		{
			"from": [10.625, 2.55, 8.5],
			"to": [11.15, 2.85, 8.8],
			"faces": {
				"north": {"uv": [0, 0, 0.525, 0.3], "texture": "#0"},
				"east": {"uv": [0, 0, 0.3, 0.3], "texture": "#0"},
				"south": {"uv": [0, 0, 0.525, 0.3], "texture": "#0"},
				"west": {"uv": [0, 0, 0.3, 0.3], "texture": "#0"},
				"up": {"uv": [0, 0, 0.525, 0.3], "texture": "#0"},
				"down": {"uv": [0, 0, 0.525, 0.3], "texture": "#0"}
			}
		},
		{
			"from": [0.8, 0.5, 7.2],
			"to": [8, 3.5, 8.1],
			"faces": {
				"north": {"uv": [0, 0, 7.2, 3], "texture": "#5"},
				"east": {"uv": [0, 0, 0.9, 3], "texture": "#5"},
				"south": {"uv": [0, 0, 7.2, 3], "texture": "#5"},
				"west": {"uv": [0, 0, 0.9, 3], "texture": "#5"},
				"up": {"uv": [0, 0, 7.2, 0.9], "texture": "#5"},
				"down": {"uv": [0, 0, 7.2, 0.9], "texture": "#5"}
			}
		},
		{
			"from": [10, 0.5, 7.7],
			"to": [12, 3.5, 8.1],
			"faces": {
				"north": {"uv": [0, 0, 2, 3], "texture": "#5"},
				"east": {"uv": [0, 0, 0.4, 3], "texture": "#5"},
				"south": {"uv": [0, 0, 2, 3], "texture": "#5"},
				"west": {"uv": [0, 0, 0.4, 3], "texture": "#5"},
				"up": {"uv": [0, 0, 2, 0.4], "texture": "#5"},
				"down": {"uv": [0, 0, 2, 0.4], "texture": "#5"}
			}
		},
		{
			"from": [7.8, 3, 7.7],
			"to": [10, 3.5, 8.1],
			"faces": {
				"north": {"uv": [0, 0, 2.2, 0.5], "texture": "#5"},
				"east": {"uv": [0, 0, 0.4, 0.5], "texture": "#5"},
				"south": {"uv": [0, 0, 2.2, 0.5], "texture": "#5"},
				"west": {"uv": [0, 0, 0.4, 0.5], "texture": "#5"},
				"up": {"uv": [0, 0, 2.2, 0.4], "texture": "#5"},
				"down": {"uv": [0, 0, 2.2, 0.4], "texture": "#5"}
			}
		},
		{
			"from": [7.8, 0.5, 7.2],
			"to": [10, 1, 8.1],
			"faces": {
				"north": {"uv": [0, 0, 2.2, 0.5], "texture": "#5"},
				"east": {"uv": [0, 0, 0.9, 0.5], "texture": "#5"},
				"south": {"uv": [0, 0, 2.2, 0.5], "texture": "#5"},
				"west": {"uv": [0, 0, 0.9, 0.5], "texture": "#5"},
				"up": {"uv": [0, 0, 2.2, 0.9], "texture": "#5"},
				"down": {"uv": [0, 0, 2.2, 0.9], "texture": "#5"}
			}
		},
		{
			"from": [18, 6.5, 7],
			"to": [19.7, 7, 8],
			"faces": {
				"north": {"uv": [0, 0, 1.7, 0.5], "texture": "#1"},
				"east": {"uv": [0, 0, 1, 0.5], "texture": "#1"},
				"south": {"uv": [0, 0, 1.7, 0.5], "texture": "#1"},
				"west": {"uv": [0, 0, 1, 0.5], "texture": "#1"},
				"up": {"uv": [0, 0, 1.7, 1], "texture": "#1"},
				"down": {"uv": [0, 0, 1.7, 1], "texture": "#1"}
			}
		},
		{
			"from": [15, 5.5, 7],
			"to": [16.4, 6, 8],
			"faces": {
				"north": {"uv": [0, 0, 1.4, 0.5], "texture": "#1"},
				"east": {"uv": [0, 0, 1, 0.5], "texture": "#1"},
				"south": {"uv": [0, 0, 1.4, 0.5], "texture": "#1"},
				"west": {"uv": [0, 0, 1, 0.5], "texture": "#1"},
				"up": {"uv": [0, 0, 1.4, 1], "texture": "#1"},
				"down": {"uv": [0, 0, 1.4, 1], "texture": "#1"}
			}
		},
		{
			"from": [14, 4.5, 7],
			"to": [14.5, 5, 8],
			"faces": {
				"north": {"uv": [0, 0, 0.5, 0.5], "texture": "#1"},
				"east": {"uv": [0, 0, 1, 0.5], "texture": "#1"},
				"south": {"uv": [0, 0, 0.5, 0.5], "texture": "#1"},
				"west": {"uv": [0, 0, 1, 0.5], "texture": "#1"},
				"up": {"uv": [0, 0, 0.5, 1], "texture": "#1"},
				"down": {"uv": [0, 0, 0.5, 1], "texture": "#1"}
			}
		},
		{
			"from": [14, 3, 7],
			"to": [14.5, 3.5, 8],
			"faces": {
				"north": {"uv": [0, 0, 0.5, 0.5], "texture": "#1"},
				"east": {"uv": [0, 0, 1, 0.5], "texture": "#1"},
				"south": {"uv": [0, 0, 0.5, 0.5], "texture": "#1"},
				"west": {"uv": [0, 0, 1, 0.5], "texture": "#1"},
				"up": {"uv": [0, 0, 0.5, 1], "texture": "#1"},
				"down": {"uv": [0, 0, 0.5, 1], "texture": "#1"}
			}
		},
		{
			"from": [15, 2, 7],
			"to": [15.8, 2.5, 8],
			"faces": {
				"north": {"uv": [0, 0, 0.8, 0.5], "texture": "#1"},
				"east": {"uv": [0, 0, 1, 0.5], "texture": "#1"},
				"south": {"uv": [0, 0, 0.8, 0.5], "texture": "#1"},
				"west": {"uv": [0, 0, 1, 0.5], "texture": "#1"},
				"up": {"uv": [0, 0, 0.8, 1], "texture": "#1"},
				"down": {"uv": [0, 0, 0.8, 1], "texture": "#1"}
			}
		},
		{
			"from": [13, 0.5, 7],
			"to": [14.5, 1, 8],
			"faces": {
				"north": {"uv": [0, 0, 1.5, 0.5], "texture": "#1"},
				"east": {"uv": [0, 0, 1, 0.5], "texture": "#1"},
				"south": {"uv": [0, 0, 1.5, 0.5], "texture": "#1"},
				"west": {"uv": [0, 0, 1, 0.5], "texture": "#1"},
				"up": {"uv": [0, 0, 1.5, 1], "texture": "#1"},
				"down": {"uv": [0, 0, 1.5, 1], "texture": "#1"}
			}
		},
		{
			"from": [-4.5, 0.5, 7],
			"to": [-1, 1, 8],
			"faces": {
				"north": {"uv": [0, 0, 3.5, 0.5], "texture": "#1"},
				"east": {"uv": [0, 0, 1, 0.5], "texture": "#1"},
				"south": {"uv": [0, 0, 3.5, 0.5], "texture": "#1"},
				"west": {"uv": [0, 0, 1, 0.5], "texture": "#1"},
				"up": {"uv": [0, 0, 3.5, 1], "texture": "#1"},
				"down": {"uv": [0, 0, 3.5, 1], "texture": "#1"}
			}
		},
		{
			"from": [-8.5, 1.5, 7],
			"to": [-8, 2, 8],
			"faces": {
				"north": {"uv": [0, 0, 0.5, 0.5], "texture": "#1"},
				"east": {"uv": [0, 0, 1, 0.5], "texture": "#1"},
				"south": {"uv": [0, 0, 0.5, 0.5], "texture": "#1"},
				"west": {"uv": [0, 0, 1, 0.5], "texture": "#1"},
				"up": {"uv": [0, 0, 0.5, 1], "texture": "#1"},
				"down": {"uv": [0, 0, 0.5, 1], "texture": "#1"}
			}
		},
		{
			"from": [-8.5, 6, 7],
			"to": [-8, 6.5, 8],
			"faces": {
				"north": {"uv": [0, 0, 0.5, 0.5], "texture": "#1"},
				"east": {"uv": [0, 0, 1, 0.5], "texture": "#1"},
				"south": {"uv": [0, 0, 0.5, 0.5], "texture": "#1"},
				"west": {"uv": [0, 0, 1, 0.5], "texture": "#1"},
				"up": {"uv": [0, 0, 0.5, 1], "texture": "#1"},
				"down": {"uv": [0, 0, 0.5, 1], "texture": "#1"}
			}
		},
		{
			"from": [-7.5, 8, 7],
			"to": [-7, 8.5, 8],
			"faces": {
				"north": {"uv": [0, 0, 0.5, 0.5], "texture": "#1"},
				"east": {"uv": [0, 0, 1, 0.5], "texture": "#1"},
				"south": {"uv": [0, 0, 0.5, 0.5], "texture": "#1"},
				"west": {"uv": [0, 0, 1, 0.5], "texture": "#1"},
				"up": {"uv": [0, 0, 0.5, 1], "texture": "#1"},
				"down": {"uv": [0, 0, 0.5, 1], "texture": "#1"}
			}
		},
		{
			"from": [7.8, 0.5, 7.3],
			"to": [10, 3.1, 7.3],
			"faces": {
				"north": {"uv": [0, 0, 2.2, 2.6], "texture": "#5"},
				"east": {"uv": [0, 0, 0, 2.6], "texture": "#5"},
				"south": {"uv": [0, 0, 2.2, 2.6], "texture": "#5"},
				"west": {"uv": [0, 0, 0, 2.6], "texture": "#5"},
				"up": {"uv": [0, 0, 2.2, 0], "texture": "#5"},
				"down": {"uv": [0, 0, 2.2, 0], "texture": "#5"}
			}
		},
		{
			"from": [0.8, 0.5, 7.7],
			"to": [8, 3.5, 8.1],
			"faces": {
				"north": {"uv": [0, 0, 7.2, 3], "texture": "#5"},
				"east": {"uv": [0, 0, 0.4, 3], "texture": "#5"},
				"south": {"uv": [0, 0, 7.2, 3], "texture": "#5"},
				"west": {"uv": [0, 0, 0.4, 3], "texture": "#5"},
				"up": {"uv": [0, 0, 7.2, 0.4], "texture": "#5"},
				"down": {"uv": [0, 0, 7.2, 0.4], "texture": "#5"}
			}
		}
	],
	"display": {
		"thirdperson_righthand": {
			"rotation": [-90, 90, 0],
			"translation": [0.75, 6.25, 2.25],
			"scale": [0.67, 0.68, 0.68]
		},
		"thirdperson_lefthand": {
			"rotation": [-90, 90, 0],
			"translation": [0.75, 6.25, 2.25],
			"scale": [-0.68, 0.68, 0.68]
		},
		"firstperson_righthand": {
			"rotation": [-99, -96, 180],
			"translation": [-4, 7, 5.75],
			"scale": [0.25, -0.25, 0.25]
		},
		"firstperson_lefthand": {
			"rotation": [-99, -96, 180],
			"translation": [-4, 7, 5.75],
			"scale": [-0.25, -0.25, 0.25]
		},
		"ground": {
			"scale": [0.37, 0.37, 0.37]
		},
		"gui": {
			"rotation": [51, 46, 0],
			"translation": [1, 1.5, 0],
			"scale": [0.68, 0.68, 0.68]
		},
		"fixed": {
			"translation": [0, 1.75, -2.75],
			"scale": [1, 1, -1]
		}
	}
}