{
	"credit": "Made by MrVECKER (vk.com/vecker)",
	"textures": {
		"0": "revolver/anvil",
		"1": "revolver/brown_terracotta",
		"3": "revolver/stone",
		"particle": "revolver/anvil"
	},
	"elements": [
		{
			"from": [8.1, 6.35, 2.1],
			"to": [8.3, 6.5, 2.35],
			"faces": {
				"north": {"uv": [7.7, 9.5, 7.9, 9.65], "texture": "#0"},
				"east": {"uv": [13.9, 9.65, 13.65, 9.5], "texture": "#0"},
				"south": {"uv": [8.1, 9.5, 8.3, 9.65], "texture": "#0"},
				"west": {"uv": [2.1, 9.5, 2.35, 9.65], "texture": "#0"},
				"up": {"uv": [8.1, 2.1, 8.3, 2.35], "texture": "#0"},
				"down": {"uv": [8.1, 13.65, 8.3, 13.9], "texture": "#0"}
			}
		},
		{
			"from": [8.1, 6.35, 2.1],
			"to": [8.3, 6.45, 3],
			"faces": {
				"north": {"uv": [7.7, 9.55, 7.9, 9.65], "texture": "#0"},
				"east": {"uv": [13.9, 9.65, 13, 9.55], "texture": "#0"},
				"south": {"uv": [8.1, 9.55, 8.3, 9.65], "texture": "#0"},
				"west": {"uv": [2.1, 9.55, 3, 9.65], "texture": "#0"},
				"up": {"uv": [8.1, 2.1, 8.3, 3], "texture": "#0"},
				"down": {"uv": [8.1, 13, 8.3, 13.9], "texture": "#0"}
			}
		},
		{
			"from": [8.1, 6.35, 2.3],
			"to": [8.3, 6.45, 2.6],
			"rotation": {"angle": 22.5, "axis": "x", "origin": [8.2, 6.4, 2.45]},
			"faces": {
				"north": {"uv": [7.7, 9.55, 7.9, 9.65], "texture": "#0"},
				"east": {"uv": [13.7, 9.65, 13.4, 9.55], "texture": "#0"},
				"south": {"uv": [8.1, 9.55, 8.3, 9.65], "texture": "#0"},
				"west": {"uv": [2.3, 9.55, 2.6, 9.65], "texture": "#0"},
				"up": {"uv": [8.1, 2.3, 8.3, 2.6], "texture": "#0"},
				"down": {"uv": [8.1, 13.4, 8.3, 13.7], "texture": "#0"}
			}
		},
		{
			"from": [7.9, 6.35, 12.4],
			"to": [8.5, 6.45, 13.2],
			"faces": {
				"north": {"uv": [7.5, 9.55, 8.1, 9.65], "texture": "#0"},
				"east": {"uv": [3.6, 9.65, 2.8, 9.55], "texture": "#0"},
				"south": {"uv": [7.9, 9.55, 8.5, 9.65], "texture": "#0"},
				"west": {"uv": [12.4, 9.55, 13.2, 9.65], "texture": "#0"},
				"up": {"uv": [7.9, 12.4, 8.5, 13.2], "texture": "#0"},
				"down": {"uv": [7.9, 2.8, 8.5, 3.6], "texture": "#0"}
			}
		},
		{
			"from": [7.9, 6.35, 12.125],
			"to": [8.5, 6.45, 12.425],
			"rotation": {"angle": -22.5, "axis": "x", "origin": [8.2, 6.4, 12.4]},
			"faces": {
				"north": {"uv": [7.5, 9.55, 8.1, 9.65], "texture": "#0"},
				"east": {"uv": [3.875, 9.65, 3.575, 9.55], "texture": "#0"},
				"south": {"uv": [7.9, 9.55, 8.5, 9.65], "texture": "#0"},
				"west": {"uv": [12.125, 9.55, 12.425, 9.65], "texture": "#0"},
				"up": {"uv": [7.9, 12.125, 8.5, 12.425], "texture": "#0"},
				"down": {"uv": [7.9, 3.575, 8.5, 3.875], "texture": "#0"}
			}
		},
		{
			"from": [7.9, 6.35, 13.1],
			"to": [8.15, 6.575, 13.2],
			"faces": {
				"north": {"uv": [7.85, 9.425, 8.1, 9.65], "texture": "#0"},
				"east": {"uv": [2.9, 9.65, 2.8, 9.425], "texture": "#0"},
				"south": {"uv": [7.9, 9.425, 8.15, 9.65], "texture": "#0"},
				"west": {"uv": [13.1, 9.425, 13.2, 9.65], "texture": "#0"},
				"up": {"uv": [7.9, 13.1, 8.15, 13.2], "texture": "#0"},
				"down": {"uv": [7.9, 2.8, 8.15, 2.9], "texture": "#0"}
			}
		},
		{
			"from": [8.25, 6.35, 13.1],
			"to": [8.5, 6.575, 13.2],
			"faces": {
				"north": {"uv": [7.5, 9.425, 7.75, 9.65], "texture": "#0"},
				"east": {"uv": [2.9, 9.65, 2.8, 9.425], "texture": "#0"},
				"south": {"uv": [8.25, 9.425, 8.5, 9.65], "texture": "#0"},
				"west": {"uv": [13.1, 9.425, 13.2, 9.65], "texture": "#0"},
				"up": {"uv": [8.25, 13.1, 8.5, 13.2], "texture": "#0"},
				"down": {"uv": [8.25, 2.8, 8.5, 2.9], "texture": "#0"}
			}
		},
		{
			"from": [8.00001, 2.26065, 11.57176],
			"to": [8.40001, 2.66065, 11.67176],
			"rotation": {"angle": 22.5, "axis": "x", "origin": [8.20001, 2.76065, 11.49676]},
			"faces": {
				"north": {"uv": [7.6, 13.33306, 8, 13.73306], "texture": "#0"},
				"east": {"uv": [4.42755, 13.73306, 4.32755, 13.33306], "texture": "#0"},
				"south": {"uv": [8, 13.33306, 8.4, 13.73306], "texture": "#0"},
				"west": {"uv": [11.57245, 13.33306, 11.67245, 13.73306], "texture": "#0"},
				"up": {"uv": [8, 11.57245, 8.4, 11.67245], "texture": "#0"},
				"down": {"uv": [8, 4.32755, 8.4, 4.42755], "texture": "#0"}
			}
		},
		{
			"from": [8, 2.1, 11.6],
			"to": [8.4, 2.7, 11.7],
			"rotation": {"angle": -22.5, "axis": "x", "origin": [8.2, 2.15, 10.4]},
			"faces": {
				"north": {"uv": [7.6, 13.3, 8, 13.9], "texture": "#0"},
				"east": {"uv": [4.4, 13.9, 4.3, 13.3], "texture": "#0"},
				"south": {"uv": [8, 13.3, 8.4, 13.9], "texture": "#0"},
				"west": {"uv": [11.6, 13.3, 11.7, 13.9], "texture": "#0"},
				"up": {"uv": [8, 11.6, 8.4, 11.7], "texture": "#0"},
				"down": {"uv": [8, 4.3, 8.4, 4.4], "texture": "#0"}
			}
		},
		{
			"from": [8.2075, 4.41773, 9.80007],
			"to": [9.2075, 5.41773, 12.30007],
			"faces": {
				"north": {"uv": [5.99968, 9.9998, 6.99962, 10.99975], "texture": "#3"},
				"east": {"uv": [6.2, 11.7, 3.7, 10.7], "texture": "#3"},
				"south": {"uv": [5.99968, 9.9998, 6.99962, 10.99975], "texture": "#3"},
				"west": {"uv": [9.8, 10.7, 12.3, 11.7], "texture": "#3"},
				"up": {"uv": [8.2, 9.8, 9.2, 12.3], "texture": "#3"},
				"down": {"uv": [8.2, 3.7, 9.2, 6.2], "texture": "#3"}
			}
		},
		{
			"from": [7.2, 4.4, 9.8],
			"to": [8.2, 5.4, 12.3],
			"faces": {
				"north": {"uv": [5.99968, 9.9998, 6.99962, 10.99975], "texture": "#3"},
				"east": {"uv": [6.2, 11.7, 3.7, 10.7], "texture": "#3"},
				"south": {"uv": [5.99968, 9.9998, 6.99962, 10.99975], "texture": "#3"},
				"west": {"uv": [9.8, 10.7, 12.3, 11.7], "texture": "#3"},
				"up": {"uv": [7.2, 9.8, 8.2, 12.3], "texture": "#3"},
				"down": {"uv": [7.2, 3.7, 8.2, 6.2], "texture": "#3"}
			}
		},
		{
			"from": [10.80274, 2.74789, 9.80004],
			"to": [11.80274, 3.47289, 12.30004],
			"rotation": {"angle": -45, "axis": "z", "origin": [12.20274, 8.42289, 8.00004]},
			"faces": {
				"north": {"uv": [5.99968, 9.9998, 6.99962, 10.99975], "texture": "#3"},
				"east": {"uv": [6.2, 13.375, 3.7, 12.65], "texture": "#3"},
				"south": {"uv": [5.99968, 9.9998, 6.99962, 10.99975], "texture": "#3"},
				"west": {"uv": [9.8, 12.65, 12.3, 13.375], "texture": "#3"},
				"up": {"uv": [10.8, 9.8, 11.8, 12.3], "texture": "#3"},
				"down": {"uv": [10.8, 3.7, 11.8, 6.2], "texture": "#3"}
			}
		},
		{
			"from": [7.71259, 4.91268, 9.80004],
			"to": [8.71259, 5.91268, 12.30004],
			"faces": {
				"north": {"uv": [5.99968, 9.9998, 6.99962, 10.99975], "texture": "#3"},
				"east": {"uv": [6.2, 11.2, 3.7, 10.2], "texture": "#3"},
				"south": {"uv": [5.99968, 9.9998, 6.99962, 10.99975], "texture": "#3"},
				"west": {"uv": [9.8, 10.2, 12.3, 11.2], "texture": "#3"},
				"up": {"uv": [7.7, 9.8, 8.7, 12.3], "texture": "#3"},
				"down": {"uv": [7.7, 3.7, 8.7, 6.2], "texture": "#3"}
			}
		},
		{
			"from": [12.2169, 1.74792, 9.80005],
			"to": [12.9169, 2.47292, 12.30005],
			"rotation": {"angle": -45, "axis": "z", "origin": [14.6169, 8.42292, 8.00005]},
			"faces": {
				"north": {"uv": [5.99968, 9.9998, 6.99962, 10.99975], "texture": "#3"},
				"east": {"uv": [6.2, 14.375, 3.7, 13.65], "texture": "#3"},
				"south": {"uv": [5.99968, 9.9998, 6.99962, 10.99975], "texture": "#3"},
				"west": {"uv": [9.8, 13.65, 12.3, 14.375], "texture": "#3"},
				"up": {"uv": [12.2, 9.8, 12.9, 12.3], "texture": "#3"},
				"down": {"uv": [12.2, 3.7, 12.9, 6.2], "texture": "#3"}
			}
		},
		{
			"from": [12.61685, 1.03791, 9.80006],
			"to": [13.61685, 1.76291, 12.30006],
			"rotation": {"angle": -45, "axis": "z", "origin": [14.61685, 8.41291, 8.00006]},
			"faces": {
				"north": {"uv": [5.99968, 9.9998, 6.99962, 10.99975], "texture": "#3"},
				"east": {"uv": [6.2, 15.075, 3.7, 14.35], "texture": "#3"},
				"south": {"uv": [5.99968, 9.9998, 6.99962, 10.99975], "texture": "#3"},
				"west": {"uv": [9.8, 14.35, 12.3, 15.075], "texture": "#3"},
				"up": {"uv": [12.6, 9.8, 13.6, 12.3], "texture": "#3"},
				"down": {"uv": [12.6, 3.7, 13.6, 6.2], "texture": "#3"}
			}
		},
		{
			"from": [11.5026, 2.03791, 9.8001],
			"to": [12.2026, 2.76291, 12.3001],
			"rotation": {"angle": -45, "axis": "z", "origin": [12.2026, 8.41291, 8.0001]},
			"faces": {
				"north": {"uv": [5.99968, 9.9998, 6.99962, 10.99975], "texture": "#3"},
				"east": {"uv": [6.2, 14.075, 3.7, 13.35], "texture": "#3"},
				"south": {"uv": [5.99968, 9.9998, 6.99962, 10.99975], "texture": "#3"},
				"west": {"uv": [9.8, 13.35, 12.3, 14.075], "texture": "#3"},
				"up": {"uv": [11.5, 9.8, 12.2, 12.3], "texture": "#3"},
				"down": {"uv": [11.5, 3.7, 12.2, 6.2], "texture": "#3"}
			}
		},
		{
			"from": [7.69482, 3.9051, 9.80008],
			"to": [8.69482, 4.9051, 12.30008],
			"faces": {
				"north": {"uv": [5.99968, 9.9998, 6.99962, 10.99975], "texture": "#3"},
				"east": {"uv": [6.2, 12.2, 3.7, 11.2], "texture": "#3"},
				"south": {"uv": [5.99968, 9.9998, 6.99962, 10.99975], "texture": "#3"},
				"west": {"uv": [9.8, 11.2, 12.3, 12.2], "texture": "#3"},
				"up": {"uv": [7.7, 9.8, 8.7, 12.3], "texture": "#3"},
				"down": {"uv": [7.7, 3.7, 8.7, 6.2], "texture": "#3"}
			}
		},
		{
			"from": [7.95, 5.2, 1.89],
			"to": [8.45, 5.7, 1.99],
			"faces": {
				"north": {"uv": [7.55, 10.5, 8.05, 11], "texture": "#0"},
				"east": {"uv": [14.11, 11, 14.01, 10.5], "texture": "#0"},
				"south": {"uv": [7.95, 10.5, 8.45, 11], "texture": "#0"},
				"west": {"uv": [1.89, 10.5, 1.99, 11], "texture": "#0"},
				"up": {"uv": [7.95, 1.89, 8.45, 1.99], "texture": "#0"},
				"down": {"uv": [7.95, 14.01, 8.45, 14.11], "texture": "#0"}
			}
		},
		{
			"from": [7.9, 5.15, 1.9],
			"to": [8.5, 5.75, 3.9],
			"faces": {
				"north": {"uv": [7.5, 10.45, 8.1, 11.05], "texture": "#3"},
				"east": {"uv": [14.1, 11.05, 12.1, 10.45], "texture": "#3"},
				"south": {"uv": [7.9, 10.45, 8.5, 11.05], "texture": "#3"},
				"west": {"uv": [1.9, 10.45, 3.9, 11.05], "texture": "#3"},
				"up": {"uv": [7.9, 1.9, 8.5, 3.9], "texture": "#3"},
				"down": {"uv": [7.9, 12.1, 8.5, 14.1], "texture": "#3"}
			}
		},
		{
			"from": [8, 5.98967, 14.01309],
			"to": [8.4, 6.28967, 14.51309],
			"faces": {
				"north": {"uv": [7.6, 9.70324, 8, 10.00324], "texture": "#3"},
				"east": {"uv": [13, 10, 13.7, 10.6], "texture": "#3"},
				"south": {"uv": [8, 9.70324, 8.4, 10.00324], "texture": "#3"},
				"west": {"uv": [13, 10, 13.7, 10.6], "texture": "#3"},
				"up": {"uv": [8, 14.02646, 8.4, 14.52646], "texture": "#3"},
				"down": {"uv": [8, 1.47354, 8.4, 1.97354], "texture": "#3"}
			}
		},
		{
			"from": [8, 5.45, 13.4],
			"to": [8.4, 5.75, 14.2],
			"rotation": {"angle": -22.5, "axis": "x", "origin": [8.2, 5.55, 12.75]},
			"faces": {
				"north": {"uv": [7.6, 10.25, 8, 10.55], "texture": "#3"},
				"east": {"uv": [2.6, 10.55, 1.8, 10.25], "texture": "#3"},
				"south": {"uv": [8, 10.25, 8.4, 10.55], "texture": "#3"},
				"west": {"uv": [13.4, 10.25, 14.2, 10.55], "texture": "#3"},
				"up": {"uv": [8, 13.4, 8.4, 14.2], "texture": "#3"},
				"down": {"uv": [8, 1.8, 8.4, 2.6], "texture": "#3"}
			}
		},
		{
			"from": [7.9, 5.05, 13.4],
			"to": [8.5, 5.75, 13.7],
			"rotation": {"angle": -22.5, "axis": "x", "origin": [8.2, 5.55, 12.75]},
			"faces": {
				"north": {"uv": [7.5, 10.25, 8.1, 10.95], "texture": "#3"},
				"east": {"uv": [2.6, 10.95, 2.3, 10.25], "texture": "#3"},
				"south": {"uv": [7.9, 10.25, 8.5, 10.95], "texture": "#3"},
				"west": {"uv": [13.4, 10.25, 13.7, 10.95], "texture": "#3"},
				"up": {"uv": [7.9, 13.4, 8.5, 13.7], "texture": "#3"},
				"down": {"uv": [7.9, 2.3, 8.5, 2.6], "texture": "#3"}
			}
		},
		{
			"from": [7.6, 4.55, 13.2],
			"to": [8.8, 5.05, 13.7],
			"faces": {
				"north": {"uv": [7.2, 10.95, 8.4, 11.45], "texture": "#3"},
				"east": {"uv": [2.8, 11.45, 2.3, 10.95], "texture": "#3"},
				"south": {"uv": [7.6, 10.95, 8.8, 11.45], "texture": "#3"},
				"west": {"uv": [13.2, 10.95, 13.7, 11.45], "texture": "#3"},
				"up": {"uv": [7.6, 13.2, 8.8, 13.7], "texture": "#3"},
				"down": {"uv": [7.6, 2.3, 8.8, 2.8], "texture": "#3"}
			}
		},
		{
			"from": [7.825, 1.75, 10.625],
			"to": [8.575, 1.95, 11.275],
			"rotation": {"angle": 22.5, "axis": "x", "origin": [8.2, 2.15, 10.4]},
			"faces": {
				"north": {"uv": [7.4, 14.05, 8.2, 14.25], "texture": "#3"},
				"east": {"uv": [5.375, 14.25, 4.725, 14.05], "texture": "#3"},
				"south": {"uv": [7.8, 14.05, 8.6, 14.25], "texture": "#3"},
				"west": {"uv": [10.625, 14.05, 11.275, 14.25], "texture": "#3"},
				"up": {"uv": [7.8, 10.625, 8.6, 11.275], "texture": "#3"},
				"down": {"uv": [7.8, 4.725, 8.6, 5.375], "texture": "#3"}
			}
		},
		{
			"from": [7.82521, 1.70966, 12.22796],
			"to": [8.57521, 2.98466, 12.42796],
			"rotation": {"angle": 22.5, "axis": "x", "origin": [8.20021, 2.13466, 12.30296]},
			"faces": {
				"north": {"uv": [7.4, 13, 8.2, 14.275], "texture": "#3"},
				"east": {"uv": [3.775, 14.275, 3.575, 13], "texture": "#3"},
				"south": {"uv": [7.8, 13, 8.6, 14.275], "texture": "#3"},
				"west": {"uv": [12.225, 13, 12.425, 14.275], "texture": "#3"},
				"up": {"uv": [7.8, 12.225, 8.6, 12.425], "texture": "#3"},
				"down": {"uv": [7.8, 3.575, 8.6, 3.775], "texture": "#3"}
			}
		},
		{
			"from": [7.82518, 1.02495, 11.2914],
			"to": [8.57518, 1.22495, 11.9414],
			"rotation": {"angle": -22.5, "axis": "x", "origin": [8.20018, 2.14995, 10.4164]},
			"faces": {
				"north": {"uv": [7.4, 14.775, 8.2, 14.975], "texture": "#3"},
				"east": {"uv": [4.725, 14.975, 4.075, 14.775], "texture": "#3"},
				"south": {"uv": [7.8, 14.775, 8.6, 14.975], "texture": "#3"},
				"west": {"uv": [11.275, 14.775, 11.925, 14.975], "texture": "#3"},
				"up": {"uv": [7.8, 11.275, 8.6, 11.925], "texture": "#3"},
				"down": {"uv": [7.8, 4.075, 8.6, 4.725], "texture": "#3"}
			}
		},
		{
			"from": [7.82515, 1.44546, 11.05531],
			"to": [8.57515, 1.64546, 11.65531],
			"faces": {
				"north": {"uv": [7.4, 14.35, 8.2, 14.55], "texture": "#3"},
				"east": {"uv": [5.025, 14.55, 4.225, 14.35], "texture": "#3"},
				"south": {"uv": [7.8, 14.35, 8.6, 14.55], "texture": "#3"},
				"west": {"uv": [10.975, 14.35, 11.775, 14.55], "texture": "#3"},
				"up": {"uv": [7.8, 10.975, 8.6, 11.775], "texture": "#3"},
				"down": {"uv": [7.8, 4.225, 8.6, 5.025], "texture": "#3"}
			}
		},
		{
			"from": [7.82496, 1.6984, 10.27498],
			"to": [8.57496, 2.7984, 10.47498],
			"rotation": {"angle": -22.5, "axis": "x", "origin": [8.19996, 2.1484, 10.37498]},
			"faces": {
				"north": {"uv": [7.4, 13.3, 8.2, 14.3], "texture": "#3"},
				"east": {"uv": [5.7, 14.3, 5.5, 13.3], "texture": "#3"},
				"south": {"uv": [7.8, 13.3, 8.6, 14.3], "texture": "#3"},
				"west": {"uv": [10.3, 13.3, 10.5, 14.3], "texture": "#3"},
				"up": {"uv": [7.8, 10.3, 8.6, 10.5], "texture": "#3"},
				"down": {"uv": [7.8, 5.5, 8.6, 5.7], "texture": "#3"}
			}
		},
		{
			"from": [7.825, 1.025, 7.1],
			"to": [8.575, 1.95, 8],
			"rotation": {"angle": -45, "axis": "x", "origin": [8, 8, 8.1]},
			"faces": {
				"north": {"uv": [7.4, 14.05, 8.2, 14.95], "texture": "#3"},
				"east": {"uv": [8.9, 14.95, 8, 14.05], "texture": "#3"},
				"south": {"uv": [7.8, 14.05, 8.6, 14.95], "texture": "#3"},
				"west": {"uv": [7.1, 14.05, 8, 14.95], "texture": "#3"},
				"up": {"uv": [7.8, 7.1, 8.6, 8], "texture": "#3"},
				"down": {"uv": [7.8, 8, 8.6, 8.9], "texture": "#3"}
			}
		},
		{
			"from": [7.775, 2.95, 9.3],
			"to": [8.65, 3.15, 12.4],
			"faces": {
				"north": {"uv": [7.4, 12.85, 8.2, 13.05], "texture": "#3"},
				"east": {"uv": [6.7, 13.05, 3.6, 12.85], "texture": "#3"},
				"south": {"uv": [7.8, 12.85, 8.6, 13.05], "texture": "#3"},
				"west": {"uv": [9.3, 12.85, 12.4, 13.05], "texture": "#3"},
				"up": {"uv": [7.8, 9.3, 8.6, 12.4], "texture": "#3"},
				"down": {"uv": [7.8, 3.6, 8.6, 6.7], "texture": "#3"}
			}
		},
		{
			"from": [7.8, 2.35, 5.7],
			"to": [8.6, 3.275, 6.6],
			"rotation": {"angle": -45, "axis": "x", "origin": [8, 8, 8.1]},
			"faces": {
				"north": {"uv": [7.4, 12.75, 8.2, 13.65], "texture": "#3"},
				"east": {"uv": [10.3, 13.65, 9.4, 12.75], "texture": "#3"},
				"south": {"uv": [7.8, 12.75, 8.6, 13.65], "texture": "#3"},
				"west": {"uv": [5.7, 12.75, 6.6, 13.65], "texture": "#3"},
				"up": {"uv": [7.8, 5.7, 8.6, 6.6], "texture": "#3"},
				"down": {"uv": [7.8, 9.4, 8.6, 10.3], "texture": "#3"}
			}
		},
		{
			"from": [7.7, 3.15, 13.1],
			"to": [8.7, 4.85, 14.5],
			"faces": {
				"north": {"uv": [7.3, 11.15, 8.3, 12.85], "texture": "#3"},
				"east": {"uv": [2.9, 12.85, 1.5, 11.15], "texture": "#3"},
				"south": {"uv": [7.7, 11.15, 8.7, 12.85], "texture": "#3"},
				"west": {"uv": [13.1, 11.15, 14.5, 12.85], "texture": "#3"},
				"up": {"uv": [7.7, 13.1, 8.7, 14.5], "texture": "#3"},
				"down": {"uv": [7.7, 1.5, 8.7, 2.9], "texture": "#3"}
			}
		},
		{
			"from": [7.75, 4.9, 13.65],
			"to": [8.65, 5.6, 14.65],
			"rotation": {"angle": 22.5, "axis": "x", "origin": [8.2, 5.55, 12.75]},
			"faces": {
				"north": {"uv": [7.3, 10.4, 8.3, 11.1], "texture": "#3"},
				"east": {"uv": [13, 10, 13.7, 10.6], "texture": "#3"},
				"south": {"uv": [7.7, 10.4, 8.7, 11.1], "texture": "#3"},
				"west": {"uv": [13.65, 10.4, 14.65, 11.1], "texture": "#3"},
				"up": {"uv": [7.7, 13.65, 8.7, 14.65], "texture": "#3"},
				"down": {"uv": [7.7, 1.35, 8.7, 2.35], "texture": "#3"}
			}
		},
		{
			"from": [7.75, 5.4, 13.05],
			"to": [8.65, 6.1, 14.05],
			"rotation": {"angle": 45, "axis": "x", "origin": [8.2, 5.55, 12.75]},
			"faces": {
				"north": {"uv": [7.3, 9.9, 8.3, 10.6], "texture": "#3"},
				"east": {"uv": [13, 10, 13.7, 10.6], "texture": "#3"},
				"south": {"uv": [7.7, 9.9, 8.7, 10.6], "texture": "#3"},
				"west": {"uv": [13, 10, 14, 10.7], "texture": "#3"},
				"up": {"uv": [7.7, 13.15, 8.7, 14.15], "texture": "#3"},
				"down": {"uv": [7.7, 1.85, 8.7, 2.85], "texture": "#3"}
			}
		},
		{
			"from": [7.75, 4.55, 12.7],
			"to": [8.65, 6.15, 13.4],
			"rotation": {"angle": -22.5, "axis": "x", "origin": [8.2, 5.55, 12.75]},
			"faces": {
				"north": {"uv": [7.3, 9.85, 8.3, 11.45], "texture": "#3"},
				"east": {"uv": [13, 10, 13.7, 10.6], "texture": "#3"},
				"south": {"uv": [7.7, 9.85, 8.7, 11.45], "texture": "#3"},
				"west": {"uv": [13, 10, 13.7, 10.6], "texture": "#3"},
				"up": {"uv": [7.7, 12.7, 8.7, 13.4], "texture": "#3"},
				"down": {"uv": [7.7, 2.6, 8.7, 3.3], "texture": "#3"}
			}
		},
		{
			"from": [7.7, 3.15, 12.4],
			"to": [8.7, 6.35, 13.1],
			"faces": {
				"north": {"uv": [7.3, 9.65, 8.3, 12.85], "texture": "#3"},
				"east": {"uv": [3.6, 12.85, 2.9, 9.65], "texture": "#3"},
				"south": {"uv": [7.7, 9.65, 8.7, 12.85], "texture": "#3"},
				"west": {"uv": [12.4, 9.65, 13.1, 12.85], "texture": "#3"},
				"up": {"uv": [7.7, 12.4, 8.7, 13.1], "texture": "#3"},
				"down": {"uv": [7.7, 2.9, 8.7, 3.6], "texture": "#3"}
			}
		},
		{
			"from": [7.7, 3.15, 9.7],
			"to": [8.7, 3.65, 12.4],
			"faces": {
				"north": {"uv": [7.3, 12.35, 8.3, 12.85], "texture": "#3"},
				"east": {"uv": [6.3, 12.85, 3.6, 12.35], "texture": "#3"},
				"south": {"uv": [7.7, 12.35, 8.7, 12.85], "texture": "#3"},
				"west": {"uv": [9.7, 12.35, 12.4, 12.85], "texture": "#3"},
				"up": {"uv": [7.7, 9.7, 8.7, 12.4], "texture": "#3"},
				"down": {"uv": [7.7, 3.6, 8.7, 6.3], "texture": "#3"}
			}
		},
		{
			"from": [7.7, 3.15, 9.1],
			"to": [8.7, 5.05, 9.7],
			"faces": {
				"north": {"uv": [7.3, 10.95, 8.3, 12.85], "texture": "#3"},
				"east": {"uv": [7.3, 10.95, 8.3, 12.85], "texture": "#3"},
				"south": {"uv": [7.3, 10.95, 8.3, 12.85], "texture": "#3"},
				"west": {"uv": [7.3, 10.95, 8.3, 12.85], "texture": "#3"},
				"up": {"uv": [7.3, 10.95, 8.3, 12.85], "texture": "#3"},
				"down": {"uv": [7.3, 10.95, 8.3, 12.85], "texture": "#3"}
			}
		},
		{
			"from": [7.7, 6.05, 9.7],
			"to": [8.7, 6.35, 12.4],
			"faces": {
				"north": {"uv": [7.3, 9.65, 8.3, 9.95], "texture": "#3"},
				"east": {"uv": [6.3, 9.95, 3.6, 9.65], "texture": "#3"},
				"south": {"uv": [7.7, 9.65, 8.7, 9.95], "texture": "#3"},
				"west": {"uv": [9.7, 9.65, 12.4, 9.95], "texture": "#3"},
				"up": {"uv": [7.7, 9.7, 8.7, 12.4], "texture": "#3"},
				"down": {"uv": [7.7, 3.6, 8.7, 6.3], "texture": "#3"}
			}
		},
		{
			"from": [6.03535, 5.72555, 1.99988],
			"to": [6.53535, 6.72555, 9.69988],
			"rotation": {"angle": 45, "axis": "z", "origin": [8.03535, 8.00055, 7.99988]},
			"faces": {
				"north": {"uv": [5.99968, 9.9998, 6.99893, 10.79907], "texture": "#3"},
				"east": {"uv": [14, 10.275, 6.3, 9.275], "texture": "#3"},
				"south": {"uv": [13, 10, 13.7, 10.6], "texture": "#3"},
				"west": {"uv": [2, 9.275, 9.7, 10.275], "texture": "#3"},
				"up": {"uv": [6, 2, 6.5, 9.7], "texture": "#3"},
				"down": {"uv": [6, 6.3, 6.5, 14], "texture": "#3"}
			}
		},
		{
			"from": [7.7, 5.45, 8.8],
			"to": [8.7, 6.35, 9.7],
			"faces": {
				"north": {"uv": [7.3, 9.65, 8.3, 10.55], "texture": "#3"},
				"east": {"uv": [7.2, 10.55, 6.3, 9.65], "texture": "#3"},
				"south": {"uv": [13, 10, 13.7, 10.6], "texture": "#3"},
				"west": {"uv": [8.8, 9.65, 9.7, 10.55], "texture": "#3"},
				"up": {"uv": [7.7, 8.8, 8.7, 9.7], "texture": "#3"},
				"down": {"uv": [7.7, 6.3, 8.7, 7.2], "texture": "#3"}
			}
		},
		{
			"from": [7.675, 4.15, 8.8],
			"to": [8.725, 5.05, 9.7],
			"faces": {
				"north": {"uv": [7.3, 10.95, 8.3, 11.85], "texture": "#3"},
				"east": {"uv": [7.2, 11.85, 6.3, 10.95], "texture": "#3"},
				"south": {"uv": [7.7, 10.95, 8.7, 11.85], "texture": "#3"},
				"west": {"uv": [8.8, 10.95, 9.7, 11.85], "texture": "#3"},
				"up": {"uv": [7.7, 8.8, 8.7, 9.7], "texture": "#3"},
				"down": {"uv": [7.7, 6.3, 8.7, 7.2], "texture": "#3"}
			}
		},
		{
			"from": [7.725, 3.35, 7.3],
			"to": [8.675, 4.25, 7.6],
			"rotation": {"angle": -22.5, "axis": "x", "origin": [8, 8, 8.1]},
			"faces": {
				"north": {"uv": [7.3, 11.75, 8.3, 12.65], "texture": "#3"},
				"east": {"uv": [8.7, 12.65, 8.4, 11.75], "texture": "#3"},
				"south": {"uv": [7.7, 11.75, 8.7, 12.65], "texture": "#3"},
				"west": {"uv": [7.3, 11.75, 7.6, 12.65], "texture": "#3"},
				"up": {"uv": [7.7, 7.3, 8.7, 7.6], "texture": "#3"},
				"down": {"uv": [7.7, 8.4, 8.7, 8.7], "texture": "#3"}
			}
		},
		{
			"from": [6, 5.725, 2],
			"to": [7, 5.725, 8.9],
			"rotation": {"angle": 45, "axis": "z", "origin": [8, 8, 8]},
			"faces": {
				"north": {"uv": [9, 10.275, 10, 10.275], "texture": "#3"},
				"east": {"uv": [14, 10.275, 7.1, 10.275], "texture": "#3"},
				"south": {"uv": [6, 10.275, 7, 10.275], "texture": "#3"},
				"west": {"uv": [2, 10.275, 8.9, 10.275], "texture": "#3"},
				"up": {"uv": [6, 2, 7, 8.9], "texture": "#3"},
				"down": {"uv": [6, 7.1, 7, 14], "texture": "#3"}
			}
		},
		{
			"from": [7.9, 6.05, 8.5],
			"to": [8.5, 6.25, 9.6],
			"faces": {
				"north": {"uv": [7.5, 9.75, 8.1, 9.95], "texture": "#3"},
				"east": {"uv": [7.5, 9.95, 6.4, 9.75], "texture": "#3"},
				"south": {"uv": [7.9, 9.75, 8.5, 9.95], "texture": "#3"},
				"west": {"uv": [8.5, 9.75, 9.6, 9.95], "texture": "#3"},
				"up": {"uv": [7.9, 8.5, 8.5, 9.6], "texture": "#3"},
				"down": {"uv": [7.9, 6.4, 8.5, 7.5], "texture": "#3"}
			}
		},
		{
			"from": [7.9, 6.05, 4.2],
			"to": [8.5, 6.25, 4.7],
			"faces": {
				"north": {"uv": [7.5, 9.75, 8.1, 9.95], "texture": "#3"},
				"east": {"uv": [11.8, 9.95, 11.3, 9.75], "texture": "#3"},
				"south": {"uv": [7.9, 9.75, 8.5, 9.95], "texture": "#3"},
				"west": {"uv": [4.2, 9.75, 4.7, 9.95], "texture": "#3"},
				"up": {"uv": [7.9, 4.2, 8.5, 4.7], "texture": "#3"},
				"down": {"uv": [7.9, 11.3, 8.5, 11.8], "texture": "#3"}
			}
		},
		{
			"from": [7.9, 6.05, 2],
			"to": [8.5, 6.25, 2.5],
			"faces": {
				"north": {"uv": [7.5, 9.75, 8.1, 9.95], "texture": "#3"},
				"east": {"uv": [14, 9.95, 13.5, 9.75], "texture": "#3"},
				"south": {"uv": [7.9, 9.75, 8.5, 9.95], "texture": "#3"},
				"west": {"uv": [2, 9.75, 2.5, 9.95], "texture": "#3"},
				"up": {"uv": [7.9, 2, 8.5, 2.5], "texture": "#3"},
				"down": {"uv": [7.9, 13.5, 8.5, 14], "texture": "#3"}
			}
		},
		{
			"from": [7.9, 6.05, 6.4],
			"to": [8.5, 6.25, 7],
			"faces": {
				"north": {"uv": [7.5, 9.75, 8.1, 9.95], "texture": "#3"},
				"east": {"uv": [9.6, 9.95, 9, 9.75], "texture": "#3"},
				"south": {"uv": [7.9, 9.75, 8.5, 9.95], "texture": "#3"},
				"west": {"uv": [6.4, 9.75, 7, 9.95], "texture": "#3"},
				"up": {"uv": [7.9, 6.4, 8.5, 7], "texture": "#3"},
				"down": {"uv": [7.9, 9, 8.5, 9.6], "texture": "#3"}
			}
		},
		{
			"from": [7.9, 6.25, 2],
			"to": [8.5, 6.35, 9.6],
			"faces": {
				"north": {"uv": [7.5, 9.65, 8.1, 9.75], "texture": "#3"},
				"east": {"uv": [14, 9.75, 6.4, 9.65], "texture": "#3"},
				"south": {"uv": [7.9, 9.65, 8.5, 9.75], "texture": "#3"},
				"west": {"uv": [2, 9.65, 9.6, 9.75], "texture": "#3"},
				"up": {"uv": [7.9, 2, 8.5, 9.6], "texture": "#3"},
				"down": {"uv": [7.9, 6.4, 8.5, 14], "texture": "#3"}
			}
		},
		{
			"from": [6.03535, 5.72559, 1.99985],
			"to": [7.03535, 6.30059, 9.69985],
			"rotation": {"angle": 45, "axis": "z", "origin": [8.03535, 8.00059, 7.99985]},
			"faces": {
				"north": {"uv": [5.99968, 9.9998, 6.99893, 10.79907], "texture": "#3"},
				"east": {"uv": [14, 10.275, 6.3, 9.775], "texture": "#3"},
				"south": {"uv": [13, 10, 13.7, 10.6], "texture": "#3"},
				"west": {"uv": [2, 9.775, 9.7, 10.275], "texture": "#3"},
				"up": {"uv": [6, 2, 7, 9.7], "texture": "#3"},
				"down": {"uv": [6, 6.3, 7, 14], "texture": "#3"}
			}
		},
		{
			"from": [7.9, 4.25, 2],
			"to": [8.5, 5.05, 8.9],
			"faces": {
				"north": {"uv": [5.99968, 9.9998, 6.99893, 10.79907], "texture": "#3"},
				"east": {"uv": [14, 11.75, 7.1, 10.95], "texture": "#3"},
				"south": {"uv": [7.9, 10.95, 8.5, 11.75], "texture": "#3"},
				"west": {"uv": [2, 10.95, 8.9, 11.75], "texture": "#3"},
				"up": {"uv": [7.9, 2, 8.5, 8.9], "texture": "#3"},
				"down": {"uv": [7.9, 7.1, 8.5, 14], "texture": "#3"}
			}
		},
		{
			"from": [7.85, 5.3, 2],
			"to": [8.55, 6.1, 9.7],
			"faces": {
				"north": {"uv": [5.99968, 9.9998, 6.99893, 10.79907], "texture": "#3"},
				"east": {"uv": [14, 10.75, 6.3, 9.95], "texture": "#3"},
				"south": {"uv": [13, 10, 13.7, 10.6], "texture": "#3"},
				"west": {"uv": [2, 9.95, 9.7, 10.75], "texture": "#3"},
				"up": {"uv": [7.85, 2, 8.55, 9.7], "texture": "#3"},
				"down": {"uv": [7.85, 6.3, 8.55, 14], "texture": "#3"}
			}
		},
		{
			"from": [7.5227, 4.95975, 1.99991],
			"to": [8.5227, 5.68475, 9.69991],
			"faces": {
				"north": {"uv": [5.99968, 9.9998, 6.99893, 10.79907], "texture": "#3"},
				"east": {"uv": [14, 11.05, 6.3, 10.25], "texture": "#3"},
				"south": {"uv": [7.5, 10.25, 8.5, 11.05], "texture": "#3"},
				"west": {"uv": [2, 10.25, 9.7, 11.05], "texture": "#3"},
				"up": {"uv": [7.5, 2, 8.5, 9.7], "texture": "#3"},
				"down": {"uv": [7.5, 6.3, 8.5, 14], "texture": "#3"}
			}
		},
		{
			"from": [7.93692, 4.95975, 1.99991],
			"to": [8.93692, 5.68475, 9.69991],
			"faces": {
				"north": {"uv": [5.99968, 9.9998, 6.99893, 10.79907], "texture": "#3"},
				"east": {"uv": [14, 11.05, 6.3, 10.25], "texture": "#3"},
				"south": {"uv": [7.9, 10.25, 8.9, 11.05], "texture": "#3"},
				"west": {"uv": [2, 10.25, 9.7, 11.05], "texture": "#3"},
				"up": {"uv": [7.9, 2, 8.9, 9.7], "texture": "#3"},
				"down": {"uv": [7.9, 6.3, 8.9, 14], "texture": "#3"}
			}
		},
		{
			"from": [5.51768, 5.20028, 1.99994],
			"to": [6.51768, 6.20028, 9.69994],
			"rotation": {"angle": 45, "axis": "z", "origin": [8.01768, 8.00028, 7.99994]},
			"faces": {
				"north": {"uv": [5.99968, 9.9998, 6.99893, 10.79907], "texture": "#3"},
				"east": {"uv": [14, 10.8, 6.3, 9.8], "texture": "#3"},
				"south": {"uv": [5.5, 9.8, 6.5, 10.8], "texture": "#3"},
				"west": {"uv": [2, 9.8, 9.7, 10.8], "texture": "#3"},
				"up": {"uv": [5.5, 2, 6.5, 9.7], "texture": "#3"},
				"down": {"uv": [5.5, 6.3, 6.5, 14], "texture": "#3"}
			}
		},
		{
			"from": [7.5, -0.13494, 13.59211],
			"to": [8.9, 1.06506, 15.79211],
			"faces": {
				"north": {"uv": [7.1, 14.85, 8.5, 16], "texture": "#1"},
				"east": {"uv": [0, 0, 6.9, 0.8], "texture": "#1"},
				"south": {"uv": [0, 0, 6.9, 0.8], "texture": "#1"},
				"west": {"uv": [0, 0, 6.9, 0.8], "texture": "#1"},
				"up": {"uv": [0, 0, 6.9, 0.8], "texture": "#1"},
				"down": {"uv": [0, 0, 6.9, 0.8], "texture": "#1"}
			}
		},
		{
			"from": [7.5, 3.45, 13.9],
			"to": [8.9, 4.25, 14.8],
			"faces": {
				"north": {"uv": [7.1, 11.75, 8.5, 12.55], "texture": "#1"},
				"east": {"uv": [0, 0, 6.9, 0.8], "texture": "#1"},
				"south": {"uv": [0, 0, 6.9, 0.8], "texture": "#1"},
				"west": {"uv": [0, 0, 6.9, 0.8], "texture": "#1"},
				"up": {"uv": [0, 0, 6.9, 0.8], "texture": "#1"},
				"down": {"uv": [0, 0, 6.9, 0.8], "texture": "#1"}
			}
		},
		{
			"from": [7.5, 3.05, 13.4],
			"to": [8.9, 3.75, 14.8],
			"rotation": {"angle": -45, "axis": "x", "origin": [8.2, 3, 13.8]},
			"faces": {
				"north": {"uv": [7.1, 12.25, 8.5, 12.95], "texture": "#1"},
				"east": {"uv": [0, 0, 6.9, 0.8], "texture": "#1"},
				"south": {"uv": [0, 0, 6.9, 0.8], "texture": "#1"},
				"west": {"uv": [0, 0, 6.9, 0.8], "texture": "#1"},
				"up": {"uv": [0, 0, 6.9, 0.8], "texture": "#1"},
				"down": {"uv": [0, 0, 6.9, 0.8], "texture": "#1"}
			}
		},
		{
			"from": [7.5, 0.45, 12.7],
			"to": [8.9, 3.75, 14.9],
			"rotation": {"angle": -22.5, "axis": "x", "origin": [8.2, 3, 13.8]},
			"faces": {
				"north": {"uv": [7.1, 12.25, 8.5, 15.55], "texture": "#1"},
				"east": {"uv": [0, 0, 6.9, 0.8], "texture": "#1"},
				"south": {"uv": [0, 0, 6.9, 0.8], "texture": "#1"},
				"west": {"uv": [0, 0, 6.9, 0.8], "texture": "#1"},
				"up": {"uv": [0, 0, 6.9, 0.8], "texture": "#1"},
				"down": {"uv": [0, 0, 6.9, 0.8], "texture": "#1"}
			}
		}
	],
	"display": {
		"thirdperson_righthand": {
			"translation": [0, 3.75, -2.25],
			"scale": [0.72, 0.72, 0.72]
		},
		"thirdperson_lefthand": {
			"translation": [0, 3.75, -2.25],
			"scale": [0.72, 0.72, 0.72]
		},
		"firstperson_righthand": {
			"rotation": [16, 8, 0],
			"translation": [-0.75, 6, -3.5]
		},
		"firstperson_lefthand": {
			"rotation": [16, 8, 0],
			"translation": [-0.75, 6, -3.5]
		},
		"ground": {
			"translation": [0, 0.25, 0],
			"scale": [0.68, 0.68, 0.68]
		},
		"gui": {
			"rotation": [35, -44, 46],
			"translation": [-2, 6.5, 0],
			"scale": [1.48, 1.43, 1.37]
		},
		"head": {
			"rotation": [16, 8, 0],
			"translation": [0.25, 6, -3.5]
		},
		"fixed": {
			"rotation": [0, 90, 0],
			"translation": [-1, 6.5, 0],
			"scale": [1.51, 1.51, 1.51]
		}
	},
	"groups": [
		{
			"name": "Детали",
			"children": [
				{
					"name": "group",
					"children": [0, 1, 2, 3, 4, 5, 6, 7, 8]
				}
			]
		},
		{
			"name": "Барабан",
			"children": [9, 10, 11, 12, 13, 14, 15, 16,
				{
					"name": "group",
					"children": []
				}
			]
		},
		{
			"name": "основа",
			"children": [17, 18, 19, 20, 21, 22, 23, 24, 25, 26, 27, 28, 29, 30, 31, 32, 33, 34, 35, 36, 37, 38, 39, 40, 41, 42, 43, 44, 45, 46, 47, 48, 49, 50, 51, 52, 53, 54]
		},
		{
			"name": "Ручка",
			"children": [55, 56, 57, 58]
		}
	]
}