{
	"credit": "Made by DrVECKER",
	"texture_size": [64, 64],
	"textures": {
		"0": "avgust/andesite",
		"1": "avgust/andesite11",
		"2": "avgust/andesite2",
		"3": "avgust/andesite4",
		"4": "avgust/andesite3",
		"5": "avgust/andesite5",
		"6": "avgust/andesite6",
		"7": "avgust/andesite7",
		"8": "avgust/andesite8",
		"9": "avgust/andesite9",
		"particle": "avgust/andesite"
	},
	"elements": [
		{
			"from": [3, 0, 3],
			"to": [13, 1, 13],
			"faces": {
				"north": {"uv": [3, 15, 13, 16], "texture": "#0"},
				"east": {"uv": [3, 15, 13, 16], "texture": "#0"},
				"south": {"uv": [3, 15, 13, 16], "texture": "#0"},
				"west": {"uv": [3, 15, 13, 16], "texture": "#0"},
				"up": {"uv": [3, 3, 13, 13], "texture": "#0"},
				"down": {"uv": [3, 3, 13, 13], "texture": "#0"}
			}
		},
		{
			"from": [6, 1, 6],
			"to": [10, 2, 10],
			"faces": {
				"north": {"uv": [6, 14, 10, 15], "texture": "#0"},
				"east": {"uv": [6, 14, 10, 15], "texture": "#0"},
				"south": {"uv": [6, 14, 10, 15], "texture": "#0"},
				"west": {"uv": [6, 14, 10, 15], "texture": "#0"},
				"up": {"uv": [6, 6, 10, 10], "texture": "#0"},
				"down": {"uv": [6, 6, 10, 10], "texture": "#0"}
			}
		},
		{
			"from": [5, 2, 6],
			"to": [11, 6, 10],
			"faces": {
				"north": {"uv": [0, 0, 8, 6], "texture": "#8"},
				"east": {"uv": [13.25, 14, 14.5, 15.5], "texture": "#0"},
				"south": {"uv": [0, 8, 8, 14], "texture": "#8"},
				"west": {"uv": [13.25, 14, 14.5, 15.5], "texture": "#0"},
				"up": {"uv": [0, 0, 5.25, 3.5], "texture": "#0"},
				"down": {"uv": [0, 0, 5.25, 3.5], "texture": "#0"}
			}
		},
		{
			"from": [5, 6, 5],
			"to": [11, 12, 11],
			"faces": {
				"north": {"uv": [0, 0, 16, 16], "texture": "#2"},
				"east": {"uv": [0, 0, 16, 16], "texture": "#5"},
				"south": {"uv": [0, 0, 16, 16], "texture": "#3"},
				"west": {"uv": [0, 0, 16, 16], "texture": "#6"},
				"up": {"uv": [0, 0, 16, 16], "texture": "#4"},
				"down": {"uv": [0, 0, 16, 16], "texture": "#4"}
			}
		},
		{
			"from": [5, 1, 3],
			"to": [11, 2, 4],
			"faces": {
				"north": {"uv": [0, 0, 6.25, 1.5], "texture": "#1"},
				"east": {"uv": [12, 14, 13, 15], "texture": "#0"},
				"south": {"uv": [5, 14, 11, 15], "texture": "#0"},
				"west": {"uv": [3, 14, 4, 15], "texture": "#0"},
				"up": {"uv": [5, 3, 11, 4], "texture": "#0"},
				"down": {"uv": [5, 12, 11, 13], "texture": "#0"}
			}
		},
		{
			"from": [5, 2, 3],
			"to": [11, 2.2, 4],
			"faces": {
				"north": {"uv": [0, 1.75, 6.5, 2], "texture": "#1"},
				"east": {"uv": [0, 1.75, 1, 2], "texture": "#1"},
				"south": {"uv": [0, 1.75, 6.5, 2], "texture": "#1"},
				"west": {"uv": [0, 1.75, 1, 2], "texture": "#1"},
				"up": {"uv": [5, 3, 11, 4], "texture": "#0"},
				"down": {"uv": [5, 12, 11, 13], "texture": "#0"}
			}
		},
		{
			"from": [2, 4, 6],
			"to": [5, 6, 10],
			"faces": {
				"north": {"uv": [4, 0, 8, 3], "texture": "#7"},
				"east": {"uv": [0, 0, 4, 4], "texture": "#missing"},
				"south": {"uv": [12, 0, 16, 3], "texture": "#7"},
				"west": {"uv": [0, 7, 4, 10], "texture": "#7"},
				"up": {"uv": [0, 0, 3, 1], "texture": "#7"},
				"down": {"uv": [0, 12, 4, 16], "texture": "#7"}
			}
		},
		{
			"from": [11, 4, 6],
			"to": [14, 6, 10],
			"faces": {
				"north": {"uv": [4, 7, 8, 10], "texture": "#7"},
				"east": {"uv": [0, 1, 4, 4], "texture": "#7"},
				"south": {"uv": [4, 7, 8, 10], "texture": "#7"},
				"west": {"uv": [0, 0, 4, 4], "texture": "#7"},
				"up": {"uv": [0, 0, 3, 1], "texture": "#7"},
				"down": {"uv": [0, 12, 4, 16], "texture": "#7"}
			}
		},
		{
			"from": [4.4, 10, 4.7],
			"to": [11.6, 11, 5],
			"faces": {
				"north": {"uv": [5, 13, 15, 14], "texture": "#9"},
				"east": {"uv": [5, 13, 6, 14], "texture": "#9"},
				"south": {"uv": [5, 13, 15, 14], "texture": "#9"},
				"west": {"uv": [5, 13, 6, 14], "texture": "#9"},
				"up": {"uv": [5, 13, 15, 14], "texture": "#9"},
				"down": {"uv": [5, 13, 15, 14], "texture": "#9"}
			}
		},
		{
			"from": [11, 10, 5],
			"to": [11.6, 11, 6],
			"faces": {
				"north": {"uv": [4, 13, 5, 14], "texture": "#9"},
				"east": {"uv": [4, 13, 5, 14], "texture": "#9"},
				"south": {"uv": [4, 13, 5, 14], "texture": "#9"},
				"west": {"uv": [4, 13, 5, 14], "texture": "#9"},
				"up": {"uv": [4, 13, 5, 14], "texture": "#9"},
				"down": {"uv": [4, 13, 5, 14], "texture": "#9"}
			}
		},
		{
			"from": [4.4, 10, 5],
			"to": [6, 11, 6],
			"faces": {
				"north": {"uv": [4, 13, 5.6, 14], "texture": "#9"},
				"east": {"uv": [4, 13, 5, 14], "texture": "#9"},
				"south": {"uv": [4, 13, 5.6, 14], "texture": "#9"},
				"west": {"uv": [4, 13, 5, 14], "texture": "#9"},
				"up": {"uv": [4, 13, 5.6, 14], "texture": "#9"},
				"down": {"uv": [4, 13, 5.6, 14], "texture": "#9"}
			}
		},
		{
			"from": [4.6, 12, 4.5],
			"to": [11.4, 13, 11.4],
			"faces": {
				"north": {"uv": [0, 15, 8, 16], "texture": "#9"},
				"east": {"uv": [0, 15, 8, 16], "texture": "#9"},
				"south": {"uv": [0, 15, 8, 16], "texture": "#9"},
				"west": {"uv": [0, 15, 8, 16], "texture": "#9"},
				"up": {"uv": [0, 0, 8, 8], "texture": "#9"},
				"down": {"uv": [0, 0, 8, 8], "texture": "#9"}
			}
		},
		{
			"from": [1.8, 6, 5.9],
			"to": [4.9, 6.6, 10.1],
			"faces": {
				"north": {"uv": [8, 9, 12, 10], "texture": "#9"},
				"east": {"uv": [12, 9, 16, 10], "texture": "#9"},
				"south": {"uv": [8, 9, 12, 10], "texture": "#9"},
				"west": {"uv": [12, 9, 16, 10], "texture": "#9"},
				"up": {"uv": [0, 0, 4, 6], "texture": "#9"},
				"down": {"uv": [8, 0, 12, 6], "texture": "#9"}
			}
		},
		{
			"from": [1.8, 5.2, 5.9],
			"to": [4.9, 6, 10.1],
			"faces": {
				"north": {"uv": [12, 10, 16, 11], "texture": "#9"},
				"east": {"uv": [8, 10, 12, 11], "texture": "#9"},
				"south": {"uv": [12, 10, 16, 11], "texture": "#9"},
				"west": {"uv": [8, 10, 12, 11], "texture": "#9"},
				"up": {"uv": [0, 0, 4, 6], "texture": "#missing"},
				"down": {"uv": [8, 10, 12, 11], "texture": "#9"}
			}
		},
		{
			"from": [11.1, 6, 5.9],
			"to": [14.1, 6.6, 10.1],
			"faces": {
				"north": {"uv": [8, 9, 12, 10], "texture": "#9"},
				"east": {"uv": [12, 9, 16, 10], "texture": "#9"},
				"south": {"uv": [8, 9, 12, 10], "texture": "#9"},
				"west": {"uv": [12, 9, 16, 10], "texture": "#9"},
				"up": {"uv": [0, 0, 4, 6], "texture": "#9"},
				"down": {"uv": [8, 0, 12, 6], "texture": "#9"}
			}
		},
		{
			"from": [11.1, 5.2, 5.9],
			"to": [14.1, 6, 10.1],
			"faces": {
				"north": {"uv": [12, 10, 16, 11], "texture": "#9"},
				"east": {"uv": [8, 10, 12, 11], "texture": "#9"},
				"south": {"uv": [12, 10, 16, 11], "texture": "#9"},
				"west": {"uv": [8, 10, 12, 11], "texture": "#9"},
				"up": {"uv": [0, 0, 4, 6], "texture": "#missing"},
				"down": {"uv": [8, 10, 12, 11], "texture": "#9"}
			}
		}
	],
	"display": {
		"thirdperson_righthand": {
			"rotation": [43, 136, 0],
			"translation": [-1.5, 3.25, 0.75],
			"scale": [0.47, 0.47, 0.47]
		},
		"thirdperson_lefthand": {
			"rotation": [43, 136, 0],
			"translation": [-1.5, 3.25, 0.75],
			"scale": [0.47, 0.47, 0.47]
		},
		"firstperson_righthand": {
			"rotation": [0, 128, 0],
			"translation": [0, 5.25, 0],
			"scale": [0.66, 0.66, 0.66]
		},
		"firstperson_lefthand": {
			"rotation": [0, 128, 0],
			"translation": [0, 5.25, 0],
			"scale": [0.66, 0.66, 0.66]
		},
		"ground": {
			"translation": [0, 0.25, 0],
			"scale": [0.48, 0.49, 0.49]
		},
		"gui": {
			"rotation": [30, 151, 4],
			"translation": [0.75, 2, 0],
			"scale": [0.91, 0.91, 0.91]
		},
		"head": {
			"translation": [0.25, 14.5, 0]
		},
		"fixed": {
			"rotation": [-90, 0, 0],
			"translation": [0, -0.25, -14],
			"scale": [2, 2, 2]
		}
	}
}