{
	"credit": "Made by MrVECKER (vk.com/vecker)",
	"textures": {
		"0": "cup/d",
		"1": "cup/bc",
		"particle": "cup/d"
	},
	"elements": [
		{
			"from": [6, 0, 5],
			"to": [9, 1, 10],
			"faces": {
				"north": {"uv": [7, 15, 10, 16], "texture": "#1"},
				"east": {"uv": [6, 15, 11, 16], "texture": "#0"},
				"south": {"uv": [7, 15, 10, 16], "texture": "#1"},
				"west": {"uv": [5, 15, 10, 16], "texture": "#0"},
				"up": {"uv": [6, 5, 9, 10], "texture": "#0"},
				"down": {"uv": [7, 11, 10, 16], "texture": "#1"}
			}
		},
		{
			"from": [5, 0, 6],
			"to": [6, 1, 9],
			"faces": {
				"north": {"uv": [10, 15, 11, 16], "texture": "#0"},
				"east": {"uv": [7, 15, 10, 16], "texture": "#0"},
				"south": {"uv": [5, 15, 6, 16], "texture": "#0"},
				"west": {"uv": [6, 15, 9, 16], "texture": "#0"},
				"up": {"uv": [5, 6, 6, 9], "texture": "#0"},
				"down": {"uv": [5, 7, 6, 10], "texture": "#0"}
			}
		},
		{
			"from": [9, 0, 6],
			"to": [10, 1, 9],
			"faces": {
				"north": {"uv": [6, 15, 7, 16], "texture": "#0"},
				"east": {"uv": [7, 15, 10, 16], "texture": "#0"},
				"south": {"uv": [9, 15, 10, 16], "texture": "#0"},
				"west": {"uv": [6, 15, 9, 16], "texture": "#0"},
				"up": {"uv": [9, 6, 10, 9], "texture": "#0"},
				"down": {"uv": [9, 7, 10, 10], "texture": "#0"}
			}
		},
		{
			"from": [5, 1, 3],
			"to": [10, 2, 12],
			"faces": {
				"north": {"uv": [6, 14, 11, 15], "texture": "#1"},
				"east": {"uv": [4, 14, 13, 15], "texture": "#0"},
				"south": {"uv": [6, 14, 11, 15], "texture": "#1"},
				"west": {"uv": [3, 14, 12, 15], "texture": "#0"},
				"up": {"uv": [5, 3, 10, 12], "texture": "#0"},
				"down": {"uv": [6, 3, 11, 12], "texture": "#1"}
			}
		},
		{
			"from": [4, 1, 4],
			"to": [5, 2, 11],
			"faces": {
				"north": {"uv": [11, 14, 12, 15], "texture": "#0"},
				"east": {"uv": [5, 14, 12, 15], "texture": "#0"},
				"south": {"uv": [4, 14, 5, 15], "texture": "#0"},
				"west": {"uv": [4, 14, 11, 15], "texture": "#0"},
				"up": {"uv": [4, 4, 5, 11], "texture": "#0"},
				"down": {"uv": [4, 5, 5, 12], "texture": "#0"}
			}
		},
		{
			"from": [10, 1, 4],
			"to": [11, 2, 11],
			"faces": {
				"north": {"uv": [5, 14, 6, 15], "texture": "#0"},
				"east": {"uv": [5, 14, 12, 15], "texture": "#0"},
				"south": {"uv": [10, 14, 11, 15], "texture": "#0"},
				"west": {"uv": [4, 14, 11, 15], "texture": "#0"},
				"up": {"uv": [10, 4, 11, 11], "texture": "#0"},
				"down": {"uv": [10, 5, 11, 12], "texture": "#0"}
			}
		},
		{
			"from": [11, 1, 5],
			"to": [12, 2, 10],
			"faces": {
				"north": {"uv": [4, 14, 5, 15], "texture": "#0"},
				"east": {"uv": [6, 14, 11, 15], "texture": "#0"},
				"south": {"uv": [11, 14, 12, 15], "texture": "#0"},
				"west": {"uv": [5, 14, 10, 15], "texture": "#0"},
				"up": {"uv": [11, 5, 12, 10], "texture": "#0"},
				"down": {"uv": [11, 6, 12, 11], "texture": "#0"}
			}
		},
		{
			"from": [3, 1, 5],
			"to": [4, 2, 10],
			"faces": {
				"north": {"uv": [12, 14, 13, 15], "texture": "#0"},
				"east": {"uv": [6, 14, 11, 15], "texture": "#0"},
				"south": {"uv": [3, 14, 4, 15], "texture": "#0"},
				"west": {"uv": [5, 14, 10, 15], "texture": "#0"},
				"up": {"uv": [3, 5, 4, 10], "texture": "#0"},
				"down": {"uv": [3, 6, 4, 11], "texture": "#0"}
			}
		},
		{
			"from": [5, 2, 2],
			"to": [10, 3, 13],
			"faces": {
				"north": {"uv": [6, 13, 11, 14], "texture": "#1"},
				"east": {"uv": [3, 13, 14, 14], "texture": "#0"},
				"south": {"uv": [6, 13, 11, 14], "texture": "#1"},
				"west": {"uv": [2, 13, 13, 14], "texture": "#0"},
				"up": {"uv": [5, 2, 10, 13], "texture": "#0"},
				"down": {"uv": [6, 3, 11, 14], "texture": "#1"}
			}
		},
		{
			"from": [11, 2, 4],
			"to": [12, 3, 11],
			"faces": {
				"north": {"uv": [5, 4, 6, 5], "texture": "#1"},
				"east": {"uv": [5, 7, 12, 8], "texture": "#1"},
				"south": {"uv": [5, 4, 6, 5], "texture": "#1"},
				"west": {"uv": [4, 13, 11, 14], "texture": "#0"},
				"up": {"uv": [11, 4, 12, 11], "texture": "#0"},
				"down": {"uv": [5, 4, 6, 5], "texture": "#1"}
			}
		},
		{
			"from": [12, 2, 5],
			"to": [13, 3, 10],
			"faces": {
				"north": {"uv": [5, 4, 6, 5], "texture": "#1"},
				"east": {"uv": [6, 7, 11, 8], "texture": "#1"},
				"south": {"uv": [5, 4, 6, 5], "texture": "#1"},
				"west": {"uv": [5, 13, 10, 14], "texture": "#0"},
				"up": {"uv": [12, 5, 13, 10], "texture": "#0"},
				"down": {"uv": [5, 4, 6, 5], "texture": "#1"}
			}
		},
		{
			"from": [10, 2, 3],
			"to": [11, 3, 12],
			"faces": {
				"north": {"uv": [5, 13, 6, 14], "texture": "#0"},
				"east": {"uv": [4, 13, 13, 14], "texture": "#0"},
				"south": {"uv": [10, 13, 11, 14], "texture": "#0"},
				"west": {"uv": [3, 13, 12, 14], "texture": "#0"},
				"up": {"uv": [10, 3, 11, 12], "texture": "#0"},
				"down": {"uv": [10, 4, 11, 13], "texture": "#0"}
			}
		},
		{
			"from": [2, 2, 5],
			"to": [3, 3, 10],
			"faces": {
				"north": {"uv": [5, 4, 6, 5], "texture": "#1"},
				"east": {"uv": [6, 13, 11, 14], "texture": "#0"},
				"south": {"uv": [5, 4, 6, 5], "texture": "#1"},
				"west": {"uv": [6, 7, 11, 8], "texture": "#1"},
				"up": {"uv": [2, 5, 3, 10], "texture": "#0"},
				"down": {"uv": [5, 4, 6, 5], "texture": "#1"}
			}
		},
		{
			"from": [3, 2, 4],
			"to": [4, 3, 11],
			"faces": {
				"north": {"uv": [5, 4, 6, 5], "texture": "#1"},
				"east": {"uv": [5, 13, 12, 14], "texture": "#0"},
				"south": {"uv": [5, 4, 6, 5], "texture": "#1"},
				"west": {"uv": [5, 7, 12, 8], "texture": "#1"},
				"up": {"uv": [3, 4, 4, 11], "texture": "#0"},
				"down": {"uv": [5, 4, 6, 5], "texture": "#1"}
			}
		},
		{
			"from": [4, 2, 3],
			"to": [5, 3, 12],
			"faces": {
				"north": {"uv": [11, 13, 12, 14], "texture": "#0"},
				"east": {"uv": [4, 13, 13, 14], "texture": "#0"},
				"south": {"uv": [4, 13, 5, 14], "texture": "#0"},
				"west": {"uv": [3, 13, 12, 14], "texture": "#0"},
				"up": {"uv": [4, 3, 5, 12], "texture": "#0"},
				"down": {"uv": [4, 4, 5, 13], "texture": "#0"}
			}
		},
		{
			"from": [5, 3, 1],
			"to": [10, 12, 14],
			"faces": {
				"north": {"uv": [6, 3, 11, 12], "texture": "#1"},
				"east": {"uv": [2, 4, 15, 13], "texture": "#0"},
				"south": {"uv": [6, 3, 11, 12], "texture": "#1"},
				"west": {"uv": [1, 4, 14, 13], "texture": "#0"},
				"up": {"uv": [6, 1, 11, 14], "texture": "#1"},
				"down": {"uv": [6, 2, 11, 15], "texture": "#1"}
			}
		},
		{
			"from": [3, 3, 3],
			"to": [4.1, 4, 12],
			"faces": {
				"north": {"uv": [5, 4, 6, 5], "texture": "#1"},
				"east": {"uv": [4, 12, 13, 13], "texture": "#0"},
				"south": {"uv": [3, 12, 4, 13], "texture": "#1"},
				"west": {"uv": [3, 7, 12.999, 7.999], "texture": "#1"},
				"up": {"uv": [3, 3, 4.1, 12], "texture": "#0"},
				"down": {"uv": [5, 4, 6, 5], "texture": "#1"}
			}
		},
		{
			"from": [2, 3, 4],
			"to": [3.1, 4, 11],
			"faces": {
				"north": {"uv": [12.9, 12, 14, 13], "texture": "#0"},
				"east": {"uv": [5, 12, 12, 13], "texture": "#0"},
				"south": {"uv": [2, 12, 3.1, 13], "texture": "#0"},
				"west": {"uv": [4, 12, 11, 13], "texture": "#0"},
				"up": {"uv": [2, 4, 3.1, 11], "texture": "#0"},
				"down": {"uv": [8, 5, 9, 12], "texture": "#1"}
			}
		},
		{
			"from": [1, 3, 5],
			"to": [2, 12, 10],
			"faces": {
				"north": {"uv": [14, 4, 15, 13], "texture": "#0"},
				"east": {"uv": [6, 4, 11, 13], "texture": "#0"},
				"south": {"uv": [1, 4, 2, 13], "texture": "#0"},
				"west": {"uv": [5, 4, 10, 13], "texture": "#0"},
				"up": {"uv": [1, 5, 2, 10], "texture": "#0"},
				"down": {"uv": [1, 6, 2, 11], "texture": "#0"}
			}
		},
		{
			"from": [4, 3, 2],
			"to": [5.1, 4, 13],
			"faces": {
				"north": {"uv": [5, 4, 6, 5], "texture": "#1"},
				"east": {"uv": [3, 12, 14, 13], "texture": "#0"},
				"south": {"uv": [5, 4, 6, 5], "texture": "#1"},
				"west": {"uv": [3, 7, 14, 8], "texture": "#1"},
				"up": {"uv": [4, 2, 5.1, 13], "texture": "#0"},
				"down": {"uv": [5, 4, 6, 5], "texture": "#1"}
			}
		},
		{
			"from": [11, 3, 3],
			"to": [12, 4, 12],
			"faces": {
				"north": {"uv": [5, 4, 6, 5], "texture": "#1"},
				"east": {"uv": [4, 7, 13, 8], "texture": "#1"},
				"south": {"uv": [5, 4, 6, 5], "texture": "#1"},
				"west": {"uv": [3, 12, 12, 13], "texture": "#0"},
				"up": {"uv": [11, 3, 12, 12], "texture": "#0"},
				"down": {"uv": [5, 4, 6, 5], "texture": "#1"}
			}
		},
		{
			"from": [13, 3, 5],
			"to": [14, 12, 10],
			"faces": {
				"north": {"uv": [2, 4, 3, 13], "texture": "#0"},
				"east": {"uv": [6, 4, 11, 13], "texture": "#0"},
				"south": {"uv": [13, 4, 14, 13], "texture": "#0"},
				"west": {"uv": [5, 4, 10, 13], "texture": "#0"},
				"up": {"uv": [13, 5, 14, 10], "texture": "#0"},
				"down": {"uv": [13, 6, 14, 11], "texture": "#0"}
			}
		},
		{
			"from": [10, 3, 2],
			"to": [11.1, 4, 13],
			"faces": {
				"north": {"uv": [5, 4, 6, 5], "texture": "#1"},
				"east": {"uv": [4, 7, 15, 8], "texture": "#1"},
				"south": {"uv": [11, 9, 12, 10], "texture": "#1"},
				"west": {"uv": [2, 12, 13, 13], "texture": "#0"},
				"up": {"uv": [10, 2, 11.1, 13], "texture": "#0"},
				"down": {"uv": [5, 4, 6, 5], "texture": "#1"}
			}
		},
		{
			"from": [12, 3, 4],
			"to": [13, 4, 11],
			"faces": {
				"north": {"uv": [3, 12, 4, 13], "texture": "#0"},
				"east": {"uv": [5, 12, 12, 13], "texture": "#0"},
				"south": {"uv": [12, 12, 13, 13], "texture": "#0"},
				"west": {"uv": [4, 12, 11, 13], "texture": "#0"},
				"up": {"uv": [12, 4, 13, 11], "texture": "#0"},
				"down": {"uv": [8, 4, 9, 11], "texture": "#1"}
			}
		},
		{
			"from": [12, 4, 3],
			"to": [13, 5, 12],
			"faces": {
				"north": {"uv": [3, 11, 4, 12], "texture": "#0"},
				"east": {"uv": [4, 11, 13, 12], "texture": "#0"},
				"south": {"uv": [12, 11, 13, 12], "texture": "#0"},
				"west": {"uv": [3, 11, 12, 12], "texture": "#0"},
				"up": {"uv": [12, 3, 13, 12], "texture": "#0"},
				"down": {"uv": [12, 4, 13, 13], "texture": "#0"}
			}
		},
		{
			"from": [11, 4, 2],
			"to": [12, 5, 13],
			"faces": {
				"north": {"uv": [4, 11, 5, 12], "texture": "#0"},
				"east": {"uv": [3, 11, 14, 12], "texture": "#0"},
				"south": {"uv": [11, 11, 12, 12], "texture": "#0"},
				"west": {"uv": [2, 11, 13, 12], "texture": "#0"},
				"up": {"uv": [11, 2, 12, 13], "texture": "#0"},
				"down": {"uv": [11, 3, 12, 14], "texture": "#0"}
			}
		},
		{
			"from": [13, 4, 10],
			"to": [14, 5, 11],
			"faces": {
				"north": {"uv": [2, 11, 3, 12], "texture": "#0"},
				"east": {"uv": [5, 11, 6, 12], "texture": "#0"},
				"south": {"uv": [13, 11, 14, 12], "texture": "#0"},
				"west": {"uv": [10, 11, 11, 12], "texture": "#0"},
				"up": {"uv": [13, 10, 14, 11], "texture": "#0"},
				"down": {"uv": [13, 5, 14, 6], "texture": "#0"}
			}
		},
		{
			"from": [13, 4, 4],
			"to": [14, 5, 5],
			"faces": {
				"north": {"uv": [2, 11, 3, 12], "texture": "#0"},
				"east": {"uv": [11, 11, 12, 12], "texture": "#0"},
				"south": {"uv": [13, 11, 14, 12], "texture": "#0"},
				"west": {"uv": [4, 11, 5, 12], "texture": "#0"},
				"up": {"uv": [13, 4, 14, 5], "texture": "#0"},
				"down": {"uv": [13, 11, 14, 12], "texture": "#0"}
			}
		},
		{
			"from": [10, 4, 1],
			"to": [11, 5, 14],
			"faces": {
				"north": {"uv": [5, 10, 6, 11], "texture": "#1"},
				"east": {"uv": [2, 11, 15, 12], "texture": "#0"},
				"south": {"uv": [6, 6, 7, 7], "texture": "#1"},
				"west": {"uv": [1, 11, 14, 12], "texture": "#0"},
				"up": {"uv": [10, 1, 11, 14], "texture": "#0"},
				"down": {"uv": [5, 4, 6, 5], "texture": "#1"}
			}
		},
		{
			"from": [4, 4, 1],
			"to": [5, 5, 14],
			"faces": {
				"north": {"uv": [11, 9, 12, 10], "texture": "#1"},
				"east": {"uv": [2, 11, 15, 12], "texture": "#0"},
				"south": {"uv": [6, 6, 7, 7], "texture": "#1"},
				"west": {"uv": [1, 11, 14, 12], "texture": "#0"},
				"up": {"uv": [4, 1, 5, 14], "texture": "#0"},
				"down": {"uv": [5, 4, 6, 5], "texture": "#1"}
			}
		},
		{
			"from": [3, 4, 2],
			"to": [4, 5, 13],
			"faces": {
				"north": {"uv": [12, 11, 13, 12], "texture": "#0"},
				"east": {"uv": [3, 11, 14, 12], "texture": "#0"},
				"south": {"uv": [3, 11, 4, 12], "texture": "#0"},
				"west": {"uv": [2, 11, 13, 12], "texture": "#0"},
				"up": {"uv": [3, 2, 4, 13], "texture": "#0"},
				"down": {"uv": [3, 3, 4, 14], "texture": "#0"}
			}
		},
		{
			"from": [2, 4, 3],
			"to": [3, 5, 12],
			"faces": {
				"north": {"uv": [13, 11, 14, 12], "texture": "#0"},
				"east": {"uv": [4, 11, 13, 12], "texture": "#0"},
				"south": {"uv": [2, 11, 3, 12], "texture": "#0"},
				"west": {"uv": [3, 11, 12, 12], "texture": "#0"},
				"up": {"uv": [2, 3, 3, 12], "texture": "#0"},
				"down": {"uv": [2, 4, 3, 13], "texture": "#0"}
			}
		},
		{
			"from": [1, 4, 10],
			"to": [2, 5, 11],
			"faces": {
				"north": {"uv": [14, 11, 15, 12], "texture": "#0"},
				"east": {"uv": [5, 11, 6, 12], "texture": "#0"},
				"south": {"uv": [1, 11, 2, 12], "texture": "#0"},
				"west": {"uv": [10, 11, 11, 12], "texture": "#0"},
				"up": {"uv": [1, 10, 2, 11], "texture": "#0"},
				"down": {"uv": [1, 5, 2, 6], "texture": "#0"}
			}
		},
		{
			"from": [1, 4, 4],
			"to": [2, 5, 5],
			"faces": {
				"north": {"uv": [14, 11, 15, 12], "texture": "#0"},
				"east": {"uv": [11, 11, 12, 12], "texture": "#0"},
				"south": {"uv": [1, 11, 2, 12], "texture": "#0"},
				"west": {"uv": [4, 11, 5, 12], "texture": "#0"},
				"up": {"uv": [1, 4, 2, 5], "texture": "#0"},
				"down": {"uv": [1, 11, 2, 12], "texture": "#0"}
			}
		},
		{
			"from": [2, 5, 2],
			"to": [3, 11, 13],
			"faces": {
				"north": {"uv": [13, 4, 14, 10], "texture": "#1"},
				"east": {"uv": [3, 5, 14, 11], "texture": "#0"},
				"south": {"uv": [2, 4, 3, 10], "texture": "#1"},
				"west": {"uv": [2, 4, 13, 10], "texture": "#1"},
				"up": {"uv": [2, 2, 3, 13], "texture": "#0"},
				"down": {"uv": [2, 3, 3, 14], "texture": "#0"}
			}
		},
		{
			"from": [1, 5, 3],
			"to": [2, 11, 5],
			"faces": {
				"north": {"uv": [14, 4, 15, 10], "texture": "#1"},
				"east": {"uv": [11, 5, 13, 11], "texture": "#0"},
				"south": {"uv": [1, 5, 2, 11], "texture": "#0"},
				"west": {"uv": [0, 4, 2, 10], "texture": "#1"},
				"up": {"uv": [1, 3, 2, 5], "texture": "#0"},
				"down": {"uv": [1, 11, 2, 13], "texture": "#0"}
			}
		},
		{
			"from": [3, 5, 1],
			"to": [5, 11, 14],
			"faces": {
				"north": {"uv": [11, 4, 13, 10], "texture": "#1"},
				"east": {"uv": [2, 5, 15, 11], "texture": "#0"},
				"south": {"uv": [4, 4, 6, 10], "texture": "#1"},
				"west": {"uv": [0, 4, 3, 10], "texture": "#1"},
				"up": {"uv": [10, 4, 12, 6], "texture": "#1"},
				"down": {"uv": [3, 2, 5, 15], "texture": "#0"}
			}
		},
		{
			"from": [1, 5, 10],
			"to": [2, 11, 12],
			"faces": {
				"north": {"uv": [14, 5, 15, 11], "texture": "#0"},
				"east": {"uv": [4, 5, 6, 11], "texture": "#0"},
				"south": {"uv": [1, 4, 2, 10], "texture": "#1"},
				"west": {"uv": [14, 4, 16, 10], "texture": "#1"},
				"up": {"uv": [1, 10, 2, 12], "texture": "#0"},
				"down": {"uv": [1, 4, 2, 6], "texture": "#0"}
			}
		},
		{
			"from": [13, 5, 3],
			"to": [14, 11, 5],
			"faces": {
				"north": {"uv": [2, 4, 3, 10], "texture": "#1"},
				"east": {"uv": [14, 4, 16, 10], "texture": "#1"},
				"south": {"uv": [13, 5, 14, 11], "texture": "#0"},
				"west": {"uv": [3, 5, 5, 11], "texture": "#0"},
				"up": {"uv": [13, 3, 14, 5], "texture": "#0"},
				"down": {"uv": [13, 11, 14, 13], "texture": "#0"}
			}
		},
		{
			"from": [13, 5, 10],
			"to": [14, 11, 12],
			"faces": {
				"north": {"uv": [2, 5, 3, 11], "texture": "#0"},
				"east": {"uv": [2, 4, 4, 10], "texture": "#1"},
				"south": {"uv": [13, 4, 14, 10], "texture": "#1"},
				"west": {"uv": [10, 5, 12, 11], "texture": "#0"},
				"up": {"uv": [13, 10, 14, 12], "texture": "#0"},
				"down": {"uv": [13, 4, 14, 6], "texture": "#0"}
			}
		},
		{
			"from": [10, 5, 1],
			"to": [12, 11, 14],
			"faces": {
				"north": {"uv": [4, 4, 6, 10], "texture": "#1"},
				"east": {"uv": [2, 4, 15, 10], "texture": "#1"},
				"south": {"uv": [11, 4, 13, 10], "texture": "#1"},
				"west": {"uv": [1, 5, 14, 11], "texture": "#0"},
				"up": {"uv": [5, 4, 7, 6], "texture": "#1"},
				"down": {"uv": [10, 2, 12, 15], "texture": "#0"}
			}
		},
		{
			"from": [12, 5, 2],
			"to": [13, 11, 13],
			"faces": {
				"north": {"uv": [3, 4, 4, 10], "texture": "#1"},
				"east": {"uv": [3, 4, 14, 10], "texture": "#1"},
				"south": {"uv": [12, 4, 13, 10], "texture": "#1"},
				"west": {"uv": [2, 5, 13, 11], "texture": "#0"},
				"up": {"uv": [12, 2, 13, 13], "texture": "#0"},
				"down": {"uv": [12, 3, 13, 14], "texture": "#0"}
			}
		},
		{
			"from": [12, 11, 4],
			"to": [13, 12, 11],
			"faces": {
				"north": {"uv": [3, 4, 4, 5], "texture": "#0"},
				"east": {"uv": [5, 4, 12, 5], "texture": "#0"},
				"south": {"uv": [12, 4, 13, 5], "texture": "#0"},
				"west": {"uv": [4, 4, 11, 5], "texture": "#0"},
				"up": {"uv": [8, 4, 9, 11], "texture": "#1"},
				"down": {"uv": [12, 5, 13, 12], "texture": "#0"}
			}
		},
		{
			"from": [11, 11, 3],
			"to": [12, 12, 12],
			"faces": {
				"north": {"uv": [5, 4, 6, 5], "texture": "#1"},
				"east": {"uv": [5, 7, 14, 8], "texture": "#1"},
				"south": {"uv": [11, 4, 12, 5], "texture": "#1"},
				"west": {"uv": [3, 4, 12, 5], "texture": "#0"},
				"up": {"uv": [5, 4, 6, 5], "texture": "#1"},
				"down": {"uv": [11, 4, 12, 13], "texture": "#0"}
			}
		},
		{
			"from": [10, 11, 2],
			"to": [11.1, 12, 13],
			"faces": {
				"north": {"uv": [5, 4, 6, 5], "texture": "#1"},
				"east": {"uv": [4, 7, 15, 8], "texture": "#1"},
				"south": {"uv": [8, 4, 9, 5], "texture": "#1"},
				"west": {"uv": [2, 4, 13, 5], "texture": "#0"},
				"up": {"uv": [5, 4, 6, 5], "texture": "#1"},
				"down": {"uv": [10, 3, 11.1, 14], "texture": "#0"}
			}
		},
		{
			"from": [4, 11, 2],
			"to": [5.1, 12, 13],
			"faces": {
				"north": {"uv": [5, 4, 6, 5], "texture": "#1"},
				"east": {"uv": [3, 4, 14, 5], "texture": "#0"},
				"south": {"uv": [5, 4, 6.1, 5], "texture": "#1"},
				"west": {"uv": [3, 7, 14, 8], "texture": "#1"},
				"up": {"uv": [5, 4, 6, 5], "texture": "#1"},
				"down": {"uv": [4, 3, 5.1, 14], "texture": "#0"}
			}
		},
		{
			"from": [3, 11, 3],
			"to": [4.1, 12, 12],
			"faces": {
				"north": {"uv": [11, 4, 12, 5], "texture": "#1"},
				"east": {"uv": [4, 4, 13, 5], "texture": "#0"},
				"south": {"uv": [4, 3, 5.1, 4], "texture": "#1"},
				"west": {"uv": [4, 7, 13, 8], "texture": "#1"},
				"up": {"uv": [5, 4, 6, 5], "texture": "#1"},
				"down": {"uv": [3, 4, 4.1, 13], "texture": "#0"}
			}
		},
		{
			"from": [2, 11, 4],
			"to": [3.1, 12, 11],
			"faces": {
				"north": {"uv": [12.9, 4, 14, 5], "texture": "#0"},
				"east": {"uv": [5, 4, 12, 5], "texture": "#0"},
				"south": {"uv": [2, 4, 3.1, 5], "texture": "#0"},
				"west": {"uv": [4, 4, 11, 5], "texture": "#0"},
				"up": {"uv": [8, 3, 9.1, 10], "texture": "#1"},
				"down": {"uv": [2, 5, 3.1, 12], "texture": "#0"}
			}
		},
		{
			"from": [2, 12, 5],
			"to": [3, 13, 10],
			"faces": {
				"north": {"uv": [5, 4, 6, 5], "texture": "#1"},
				"east": {"uv": [6, 3, 11, 4], "texture": "#0"},
				"south": {"uv": [8, 4, 9, 5], "texture": "#1"},
				"west": {"uv": [9, 7, 14, 8], "texture": "#1"},
				"up": {"uv": [5, 4, 6, 5], "texture": "#1"},
				"down": {"uv": [2, 6, 3, 11], "texture": "#0"}
			}
		},
		{
			"from": [3, 12, 4],
			"to": [4, 13, 11],
			"faces": {
				"north": {"uv": [5, 4, 6, 5], "texture": "#1"},
				"east": {"uv": [5, 3, 12, 4], "texture": "#0"},
				"south": {"uv": [8, 3, 9, 4], "texture": "#1"},
				"west": {"uv": [5, 7, 12, 8], "texture": "#1"},
				"up": {"uv": [5, 4, 6, 5], "texture": "#1"},
				"down": {"uv": [3, 5, 4, 12], "texture": "#0"}
			}
		},
		{
			"from": [4, 12, 3],
			"to": [5, 13, 12],
			"faces": {
				"north": {"uv": [4, 3, 5, 4], "texture": "#0"},
				"east": {"uv": [4, 3, 13, 4], "texture": "#0"},
				"south": {"uv": [4, 3, 5, 4], "texture": "#0"},
				"west": {"uv": [3, 7, 12, 8], "texture": "#0"},
				"up": {"uv": [4, 3, 5, 12], "texture": "#0"},
				"down": {"uv": [4, 4, 5, 13], "texture": "#0"}
			}
		},
		{
			"from": [12, 12, 5],
			"to": [13, 13, 10],
			"faces": {
				"north": {"uv": [4, 3, 5, 4], "texture": "#1"},
				"east": {"uv": [6, 7, 11, 8], "texture": "#1"},
				"south": {"uv": [12, 3, 13, 4], "texture": "#1"},
				"west": {"uv": [5, 3, 10, 4], "texture": "#0"},
				"up": {"uv": [5, 4, 6, 5], "texture": "#1"},
				"down": {"uv": [12, 6, 13, 11], "texture": "#0"}
			}
		},
		{
			"from": [11, 12, 4],
			"to": [12, 13, 11],
			"faces": {
				"north": {"uv": [5, 4, 6, 5], "texture": "#1"},
				"east": {"uv": [5, 7, 12, 8], "texture": "#1"},
				"south": {"uv": [8, 5, 9, 6], "texture": "#1"},
				"west": {"uv": [4, 3, 11, 4], "texture": "#0"},
				"up": {"uv": [5, 4, 6, 5], "texture": "#1"},
				"down": {"uv": [11, 5, 12, 12], "texture": "#0"}
			}
		},
		{
			"from": [10, 12, 3],
			"to": [11, 13, 12],
			"faces": {
				"north": {"uv": [5, 3, 6, 4], "texture": "#0"},
				"east": {"uv": [4, 3, 13, 4], "texture": "#0"},
				"south": {"uv": [10, 3, 11, 4], "texture": "#0"},
				"west": {"uv": [3, 3, 12, 4], "texture": "#0"},
				"up": {"uv": [10, 3, 11, 12], "texture": "#0"},
				"down": {"uv": [10, 4, 11, 13], "texture": "#0"}
			}
		},
		{
			"from": [5, 12, 2],
			"to": [10, 13, 13],
			"faces": {
				"north": {"uv": [6, 3, 11, 4], "texture": "#1"},
				"east": {"uv": [3, 3, 14, 4], "texture": "#0"},
				"south": {"uv": [6, 3, 11, 4], "texture": "#1"},
				"west": {"uv": [2, 3, 13, 4], "texture": "#0"},
				"up": {"uv": [6, 2, 11, 13], "texture": "#1"},
				"down": {"uv": [5, 3, 10, 14], "texture": "#0"}
			}
		},
		{
			"from": [11, 13, 5],
			"to": [12, 14, 10],
			"faces": {
				"north": {"uv": [4, 2, 5, 3], "texture": "#0"},
				"east": {"uv": [6, 2, 11, 3], "texture": "#0"},
				"south": {"uv": [11, 2, 12, 3], "texture": "#0"},
				"west": {"uv": [5, 2, 10, 3], "texture": "#0"},
				"up": {"uv": [11, 5, 12, 10], "texture": "#0"},
				"down": {"uv": [11, 6, 12, 11], "texture": "#0"}
			}
		},
		{
			"from": [10, 13, 4],
			"to": [11, 14, 11],
			"faces": {
				"north": {"uv": [5, 2, 6, 3], "texture": "#0"},
				"east": {"uv": [5, 2, 12, 3], "texture": "#0"},
				"south": {"uv": [10, 2, 11, 3], "texture": "#0"},
				"west": {"uv": [4, 2, 11, 3], "texture": "#0"},
				"up": {"uv": [10, 4, 11, 11], "texture": "#0"},
				"down": {"uv": [10, 5, 11, 12], "texture": "#0"}
			}
		},
		{
			"from": [5, 13, 3],
			"to": [10, 14, 12],
			"faces": {
				"north": {"uv": [6, 2, 11, 3], "texture": "#1"},
				"east": {"uv": [4, 2, 13, 3], "texture": "#0"},
				"south": {"uv": [6, 1, 11, 2], "texture": "#1"},
				"west": {"uv": [3, 2, 12, 3], "texture": "#0"},
				"up": {"uv": [6, 3, 11, 12], "texture": "#1"},
				"down": {"uv": [5, 4, 10, 13], "texture": "#0"}
			}
		},
		{
			"from": [4, 13, 4],
			"to": [5, 14, 11],
			"faces": {
				"north": {"uv": [11, 2, 12, 3], "texture": "#0"},
				"east": {"uv": [5, 2, 12, 3], "texture": "#0"},
				"south": {"uv": [4, 2, 5, 3], "texture": "#0"},
				"west": {"uv": [4, 2, 11, 3], "texture": "#0"},
				"up": {"uv": [4, 4, 5, 11], "texture": "#0"},
				"down": {"uv": [4, 5, 5, 12], "texture": "#0"}
			}
		},
		{
			"from": [3, 13, 5],
			"to": [4, 14, 10],
			"faces": {
				"north": {"uv": [12, 2, 13, 3], "texture": "#0"},
				"east": {"uv": [6, 2, 11, 3], "texture": "#0"},
				"south": {"uv": [3, 2, 4, 3], "texture": "#0"},
				"west": {"uv": [5, 2, 10, 3], "texture": "#0"},
				"up": {"uv": [3, 5, 4, 10], "texture": "#0"},
				"down": {"uv": [3, 6, 4, 11], "texture": "#0"}
			}
		},
		{
			"from": [6, 14, 5],
			"to": [9, 15, 10],
			"faces": {
				"north": {"uv": [7, 1, 10, 2], "texture": "#1"},
				"east": {"uv": [6, 1, 11, 2], "texture": "#0"},
				"south": {"uv": [7, 1, 10, 2], "texture": "#1"},
				"west": {"uv": [5, 1, 10, 2], "texture": "#0"},
				"up": {"uv": [7, 0, 10, 5], "texture": "#1"},
				"down": {"uv": [6, 6, 9, 11], "texture": "#0"}
			}
		},
		{
			"from": [9, 14, 6],
			"to": [10, 15, 9],
			"faces": {
				"north": {"uv": [6, 1, 7, 2], "texture": "#0"},
				"east": {"uv": [7, 1, 10, 2], "texture": "#0"},
				"south": {"uv": [9, 1, 10, 2], "texture": "#0"},
				"west": {"uv": [6, 1, 9, 2], "texture": "#0"},
				"up": {"uv": [9, 6, 10, 9], "texture": "#0"},
				"down": {"uv": [9, 7, 10, 10], "texture": "#0"}
			}
		},
		{
			"from": [5, 14, 6],
			"to": [6, 15, 9],
			"faces": {
				"north": {"uv": [10, 1, 11, 2], "texture": "#0"},
				"east": {"uv": [7, 1, 10, 2], "texture": "#0"},
				"south": {"uv": [5, 1, 6, 2], "texture": "#0"},
				"west": {"uv": [6, 1, 9, 2], "texture": "#0"},
				"up": {"uv": [5, 6, 6, 9], "texture": "#0"},
				"down": {"uv": [5, 7, 6, 10], "texture": "#0"}
			}
		},
		{
			"from": [6, 5, 0],
			"to": [9, 10, 1],
			"faces": {
				"north": {"uv": [7, 5, 10, 10], "texture": "#1"},
				"east": {"uv": [15, 6, 16, 11], "texture": "#0"},
				"south": {"uv": [6, 6, 9, 11], "texture": "#0"},
				"west": {"uv": [0, 6, 1, 11], "texture": "#0"},
				"up": {"uv": [7, 0, 10, 1], "texture": "#1"},
				"down": {"uv": [7, 15, 10, 16], "texture": "#1"}
			}
		},
		{
			"from": [9, 6, 0],
			"to": [10, 9, 1],
			"faces": {
				"north": {"uv": [6, 6, 7, 9], "texture": "#1"},
				"east": {"uv": [15, 6, 16, 9], "texture": "#1"},
				"south": {"uv": [9, 7, 10, 10], "texture": "#0"},
				"west": {"uv": [0, 7, 1, 10], "texture": "#0"},
				"up": {"uv": [5, 4, 6, 5], "texture": "#1"},
				"down": {"uv": [5, 4, 6, 5], "texture": "#1"}
			}
		},
		{
			"from": [5, 6, 0],
			"to": [6, 9, 1],
			"faces": {
				"north": {"uv": [10, 6, 11, 7], "texture": "#1"},
				"east": {"uv": [15, 7, 16, 10], "texture": "#0"},
				"south": {"uv": [5, 7, 6, 10], "texture": "#0"},
				"west": {"uv": [1, 6, 2, 9], "texture": "#1"},
				"up": {"uv": [5, 4, 6, 5], "texture": "#1"},
				"down": {"uv": [5, 4, 6, 5], "texture": "#1"}
			}
		},
		{
			"from": [14, 5, 6],
			"to": [15, 10, 9],
			"faces": {
				"north": {"uv": [1, 6, 2, 11], "texture": "#0"},
				"east": {"uv": [0, 5, 3, 10], "texture": "#1"},
				"south": {"uv": [14, 6, 15, 11], "texture": "#0"},
				"west": {"uv": [6, 6, 9, 11], "texture": "#0"},
				"up": {"uv": [14, 6, 15, 9], "texture": "#0"},
				"down": {"uv": [14, 7, 15, 10], "texture": "#0"}
			}
		},
		{
			"from": [14, 6, 5],
			"to": [15, 9, 6],
			"faces": {
				"north": {"uv": [0, 6, 1, 9], "texture": "#1"},
				"east": {"uv": [13, 6, 14, 9], "texture": "#1"},
				"south": {"uv": [14, 7, 15, 10], "texture": "#0"},
				"west": {"uv": [5, 7, 6, 10], "texture": "#0"},
				"up": {"uv": [14, 5, 15, 6], "texture": "#0"},
				"down": {"uv": [14, 10, 15, 11], "texture": "#0"}
			}
		},
		{
			"from": [14, 6, 9],
			"to": [15, 9, 10],
			"faces": {
				"north": {"uv": [1, 7, 2, 10], "texture": "#0"},
				"east": {"uv": [3, 6, 4, 9], "texture": "#1"},
				"south": {"uv": [14, 6, 15, 9], "texture": "#1"},
				"west": {"uv": [9, 7, 10, 10], "texture": "#0"},
				"up": {"uv": [14, 9, 15, 10], "texture": "#0"},
				"down": {"uv": [14, 6, 15, 7], "texture": "#0"}
			}
		},
		{
			"from": [6, 5, 14],
			"to": [9, 10, 15],
			"faces": {
				"north": {"uv": [7, 6, 10, 11], "texture": "#0"},
				"east": {"uv": [1, 6, 2, 11], "texture": "#0"},
				"south": {"uv": [7, 5, 10, 10], "texture": "#1"},
				"west": {"uv": [14, 6, 15, 11], "texture": "#0"},
				"up": {"uv": [7, 14, 10, 15], "texture": "#1"},
				"down": {"uv": [7, 1, 10, 2], "texture": "#1"}
			}
		},
		{
			"from": [9, 6, 14],
			"to": [10, 9, 15],
			"faces": {
				"north": {"uv": [6, 7, 7, 10], "texture": "#0"},
				"east": {"uv": [1, 6, 2, 9], "texture": "#1"},
				"south": {"uv": [10, 6, 11, 9], "texture": "#1"},
				"west": {"uv": [14, 7, 15, 10], "texture": "#0"},
				"up": {"uv": [8, 14, 9, 15], "texture": "#1"},
				"down": {"uv": [8, 14, 9, 15], "texture": "#1"}
			}
		},
		{
			"from": [5, 6, 14],
			"to": [6, 9, 15],
			"faces": {
				"north": {"uv": [10, 7, 11, 10], "texture": "#0"},
				"east": {"uv": [1, 7, 2, 10], "texture": "#0"},
				"south": {"uv": [6, 6, 7, 9], "texture": "#1"},
				"west": {"uv": [1, 6, 2, 9], "texture": "#1"},
				"up": {"uv": [8, 14, 9, 15], "texture": "#1"},
				"down": {"uv": [8, 14, 9, 15], "texture": "#1"}
			}
		},
		{
			"from": [0, 5, 6],
			"to": [1, 10, 9],
			"faces": {
				"north": {"uv": [15, 6, 16, 11], "texture": "#0"},
				"east": {"uv": [7, 6, 10, 11], "texture": "#0"},
				"south": {"uv": [0, 6, 1, 11], "texture": "#0"},
				"west": {"uv": [0, 5, 3, 10], "texture": "#1"},
				"up": {"uv": [0, 6, 1, 9], "texture": "#0"},
				"down": {"uv": [0, 7, 1, 10], "texture": "#0"}
			}
		},
		{
			"from": [0, 6, 5],
			"to": [1, 9, 6],
			"faces": {
				"north": {"uv": [15, 6, 16, 9], "texture": "#1"},
				"east": {"uv": [10, 7, 11, 10], "texture": "#0"},
				"south": {"uv": [0, 7, 1, 10], "texture": "#0"},
				"west": {"uv": [3, 6, 4, 9], "texture": "#1"},
				"up": {"uv": [0, 5, 1, 6], "texture": "#0"},
				"down": {"uv": [0, 10, 1, 11], "texture": "#0"}
			}
		},
		{
			"from": [0, 6, 9],
			"to": [1, 9, 10],
			"faces": {
				"north": {"uv": [15, 7, 16, 10], "texture": "#0"},
				"east": {"uv": [6, 7, 7, 10], "texture": "#0"},
				"south": {"uv": [0, 6, 1, 9], "texture": "#1"},
				"west": {"uv": [14, 6, 15, 9], "texture": "#1"},
				"up": {"uv": [0, 9, 1, 10], "texture": "#0"},
				"down": {"uv": [0, 6, 1, 7], "texture": "#0"}
			}
		}
	],
	"display": {
		"thirdperson_righthand": {
			"translation": [0, 1.25, 0],
			"scale": [0.19, 0.19, 0.19]
		},
		"thirdperson_lefthand": {
			"translation": [0, 1.25, 0],
			"scale": [0.19, 0.19, 0.19]
		},
		"firstperson_righthand": {
			"translation": [0, 1.25, 0],
			"scale": [0.19, 0.19, 0.19]
		},
		"firstperson_lefthand": {
			"translation": [0, 1.25, 0],
			"scale": [0.19, 0.19, 0.19]
		},
		"ground": {
			"translation": [0, -3.25, 0],
			"scale": [0.19, 0.19, 0.19]
		},
		"gui": {
			"rotation": [42, 42, 0],
			"translation": [0.5, 0.5, -3.25],
			"scale": [0.56, 0.56, 0.56]
		},
		"head": {
			"translation": [0, -38.5, 0],
			"scale": [0.44, 0.44, 0.44]
		},
		"fixed": {
			"rotation": [42, 42, 0],
			"translation": [0.25, 1.5, -3.25],
			"scale": [0.46, 0.46, 0.46]
		}
	}
}