{
	"credit": "Made by DrVECKER",
	"textures": {
		"0": "hats/card_a",
		"1": "hats/card_b",
		"particle": "hats/card_a"
	},
	"elements": [
		{
			"from": [5, 3, 8.9],
			"to": [10, 6, 9],
			"faces": {
				"north": {"uv": [0.125, 3.5, 16, 13.125], "texture": "#0"},
				"east": {"uv": [1.75, 5.5, 1.85, 8.5], "texture": "#1"},
				"south": {"uv": [0.375, 3.5, 15.625, 12.75], "texture": "#1"},
				"west": {"uv": [1.75, 5.5, 1.85, 8.5], "texture": "#1"},
				"up": {"uv": [1.75, 5.5, 1.85, 8.5], "texture": "#1"},
				"down": {"uv": [1.75, 5.5, 1.85, 8.5], "texture": "#1"}
			}
		}
	],
	"display": {
		"thirdperson_righthand": {
			"rotation": [0, 137, 0],
			"translation": [-3.5, 4, -0.25]
		},
		"thirdperson_lefthand": {
			"rotation": [0, 137, 0],
			"translation": [-3.5, 3.25, 0.75]
		},
		"firstperson_righthand": {
			"rotation": [0, 112, 0],
			"translation": [0, 6, 0]
		},
		"firstperson_lefthand": {
			"rotation": [0, 112, 0],
			"translation": [0, 6, 0]
		},
		"ground": {
			"rotation": [95, -1, 0],
			"translation": [0, 0, 4.5],
			"scale": [1.18, 1.18, 1.18]
		},
		"gui": {
			"rotation": [29, 139, 0],
			"translation": [-2, 7.5, 0],
			"scale": [2.46, 2.44, 2.44]
		},
		"fixed": {
			"translation": [0.75, 7, -2],
			"scale": [1.98, 1.95, 1.95]
		}
	}
}