{
	"credit": "Made by DrVECKER",
	"textures": {
		"0": "hats/mask/obsidian",
		"1": "hats/mask/lava_flow",
		"particle": "hats/mask/obsidian"
	},
	"elements": [
		{
			"from": [4, 1, 11],
			"to": [10, 4, 13],
			"rotation": {"angle": 0, "axis": "y", "origin": [8, 10, 8]},
			"faces": {
				"north": {"uv": [0, 0, 6, 3], "texture": "#0"},
				"east": {"uv": [0, 0, 2, 3], "texture": "#0"},
				"south": {"uv": [0, 0, 6, 3], "texture": "#0"},
				"west": {"uv": [0, 0, 2, 3], "texture": "#0"},
				"up": {"uv": [0, 0, 6, 2], "rotation": 180, "texture": "#0"},
				"down": {"uv": [0, 0, 6, 2], "rotation": 180, "texture": "#0"}
			}
		},
		{
			"from": [4, 4, 12],
			"to": [11, 9, 14],
			"rotation": {"angle": 0, "axis": "y", "origin": [8, 10, 8]},
			"faces": {
				"north": {"uv": [0, 0, 7, 5], "texture": "#0"},
				"east": {"uv": [0, 0, 2, 5], "texture": "#0"},
				"south": {"uv": [0, 0, 7, 5], "texture": "#0"},
				"west": {"uv": [0, 0, 2, 5], "texture": "#0"},
				"up": {"uv": [0, 0, 7, 2], "rotation": 180, "texture": "#0"},
				"down": {"uv": [0, 0, 7, 2], "rotation": 180, "texture": "#0"}
			}
		},
		{
			"from": [7, 9, 11],
			"to": [12, 13, 13],
			"rotation": {"angle": 0, "axis": "y", "origin": [8, 10, 8]},
			"faces": {
				"north": {"uv": [0, 0, 5, 4], "texture": "#0"},
				"east": {"uv": [0, 0, 2, 4], "texture": "#0"},
				"south": {"uv": [0, 0, 5, 4], "texture": "#0"},
				"west": {"uv": [0, 0, 2, 4], "texture": "#0"},
				"up": {"uv": [0, 0, 5, 2], "rotation": 180, "texture": "#0"},
				"down": {"uv": [0, 0, 5, 2], "rotation": 180, "texture": "#0"}
			}
		},
		{
			"from": [1, 6, 6],
			"to": [3, 10, 12],
			"rotation": {"angle": 0, "axis": "y", "origin": [8, 10, 8]},
			"faces": {
				"north": {"uv": [0, 0, 2, 4], "texture": "#0"},
				"east": {"uv": [0, 0, 6, 4], "texture": "#0"},
				"south": {"uv": [0, 0, 2, 4], "texture": "#0"},
				"west": {"uv": [0, 0, 6, 4], "texture": "#0"},
				"up": {"uv": [0, 0, 6, 2], "rotation": 270, "texture": "#0"},
				"down": {"uv": [0, 0, 6, 2], "rotation": 90, "texture": "#0"}
			}
		},
		{
			"from": [8, 13, 10],
			"to": [11, 15, 11],
			"rotation": {"angle": 0, "axis": "y", "origin": [8, 10, 8]},
			"faces": {
				"north": {"uv": [0, 0, 3, 2], "texture": "#0"},
				"east": {"uv": [0, 0, 1, 2], "texture": "#0"},
				"south": {"uv": [0, 0, 3, 2], "texture": "#0"},
				"west": {"uv": [0, 0, 1, 2], "texture": "#0"},
				"up": {"uv": [0, 0, 3, 1], "rotation": 180, "texture": "#0"},
				"down": {"uv": [0, 0, 3, 1], "rotation": 180, "texture": "#0"}
			}
		},
		{
			"from": [8, 15, 8],
			"to": [11, 16, 10],
			"rotation": {"angle": 0, "axis": "y", "origin": [8, 10, 8]},
			"faces": {
				"north": {"uv": [0, 0, 3, 1], "texture": "#0"},
				"east": {"uv": [0, 0, 2, 1], "texture": "#0"},
				"south": {"uv": [0, 0, 3, 1], "texture": "#0"},
				"west": {"uv": [0, 0, 2, 1], "texture": "#0"},
				"up": {"uv": [0, 0, 3, 2], "rotation": 180, "texture": "#0"},
				"down": {"uv": [0, 0, 3, 2], "rotation": 180, "texture": "#0"}
			}
		},
		{
			"from": [2, 10, 6],
			"to": [3, 12, 9],
			"rotation": {"angle": 0, "axis": "y", "origin": [8, 10, 8]},
			"faces": {
				"north": {"uv": [0, 0, 1, 2], "texture": "#0"},
				"east": {"uv": [0, 0, 3, 2], "texture": "#0"},
				"south": {"uv": [0, 0, 1, 2], "texture": "#0"},
				"west": {"uv": [0, 0, 3, 2], "texture": "#0"},
				"up": {"uv": [0, 0, 3, 1], "rotation": 270, "texture": "#0"},
				"down": {"uv": [0, 0, 3, 1], "rotation": 90, "texture": "#0"}
			}
		},
		{
			"from": [3, 12, 6],
			"to": [4, 13, 9],
			"rotation": {"angle": 0, "axis": "y", "origin": [8, 10, 8]},
			"faces": {
				"north": {"uv": [0, 0, 1, 1], "texture": "#0"},
				"east": {"uv": [0, 0, 3, 1], "texture": "#0"},
				"south": {"uv": [0, 0, 1, 1], "texture": "#0"},
				"west": {"uv": [0, 0, 3, 1], "texture": "#0"},
				"up": {"uv": [0, 0, 3, 1], "rotation": 270, "texture": "#0"},
				"down": {"uv": [0, 0, 3, 1], "rotation": 90, "texture": "#0"}
			}
		},
		{
			"from": [5, 0, 5],
			"to": [11, 1, 11],
			"rotation": {"angle": 0, "axis": "y", "origin": [8, 10, 8]},
			"faces": {
				"north": {"uv": [0, 0, 6, 1], "texture": "#0"},
				"east": {"uv": [0, 0, 6, 1], "texture": "#0"},
				"south": {"uv": [0, 0, 6, 1], "texture": "#0"},
				"west": {"uv": [0, 0, 6, 1], "texture": "#0"},
				"up": {"uv": [0, 0, 6, 6], "rotation": 180, "texture": "#0"},
				"down": {"uv": [0, 0, 6, 6], "rotation": 180, "texture": "#0"}
			}
		},
		{
			"from": [5, 1.1, 5],
			"to": [11, 1.4, 11],
			"rotation": {"angle": 0, "axis": "y", "origin": [8, 10, 8]},
			"faces": {
				"north": {"uv": [0, 0, 6, 0.3], "texture": "#1"},
				"east": {"uv": [0, 0, 6, 0.3], "texture": "#1"},
				"south": {"uv": [0, 0, 6, 0.3], "texture": "#1"},
				"west": {"uv": [0, 0, 6, 0.3], "texture": "#1"},
				"up": {"uv": [0, 0, 6, 6], "rotation": 180, "texture": "#1"},
				"down": {"uv": [0, 0, 6, 6], "rotation": 180, "texture": "#1"}
			}
		},
		{
			"from": [5, -6, -0.4],
			"to": [11, -3, 0],
			"rotation": {"angle": 0, "axis": "y", "origin": [8, -3.1, -3]},
			"faces": {
				"north": {"uv": [5, 6, 11, 9], "texture": "#1"},
				"east": {"uv": [0, 0, 0.4, 3], "texture": "#1"},
				"south": {"uv": [0, 0, 6, 3], "texture": "#1"},
				"west": {"uv": [0, 0, 0.4, 3], "texture": "#1"},
				"up": {"uv": [0, 0, 6, 0.4], "rotation": 180, "texture": "#1"},
				"down": {"uv": [0, 0, 6, 0.4], "rotation": 180, "texture": "#1"}
			}
		},
		{
			"from": [4, -3, -0.4],
			"to": [13, 0.3, 0],
			"rotation": {"angle": 0, "axis": "y", "origin": [8, -3.1, -3]},
			"faces": {
				"north": {"uv": [3, 3, 12, 7], "texture": "#1"},
				"east": {"uv": [0, 0, 0.4, 3], "texture": "#1"},
				"south": {"uv": [0, 0, 9, 3], "texture": "#1"},
				"west": {"uv": [0, 0, 0.4, 3], "texture": "#1"},
				"up": {"uv": [0, 0, 9, 0.4], "rotation": 180, "texture": "#1"},
				"down": {"uv": [0, 0, 9, 0.4], "rotation": 180, "texture": "#1"}
			}
		},
		{
			"from": [5, -9, -0.4],
			"to": [10, -6, 0],
			"rotation": {"angle": 0, "axis": "y", "origin": [8, -3.1, -3]},
			"faces": {
				"north": {"uv": [6, 9, 11, 12], "texture": "#1"},
				"east": {"uv": [0, 0, 0.4, 3], "texture": "#1"},
				"south": {"uv": [0, 0, 5, 3], "texture": "#1"},
				"west": {"uv": [0, 0, 0.4, 3], "texture": "#1"},
				"up": {"uv": [0, 0, 5, 0.4], "rotation": 180, "texture": "#1"},
				"down": {"uv": [0, 0, 5, 0.4], "rotation": 180, "texture": "#1"}
			}
		},
		{
			"from": [9, -12, -0.4],
			"to": [10, -9, 0],
			"rotation": {"angle": 0, "axis": "y", "origin": [8, -3.1, -3]},
			"faces": {
				"north": {"uv": [6, 12, 7, 15], "texture": "#1"},
				"east": {"uv": [0, 0, 0.4, 3], "texture": "#1"},
				"south": {"uv": [0, 0, 5, 3], "texture": "#1"},
				"west": {"uv": [0, 0, 0.4, 3], "texture": "#1"},
				"up": {"uv": [0, 0, 5, 0.4], "rotation": 180, "texture": "#1"},
				"down": {"uv": [0, 0, 5, 0.4], "rotation": 180, "texture": "#1"}
			}
		},
		{
			"from": [6, -10, -0.4],
			"to": [7, -9, 0],
			"rotation": {"angle": 0, "axis": "y", "origin": [8, -3.1, -3]},
			"faces": {
				"north": {"uv": [9, 12, 10, 13], "texture": "#1"},
				"east": {"uv": [0, 0, 0.4, 3], "texture": "#1"},
				"south": {"uv": [0, 0, 5, 3], "texture": "#1"},
				"west": {"uv": [0, 0, 0.4, 3], "texture": "#1"},
				"up": {"uv": [0, 0, 5, 0.4], "rotation": 180, "texture": "#1"},
				"down": {"uv": [0, 0, 5, 0.4], "rotation": 180, "texture": "#1"}
			}
		},
		{
			"from": [8, -10, -0.4],
			"to": [9, -9, 0],
			"rotation": {"angle": 0, "axis": "y", "origin": [8, -3.1, -3]},
			"faces": {
				"north": {"uv": [7, 12, 8, 13], "texture": "#1"},
				"east": {"uv": [0, 0, 0.4, 3], "texture": "#1"},
				"south": {"uv": [0, 0, 5, 3], "texture": "#1"},
				"west": {"uv": [0, 0, 0.4, 3], "texture": "#1"},
				"up": {"uv": [0, 0, 5, 0.4], "rotation": 180, "texture": "#1"},
				"down": {"uv": [0, 0, 5, 0.4], "rotation": 180, "texture": "#1"}
			}
		},
		{
			"from": [10, 0.1, 10],
			"to": [11.1, 1.425, 11.1],
			"rotation": {"angle": 0, "axis": "y", "origin": [8, 10, 8]},
			"faces": {
				"north": {"uv": [0, 0, 1.1, 1.325], "texture": "#1"},
				"east": {"uv": [0, 0, 1.1, 1.325], "texture": "#1"},
				"south": {"uv": [0, 0, 1.1, 1.325], "texture": "#1"},
				"west": {"uv": [0, 0, 1.1, 1.325], "texture": "#1"},
				"up": {"uv": [0, 0, 1.1, 1.1], "rotation": 180, "texture": "#1"},
				"down": {"uv": [0, 0, 1.1, 1.1], "rotation": 180, "texture": "#1"}
			}
		},
		{
			"from": [4.95, 0.1, 10],
			"to": [6.05, 1.425, 11.1],
			"rotation": {"angle": 0, "axis": "y", "origin": [8, 10, 8]},
			"faces": {
				"north": {"uv": [0, 0, 1.1, 1.325], "texture": "#1"},
				"east": {"uv": [0, 0, 1.1, 1.325], "texture": "#1"},
				"south": {"uv": [0, 0, 1.1, 1.325], "texture": "#1"},
				"west": {"uv": [0, 0, 1.1, 1.325], "texture": "#1"},
				"up": {"uv": [0, 0, 1.1, 1.1], "rotation": 180, "texture": "#1"},
				"down": {"uv": [0, 0, 1.1, 1.1], "rotation": 180, "texture": "#1"}
			}
		},
		{
			"from": [6, 0.1, 4],
			"to": [10, 1.4, 5],
			"rotation": {"angle": 0, "axis": "y", "origin": [8, 10, 8]},
			"faces": {
				"north": {"uv": [0, 0, 4, 1.3], "texture": "#1"},
				"east": {"uv": [0, 0, 1, 1.3], "texture": "#1"},
				"south": {"uv": [0, 0, 4, 1.3], "texture": "#1"},
				"west": {"uv": [0, 0, 1, 1.3], "texture": "#1"},
				"up": {"uv": [0, 0, 4, 1], "rotation": 180, "texture": "#1"},
				"down": {"uv": [0, 0, 4, 1], "rotation": 180, "texture": "#1"}
			}
		},
		{
			"from": [1, 0, 1],
			"to": [14, 0.3, 15],
			"rotation": {"angle": 0, "axis": "y", "origin": [8, 9.9, 8]},
			"faces": {
				"north": {"uv": [0, 0, 13, 0.3], "texture": "#1"},
				"east": {"uv": [0, 0, 14, 0.3], "texture": "#1"},
				"south": {"uv": [0, 0, 13, 0.3], "texture": "#1"},
				"west": {"uv": [0, 0, 14, 0.3], "texture": "#1"},
				"up": {"uv": [0, 0, 13, 14], "rotation": 180, "texture": "#1"},
				"down": {"uv": [0, 0, 13, 14], "rotation": 180, "texture": "#1"}
			}
		},
		{
			"from": [0, 0, 6],
			"to": [1, 0.3, 11],
			"rotation": {"angle": 0, "axis": "y", "origin": [8, 9.9, 8]},
			"faces": {
				"north": {"uv": [0, 0, 1, 0.3], "texture": "#1"},
				"east": {"uv": [0, 0, 5, 0.3], "texture": "#1"},
				"south": {"uv": [0, 0, 1, 0.3], "texture": "#1"},
				"west": {"uv": [0, 0, 5, 0.3], "texture": "#1"},
				"up": {"uv": [0, 0, 1, 5], "rotation": 180, "texture": "#1"},
				"down": {"uv": [0, 0, 1, 5], "rotation": 180, "texture": "#1"}
			}
		},
		{
			"from": [4, 0, 15],
			"to": [13, 0.3, 16],
			"rotation": {"angle": 0, "axis": "y", "origin": [8, 9.9, 8]},
			"faces": {
				"north": {"uv": [0, 0, 9, 0.3], "texture": "#1"},
				"east": {"uv": [0, 0, 1, 0.3], "texture": "#1"},
				"south": {"uv": [0, 0, 9, 0.3], "texture": "#1"},
				"west": {"uv": [0, 0, 1, 0.3], "texture": "#1"},
				"up": {"uv": [0, 0, 9, 1], "rotation": 180, "texture": "#1"},
				"down": {"uv": [0, 0, 9, 1], "rotation": 180, "texture": "#1"}
			}
		},
		{
			"from": [4, 0, 0],
			"to": [13, 0.3, 1],
			"rotation": {"angle": 0, "axis": "y", "origin": [8, 9.9, 8]},
			"faces": {
				"north": {"uv": [0, 0, 9, 0.3], "texture": "#1"},
				"east": {"uv": [0, 0, 1, 0.3], "texture": "#1"},
				"south": {"uv": [0, 0, 9, 0.3], "texture": "#1"},
				"west": {"uv": [0, 0, 1, 0.3], "texture": "#1"},
				"up": {"uv": [0, 0, 9, 1], "rotation": 180, "texture": "#1"},
				"down": {"uv": [0, 0, 9, 1], "rotation": 180, "texture": "#1"}
			}
		},
		{
			"from": [5, 0, 0],
			"to": [13, 0.3, 1],
			"rotation": {"angle": 0, "axis": "y", "origin": [8, 9.9, 8]},
			"faces": {
				"north": {"uv": [0, 0, 8, 0.3], "texture": "#1"},
				"east": {"uv": [0, 0, 1, 0.3], "texture": "#1"},
				"south": {"uv": [0, 0, 8, 0.3], "texture": "#1"},
				"west": {"uv": [0, 0, 1, 0.3], "texture": "#1"},
				"up": {"uv": [0, 0, 8, 1], "rotation": 180, "texture": "#1"},
				"down": {"uv": [0, 0, 8, 1], "rotation": 180, "texture": "#1"}
			}
		},
		{
			"from": [14, 0, 2],
			"to": [15, 0.3, 13],
			"rotation": {"angle": 0, "axis": "y", "origin": [8, 9.9, 8]},
			"faces": {
				"north": {"uv": [0, 0, 1, 0.3], "texture": "#1"},
				"east": {"uv": [0, 0, 11, 0.3], "texture": "#1"},
				"south": {"uv": [0, 0, 1, 0.3], "texture": "#1"},
				"west": {"uv": [0, 0, 11, 0.3], "texture": "#1"},
				"up": {"uv": [0, 0, 1, 11], "rotation": 180, "texture": "#1"},
				"down": {"uv": [0, 0, 1, 11], "rotation": 180, "texture": "#1"}
			}
		},
		{
			"from": [15, 0, 5],
			"to": [16, 0.3, 12],
			"rotation": {"angle": 0, "axis": "y", "origin": [8, 9.9, 8]},
			"faces": {
				"north": {"uv": [0, 0, 1, 0.3], "texture": "#1"},
				"east": {"uv": [0, 0, 7, 0.3], "texture": "#1"},
				"south": {"uv": [0, 0, 1, 0.3], "texture": "#1"},
				"west": {"uv": [0, 0, 7, 0.3], "texture": "#1"},
				"up": {"uv": [0, 0, 1, 7], "rotation": 180, "texture": "#1"},
				"down": {"uv": [0, 0, 1, 7], "rotation": 180, "texture": "#1"}
			}
		},
		{
			"from": [12, 0, 1],
			"to": [15, 1, 4],
			"rotation": {"angle": 0, "axis": "y", "origin": [8, 10, 8]},
			"faces": {
				"north": {"uv": [0, 0, 3, 1], "texture": "#0"},
				"east": {"uv": [0, 0, 3, 1], "texture": "#0"},
				"south": {"uv": [0, 0, 3, 1], "texture": "#0"},
				"west": {"uv": [0, 0, 3, 1], "texture": "#0"},
				"up": {"uv": [0, 0, 3, 3], "rotation": 180, "texture": "#0"},
				"down": {"uv": [0, 0, 3, 3], "rotation": 180, "texture": "#0"}
			}
		},
		{
			"from": [0.9, 0, 0.9],
			"to": [4, 1, 4],
			"rotation": {"angle": 0, "axis": "y", "origin": [8, 10, 8]},
			"faces": {
				"north": {"uv": [0, 0, 3.1, 1], "texture": "#0"},
				"east": {"uv": [0, 0, 3.1, 1], "texture": "#0"},
				"south": {"uv": [0, 0, 3.1, 1], "texture": "#0"},
				"west": {"uv": [0, 0, 3.1, 1], "texture": "#0"},
				"up": {"uv": [0, 0, 3.1, 3.1], "rotation": 180, "texture": "#0"},
				"down": {"uv": [0, 0, 3.1, 3.1], "rotation": 180, "texture": "#0"}
			}
		},
		{
			"from": [0.9, 0, 12],
			"to": [3, 1, 14],
			"rotation": {"angle": 0, "axis": "y", "origin": [8, 10, 8]},
			"faces": {
				"north": {"uv": [0, 0, 2.1, 1], "texture": "#0"},
				"east": {"uv": [0, 0, 2, 1], "texture": "#0"},
				"south": {"uv": [0, 0, 2.1, 1], "texture": "#0"},
				"west": {"uv": [0, 0, 2, 1], "texture": "#0"},
				"up": {"uv": [0, 0, 2.1, 2], "rotation": 180, "texture": "#0"},
				"down": {"uv": [0, 0, 2.1, 2], "rotation": 180, "texture": "#0"}
			}
		},
		{
			"from": [2, 0, 14],
			"to": [4, 1, 15.1],
			"rotation": {"angle": 0, "axis": "y", "origin": [8, 10, 8]},
			"faces": {
				"north": {"uv": [0, 0, 2, 1], "texture": "#0"},
				"east": {"uv": [0, 0, 1.1, 1], "texture": "#0"},
				"south": {"uv": [0, 0, 2, 1], "texture": "#0"},
				"west": {"uv": [0, 0, 1.1, 1], "texture": "#0"},
				"up": {"uv": [0, 0, 2, 1.1], "rotation": 180, "texture": "#0"},
				"down": {"uv": [0, 0, 2, 1.1], "rotation": 180, "texture": "#0"}
			}
		},
		{
			"from": [10, 0, 1],
			"to": [12, 1, 2],
			"rotation": {"angle": 0, "axis": "y", "origin": [8, 10, 8]},
			"faces": {
				"north": {"uv": [0, 0, 2, 1], "texture": "#0"},
				"east": {"uv": [0, 0, 1, 1], "texture": "#0"},
				"south": {"uv": [0, 0, 2, 1], "texture": "#0"},
				"west": {"uv": [0, 0, 1, 1], "texture": "#0"},
				"up": {"uv": [0, 0, 2, 1], "rotation": 180, "texture": "#0"},
				"down": {"uv": [0, 0, 2, 1], "rotation": 180, "texture": "#0"}
			}
		},
		{
			"from": [13, 0, 0],
			"to": [15, 1, 1],
			"rotation": {"angle": 0, "axis": "y", "origin": [8, 10, 8]},
			"faces": {
				"north": {"uv": [0, 0, 2, 1], "texture": "#0"},
				"east": {"uv": [0, 0, 1, 1], "texture": "#0"},
				"south": {"uv": [0, 0, 2, 1], "texture": "#0"},
				"west": {"uv": [0, 0, 1, 1], "texture": "#0"},
				"up": {"uv": [0, 0, 2, 1], "rotation": 180, "texture": "#0"},
				"down": {"uv": [0, 0, 2, 1], "rotation": 180, "texture": "#0"}
			}
		},
		{
			"from": [0.9, 0, 4],
			"to": [2, 1, 5],
			"rotation": {"angle": 0, "axis": "y", "origin": [8, 10, 8]},
			"faces": {
				"north": {"uv": [0, 0, 1.1, 1], "texture": "#0"},
				"east": {"uv": [0, 0, 1, 1], "texture": "#0"},
				"south": {"uv": [0, 0, 1.1, 1], "texture": "#0"},
				"west": {"uv": [0, 0, 1, 1], "texture": "#0"},
				"up": {"uv": [0, 0, 1.1, 1], "rotation": 180, "texture": "#0"},
				"down": {"uv": [0, 0, 1.1, 1], "rotation": 180, "texture": "#0"}
			}
		},
		{
			"from": [11, 0, 5],
			"to": [12, 2, 10],
			"rotation": {"angle": 0, "axis": "y", "origin": [8, 10, 8]},
			"faces": {
				"north": {"uv": [0, 0, 1, 2], "texture": "#0"},
				"east": {"uv": [0, 0, 5, 2], "texture": "#0"},
				"south": {"uv": [0, 0, 1, 2], "texture": "#0"},
				"west": {"uv": [0, 0, 5, 2], "texture": "#0"},
				"up": {"uv": [0, 0, 1, 5], "rotation": 180, "texture": "#0"},
				"down": {"uv": [0, 0, 1, 5], "rotation": 180, "texture": "#0"}
			}
		},
		{
			"from": [11, 2, 5],
			"to": [14, 4, 10],
			"rotation": {"angle": 0, "axis": "y", "origin": [8, 10, 8]},
			"faces": {
				"north": {"uv": [0, 0, 3, 2], "texture": "#0"},
				"east": {"uv": [0, 0, 5, 2], "texture": "#0"},
				"south": {"uv": [0, 0, 3, 2], "texture": "#0"},
				"west": {"uv": [0, 0, 5, 2], "texture": "#0"},
				"up": {"uv": [0, 0, 3, 5], "rotation": 180, "texture": "#0"},
				"down": {"uv": [0, 0, 3, 5], "rotation": 180, "texture": "#0"}
			}
		},
		{
			"from": [2, 2, 6],
			"to": [5, 4, 12],
			"rotation": {"angle": 0, "axis": "y", "origin": [8, 10, 8]},
			"faces": {
				"north": {"uv": [0, 0, 3, 2], "texture": "#0"},
				"east": {"uv": [0, 0, 6, 2], "texture": "#0"},
				"south": {"uv": [0, 0, 3, 2], "texture": "#0"},
				"west": {"uv": [0, 0, 6, 2], "texture": "#0"},
				"up": {"uv": [0, 0, 3, 6], "texture": "#0"},
				"down": {"uv": [0, 0, 3, 6], "texture": "#0"}
			}
		},
		{
			"from": [13, 3, 4],
			"to": [15, 6, 9],
			"rotation": {"angle": 0, "axis": "y", "origin": [8, 10, 8]},
			"faces": {
				"north": {"uv": [0, 0, 2, 3], "texture": "#0"},
				"east": {"uv": [0, 0, 5, 3], "texture": "#0"},
				"south": {"uv": [0, 0, 2, 3], "texture": "#0"},
				"west": {"uv": [0, 0, 5, 3], "texture": "#0"},
				"up": {"uv": [0, 0, 2, 5], "rotation": 180, "texture": "#0"},
				"down": {"uv": [0, 0, 2, 5], "rotation": 180, "texture": "#0"}
			}
		},
		{
			"from": [1, 3, 7],
			"to": [3, 6, 12],
			"rotation": {"angle": 0, "axis": "y", "origin": [8, 10, 8]},
			"faces": {
				"north": {"uv": [0, 0, 2, 3], "texture": "#0"},
				"east": {"uv": [0, 0, 5, 3], "texture": "#0"},
				"south": {"uv": [0, 0, 2, 3], "texture": "#0"},
				"west": {"uv": [0, 0, 5, 3], "texture": "#0"},
				"up": {"uv": [0, 0, 2, 5], "texture": "#0"},
				"down": {"uv": [0, 0, 2, 5], "texture": "#0"}
			}
		},
		{
			"from": [2, 3, 11],
			"to": [5, 8, 13],
			"rotation": {"angle": 0, "axis": "y", "origin": [8, 10, 8]},
			"faces": {
				"north": {"uv": [0, 0, 3, 5], "texture": "#0"},
				"east": {"uv": [0, 0, 2, 5], "texture": "#0"},
				"south": {"uv": [0, 0, 3, 5], "texture": "#0"},
				"west": {"uv": [0, 0, 2, 5], "texture": "#0"},
				"up": {"uv": [0, 0, 3, 2], "texture": "#0"},
				"down": {"uv": [0, 0, 3, 2], "texture": "#0"}
			}
		},
		{
			"from": [14, 6, 5],
			"to": [16, 9, 10],
			"rotation": {"angle": 0, "axis": "y", "origin": [8, 10, 8]},
			"faces": {
				"north": {"uv": [0, 0, 2, 3], "texture": "#0"},
				"east": {"uv": [0, 0, 5, 3], "texture": "#0"},
				"south": {"uv": [0, 0, 2, 3], "texture": "#0"},
				"west": {"uv": [0, 0, 5, 3], "texture": "#0"},
				"up": {"uv": [0, 0, 2, 5], "rotation": 180, "texture": "#0"},
				"down": {"uv": [0, 0, 2, 5], "rotation": 180, "texture": "#0"}
			}
		},
		{
			"from": [14, 9, 4],
			"to": [15, 11, 9],
			"rotation": {"angle": 0, "axis": "y", "origin": [8, 10, 8]},
			"faces": {
				"north": {"uv": [0, 0, 1, 2], "texture": "#0"},
				"east": {"uv": [0, 0, 5, 2], "texture": "#0"},
				"south": {"uv": [0, 0, 1, 2], "texture": "#0"},
				"west": {"uv": [0, 0, 5, 2], "texture": "#0"},
				"up": {"uv": [0, 0, 1, 5], "rotation": 180, "texture": "#0"},
				"down": {"uv": [0, 0, 1, 5], "rotation": 180, "texture": "#0"}
			}
		},
		{
			"from": [13, 11, 4],
			"to": [14, 12, 9],
			"rotation": {"angle": 0, "axis": "y", "origin": [8, 10, 8]},
			"faces": {
				"north": {"uv": [0, 0, 1, 1], "texture": "#0"},
				"east": {"uv": [0, 0, 5, 1], "texture": "#0"},
				"south": {"uv": [0, 0, 1, 1], "texture": "#0"},
				"west": {"uv": [0, 0, 5, 1], "texture": "#0"},
				"up": {"uv": [0, 0, 1, 5], "rotation": 180, "texture": "#0"},
				"down": {"uv": [0, 0, 1, 5], "rotation": 180, "texture": "#0"}
			}
		},
		{
			"from": [4, 0, 6],
			"to": [5, 2, 11],
			"rotation": {"angle": 0, "axis": "y", "origin": [8, 10, 8]},
			"faces": {
				"north": {"uv": [0, 0, 1, 2], "texture": "#0"},
				"east": {"uv": [0, 0, 5, 2], "texture": "#0"},
				"south": {"uv": [0, 0, 1, 2], "texture": "#0"},
				"west": {"uv": [0, 0, 5, 2], "texture": "#0"},
				"up": {"uv": [0, 0, 1, 5], "rotation": 180, "texture": "#0"},
				"down": {"uv": [0, 0, 1, 5], "rotation": 180, "texture": "#0"}
			}
		},
		{
			"from": [3, 2, 7],
			"to": [4, 4, 10],
			"rotation": {"angle": 0, "axis": "y", "origin": [8, 10, 8]},
			"faces": {
				"north": {"uv": [0, 0, 1, 2], "texture": "#0"},
				"east": {"uv": [0, 0, 3, 2], "texture": "#0"},
				"south": {"uv": [0, 0, 1, 2], "texture": "#0"},
				"west": {"uv": [0, 0, 3, 2], "texture": "#0"},
				"up": {"uv": [0, 0, 1, 3], "rotation": 180, "texture": "#0"},
				"down": {"uv": [0, 0, 1, 3], "rotation": 180, "texture": "#0"}
			}
		}
	],
	"display": {
		"thirdperson_righthand": {
			"rotation": [0, 144, 0],
			"translation": [0, 2.75, 0],
			"scale": [0.37, 0.37, 0.37]
		},
		"thirdperson_lefthand": {
			"rotation": [0, 144, 0],
			"translation": [0, 2.75, 0],
			"scale": [0.37, 0.37, 0.37]
		},
		"firstperson_righthand": {
			"rotation": [0, 144, 0],
			"translation": [0, 2.75, 0],
			"scale": [0.37, 0.37, 0.37]
		},
		"firstperson_lefthand": {
			"rotation": [0, 144, 0],
			"translation": [0, 2.75, 0],
			"scale": [0.37, 0.37, 0.37]
		},
		"ground": {
			"scale": [0.4, 0.4, 0.4]
		},
		"gui": {
			"rotation": [37, 154, 0],
			"translation": [0, 1.5, 0],
			"scale": [0.69, 0.69, 0.69]
		},
		"head": {
			"translation": [0, 13.25, 0],
			"scale": [0.87, 0.87, 0.87]
		},
		"fixed": {
			"rotation": [-90, 0, 0],
			"translation": [0, 0, -14],
			"scale": [2, 2, 2]
		}
	}
}