{
	"credit": "Made by DrVECKER",
	"textures": {
		"0": "hats/document",
		"particle": "hats/document"
	},
	"elements": [
		{
			"from": [7.7, 0, 3],
			"to": [7.9, 13.7, 13],
			"rotation": {"angle": 0, "axis": "y", "origin": [8.7, 8, 8]},
			"faces": {
				"north": {"uv": [15.5, 0, 16, 15.95], "texture": "#0"},
				"east": {"uv": [0, 0, 10.75, 15.95], "texture": "#0"},
				"south": {"uv": [15.5, 0, 16, 15.95], "texture": "#0"},
				"west": {"uv": [0, 0, 10.75, 15.95], "texture": "#0"},
				"up": {"uv": [15.5, 0, 16, 15.95], "texture": "#0"},
				"down": {"uv": [15.5, 0, 16, 15.95], "texture": "#0"}
			}
		},
		{
			"from": [8, 0, 3],
			"to": [8.2, 13.7, 13],
			"rotation": {"angle": 0, "axis": "y", "origin": [8.7, 8, 8]},
			"faces": {
				"north": {"uv": [15.5, 0, 16, 15.95], "texture": "#0"},
				"east": {"uv": [0, 0, 10.75, 15.95], "texture": "#0"},
				"south": {"uv": [15.5, 0, 16, 15.95], "texture": "#0"},
				"west": {"uv": [0, 0, 10.75, 15.95], "texture": "#0"},
				"up": {"uv": [15.5, 0, 16, 15.95], "texture": "#0"},
				"down": {"uv": [15.5, 0, 16, 15.95], "texture": "#0"}
			}
		},
		{
			"from": [8.3, 0, 3],
			"to": [8.5, 13.7, 13],
			"rotation": {"angle": 0, "axis": "y", "origin": [8.7, 8, 8]},
			"faces": {
				"north": {"uv": [15.5, 0, 16, 15.95], "texture": "#0"},
				"east": {"uv": [10.5, 0, 16, 12.95], "texture": "#0"},
				"south": {"uv": [15.5, 0, 16, 15.95], "texture": "#0"},
				"west": {"uv": [0, 0, 10.75, 15.95], "texture": "#0"},
				"up": {"uv": [15.5, 0, 16, 15.95], "texture": "#0"},
				"down": {"uv": [15.5, 0, 16, 15.95], "texture": "#0"}
			}
		}
	],
	"display": {
		"thirdperson_righthand": {
			"rotation": [0, 39, 0],
			"translation": [-2.25, 1.75, -1.5],
			"scale": [0.72, 0.73, 0.73]
		},
		"thirdperson_lefthand": {
			"rotation": [0, 39, 0],
			"translation": [-2.25, 1.75, -1.5],
			"scale": [-0.72, 0.73, 0.73]
		},
		"firstperson_righthand": {
			"rotation": [0, 8, 0],
			"translation": [0.5, 2.5, -1.5],
			"scale": [0.75, 0.75, 0.75]
		},
		"firstperson_lefthand": {
			"rotation": [0, 8, 0],
			"translation": [0.5, 2.5, -1.5],
			"scale": [-0.75, 0.75, -0.75]
		},
		"ground": {
			"rotation": [0, 0, -90],
			"translation": [0, 0.5, 0],
			"scale": [0.45, 0.45, 0.45]
		},
		"gui": {
			"rotation": [28, 55, -5],
			"translation": [0, 1, 0],
			"scale": [0.99, 0.99, 0.99]
		},
		"fixed": {
			"rotation": [0, -90, 0],
			"translation": [0, 1.75, -0.75],
			"scale": [1.38, 1.38, 1.38]
		}
	}
}