{
	"credit": "Made by DrVECKER",
	"textures": {
		"1": "hats/emodji/gray_concrete",
		"2": "hats/emodji/light_gray_concrete",
		"4": "hats/emodji/indic",
		"5": "hats/emodji/indic_red",
		"6": "hats/future"
	},
	"elements": [
		{
			"from": [4, 0.3, 8.9],
			"to": [4.1, 0.4, 9],
			"rotation": {"angle": 0, "axis": "y", "origin": [8, 4.9, 10.6]},
			"faces": {
				"north": {"uv": [0, 0, 0.1, 0.1], "texture": "#4"},
				"east": {"uv": [0, 0, 0.1, 0.1], "texture": "#4"},
				"south": {"uv": [0, 0, 0.1, 0.1], "texture": "#4"},
				"west": {"uv": [0, 0, 0.1, 0.1], "texture": "#4"},
				"up": {"uv": [0, 0, 0.1, 0.1], "rotation": 180, "texture": "#4"},
				"down": {"uv": [0, 0, 0.1, 0.1], "rotation": 180, "texture": "#4"}
			}
		},
		{
			"from": [4.3, 0.3, 8.9],
			"to": [4.4, 0.4, 9],
			"rotation": {"angle": 0, "axis": "y", "origin": [8, 4.9, 10.6]},
			"faces": {
				"north": {"uv": [0, 0, 0.1, 0.1], "texture": "#4"},
				"east": {"uv": [0, 0, 0.1, 0.1], "texture": "#4"},
				"south": {"uv": [0, 0, 0.1, 0.1], "texture": "#4"},
				"west": {"uv": [0, 0, 0.1, 0.1], "texture": "#4"},
				"up": {"uv": [0, 0, 0.1, 0.1], "rotation": 180, "texture": "#4"},
				"down": {"uv": [0, 0, 0.1, 0.1], "rotation": 180, "texture": "#4"}
			}
		},
		{
			"from": [4.6, 0.3, 8.9],
			"to": [4.7, 0.4, 9],
			"rotation": {"angle": 0, "axis": "y", "origin": [8, 4.9, 10.6]},
			"faces": {
				"north": {"uv": [0, 0, 0.1, 0.1], "texture": "#5"},
				"east": {"uv": [0, 0, 0.1, 0.1], "texture": "#5"},
				"south": {"uv": [0, 0, 0.1, 0.1], "texture": "#5"},
				"west": {"uv": [0, 0, 0.1, 0.1], "texture": "#5"},
				"up": {"uv": [0, 0, 0.1, 0.1], "rotation": 180, "texture": "#5"},
				"down": {"uv": [0, 0, 0.1, 0.1], "rotation": 180, "texture": "#5"}
			}
		},
		{
			"from": [3, 0.1, 9],
			"to": [13, 0.9, 10],
			"faces": {
				"north": {"uv": [0, 0, 10, 0.8], "texture": "#1"},
				"east": {"uv": [0, 0, 1, 0.8], "texture": "#1"},
				"south": {"uv": [0, 0, 10, 0.8], "texture": "#1"},
				"west": {"uv": [0, 0, 1, 0.8], "texture": "#1"},
				"up": {"uv": [0, 0, 10, 1], "texture": "#1"},
				"down": {"uv": [0, 0, 10, 1], "texture": "#1"}
			}
		},
		{
			"from": [3, 0, 9.1],
			"to": [13, 1, 9.9],
			"faces": {
				"north": {"uv": [0, 0, 10, 1], "texture": "#1"},
				"east": {"uv": [0, 0, 0.8, 1], "texture": "#1"},
				"south": {"uv": [0, 0, 10, 1], "texture": "#1"},
				"west": {"uv": [0, 0, 0.8, 1], "texture": "#1"},
				"up": {"uv": [0, 0, 10, 0.8], "texture": "#1"},
				"down": {"uv": [0, 0, 10, 0.8], "texture": "#1"}
			}
		},
		{
			"from": [3, 0.8, 9.4],
			"to": [13, 7.7, 9.5],
			"faces": {
				"north": {"uv": [0.1, 1.85, 16, 13.75], "texture": "#6"},
				"east": {"uv": [0.1, 1.85, 0.6, 13.75], "texture": "#6"},
				"south": {"uv": [0.1, 1.85, 16, 13.75], "texture": "#6"},
				"west": {"uv": [0.1, 1.85, 0.6, 13.75], "texture": "#6"},
				"up": {"uv": [0.1, 1.85, 0.6, 13.75], "texture": "#6"},
				"down": {"uv": [0, 0, 10, 0.1], "texture": "#1"}
			}
		},
		{
			"from": [13, 0, 9],
			"to": [13.1, 1, 10],
			"rotation": {"angle": 0, "axis": "y", "origin": [15, 8, 8]},
			"faces": {
				"north": {"uv": [0, 0, 0.1, 1], "texture": "#2"},
				"east": {"uv": [0, 0, 1, 1], "texture": "#2"},
				"south": {"uv": [0, 0, 0.1, 1], "texture": "#2"},
				"west": {"uv": [0, 0, 1, 1], "texture": "#2"},
				"up": {"uv": [0, 0, 0.1, 1], "texture": "#2"},
				"down": {"uv": [0, 0, 0.1, 1], "texture": "#2"}
			}
		},
		{
			"from": [2.9, 0, 9],
			"to": [3, 1, 10],
			"rotation": {"angle": 0, "axis": "y", "origin": [15, 8, 8]},
			"faces": {
				"north": {"uv": [0, 0, 0.1, 1], "texture": "#2"},
				"east": {"uv": [0, 0, 1, 1], "texture": "#2"},
				"south": {"uv": [0, 0, 0.1, 1], "texture": "#2"},
				"west": {"uv": [0, 0, 1, 1], "texture": "#2"},
				"up": {"uv": [0, 0, 0.1, 1], "texture": "#2"},
				"down": {"uv": [0, 0, 0.1, 1], "texture": "#2"}
			}
		},
		{
			"from": [7.9, 0.2, 8.9],
			"to": [8, 0.7, 9],
			"rotation": {"angle": 0, "axis": "y", "origin": [8, 5.3, 10.6]},
			"faces": {
				"north": {"uv": [0, 0, 0.1, 0.5], "texture": "#2"},
				"east": {"uv": [0, 0, 0.1, 0.5], "texture": "#2"},
				"south": {"uv": [0, 0, 0.1, 0.5], "texture": "#2"},
				"west": {"uv": [0, 0, 0.1, 0.5], "texture": "#2"},
				"up": {"uv": [0, 0, 0.1, 0.1], "rotation": 180, "texture": "#2"},
				"down": {"uv": [0, 0, 0.1, 0.1], "rotation": 180, "texture": "#2"}
			}
		},
		{
			"from": [7.7, 0.4, 8.9],
			"to": [7.9, 0.5, 9],
			"rotation": {"angle": 0, "axis": "y", "origin": [8, 5.3, 10.6]},
			"faces": {
				"north": {"uv": [0, 0, 0.2, 0.1], "texture": "#2"},
				"east": {"uv": [0, 0, 0.1, 0.1], "texture": "#2"},
				"south": {"uv": [0, 0, 0.2, 0.1], "texture": "#2"},
				"west": {"uv": [0, 0, 0.1, 0.1], "texture": "#2"},
				"up": {"uv": [0, 0, 0.2, 0.1], "rotation": 180, "texture": "#2"},
				"down": {"uv": [0, 0, 0.2, 0.1], "rotation": 180, "texture": "#2"}
			}
		},
		{
			"from": [7.6, 0.5, 8.9],
			"to": [7.7, 0.6, 9],
			"rotation": {"angle": 0, "axis": "y", "origin": [8, 5.3, 10.6]},
			"faces": {
				"north": {"uv": [0, 0, 0.1, 0.1], "texture": "#2"},
				"east": {"uv": [0, 0, 0.1, 0.1], "texture": "#2"},
				"south": {"uv": [0, 0, 0.1, 0.1], "texture": "#2"},
				"west": {"uv": [0, 0, 0.1, 0.1], "texture": "#2"},
				"up": {"uv": [0, 0, 0.1, 0.1], "rotation": 180, "texture": "#2"},
				"down": {"uv": [0, 0, 0.1, 0.1], "rotation": 180, "texture": "#2"}
			}
		},
		{
			"from": [7.7, 0.6, 8.9],
			"to": [7.9, 0.7, 9],
			"rotation": {"angle": 0, "axis": "y", "origin": [8, 5.3, 10.6]},
			"faces": {
				"north": {"uv": [0, 0, 0.2, 0.1], "texture": "#2"},
				"east": {"uv": [0, 0, 0.1, 0.1], "texture": "#2"},
				"south": {"uv": [0, 0, 0.2, 0.1], "texture": "#2"},
				"west": {"uv": [0, 0, 0.1, 0.1], "texture": "#2"},
				"up": {"uv": [0, 0, 0.2, 0.1], "rotation": 180, "texture": "#2"},
				"down": {"uv": [0, 0, 0.2, 0.1], "rotation": 180, "texture": "#2"}
			}
		},
		{
			"from": [8.1, 0.6, 8.9],
			"to": [8.4, 0.7, 9],
			"rotation": {"angle": 0, "axis": "y", "origin": [8, 5.3, 10.6]},
			"faces": {
				"north": {"uv": [0, 0, 0.3, 0.1], "texture": "#2"},
				"east": {"uv": [0, 0, 0.1, 0.1], "texture": "#2"},
				"south": {"uv": [0, 0, 0.3, 0.1], "texture": "#2"},
				"west": {"uv": [0, 0, 0.1, 0.1], "texture": "#2"},
				"up": {"uv": [0, 0, 0.3, 0.1], "rotation": 180, "texture": "#2"},
				"down": {"uv": [0, 0, 0.3, 0.1], "rotation": 180, "texture": "#2"}
			}
		},
		{
			"from": [8.2, 0.4, 8.9],
			"to": [8.4, 0.5, 9],
			"rotation": {"angle": 0, "axis": "y", "origin": [8, 5.3, 10.6]},
			"faces": {
				"north": {"uv": [0, 0, 0.2, 0.1], "texture": "#2"},
				"east": {"uv": [0, 0, 0.1, 0.1], "texture": "#2"},
				"south": {"uv": [0, 0, 0.2, 0.1], "texture": "#2"},
				"west": {"uv": [0, 0, 0.1, 0.1], "texture": "#2"},
				"up": {"uv": [0, 0, 0.2, 0.1], "rotation": 180, "texture": "#2"},
				"down": {"uv": [0, 0, 0.2, 0.1], "rotation": 180, "texture": "#2"}
			}
		},
		{
			"from": [8.1, 0.3, 8.9],
			"to": [8.2, 0.4, 9],
			"rotation": {"angle": 0, "axis": "y", "origin": [8, 5.3, 10.6]},
			"faces": {
				"north": {"uv": [0, 0, 0.1, 0.1], "texture": "#2"},
				"east": {"uv": [0, 0, 0.1, 0.1], "texture": "#2"},
				"south": {"uv": [0, 0, 0.1, 0.1], "texture": "#2"},
				"west": {"uv": [0, 0, 0.1, 0.1], "texture": "#2"},
				"up": {"uv": [0, 0, 0.1, 0.1], "rotation": 180, "texture": "#2"},
				"down": {"uv": [0, 0, 0.1, 0.1], "rotation": 180, "texture": "#2"}
			}
		},
		{
			"from": [8.2, 0.2, 8.9],
			"to": [8.5, 0.3, 9],
			"rotation": {"angle": 0, "axis": "y", "origin": [8, 5.3, 10.6]},
			"faces": {
				"north": {"uv": [0, 0, 0.3, 0.1], "texture": "#2"},
				"east": {"uv": [0, 0, 0.1, 0.1], "texture": "#2"},
				"south": {"uv": [0, 0, 0.3, 0.1], "texture": "#2"},
				"west": {"uv": [0, 0, 0.1, 0.1], "texture": "#2"},
				"up": {"uv": [0, 0, 0.3, 0.1], "rotation": 180, "texture": "#2"},
				"down": {"uv": [0, 0, 0.3, 0.1], "rotation": 180, "texture": "#2"}
			}
		},
		{
			"from": [8.4, 0.5, 8.9],
			"to": [8.5, 0.6, 9],
			"rotation": {"angle": 0, "axis": "y", "origin": [8, 5.3, 10.6]},
			"faces": {
				"north": {"uv": [0, 0, 0.1, 0.1], "texture": "#2"},
				"east": {"uv": [0, 0, 0.1, 0.1], "texture": "#2"},
				"south": {"uv": [0, 0, 0.1, 0.1], "texture": "#2"},
				"west": {"uv": [0, 0, 0.1, 0.1], "texture": "#2"},
				"up": {"uv": [0, 0, 0.1, 0.1], "rotation": 180, "texture": "#2"},
				"down": {"uv": [0, 0, 0.1, 0.1], "rotation": 180, "texture": "#2"}
			}
		},
		{
			"from": [6.4, 0.2, 8.9],
			"to": [6.8, 0.3, 9],
			"rotation": {"angle": 0, "axis": "y", "origin": [9.4, 5.2, 10.6]},
			"faces": {
				"north": {"uv": [0, 0, 0.4, 0.1], "texture": "#2"},
				"east": {"uv": [0, 0, 0.1, 0.1], "texture": "#2"},
				"south": {"uv": [0, 0, 0.4, 0.1], "texture": "#2"},
				"west": {"uv": [0, 0, 0.1, 0.1], "texture": "#2"},
				"up": {"uv": [0, 0, 0.4, 0.1], "rotation": 180, "texture": "#2"},
				"down": {"uv": [0, 0, 0.4, 0.1], "rotation": 180, "texture": "#2"}
			}
		},
		{
			"from": [5.9, 0.2, 8.9],
			"to": [6.3, 0.3, 9],
			"rotation": {"angle": 0, "axis": "y", "origin": [9.4, 5.2, 10.6]},
			"faces": {
				"north": {"uv": [0, 0, 0.4, 0.1], "texture": "#2"},
				"east": {"uv": [0, 0, 0.1, 0.1], "texture": "#2"},
				"south": {"uv": [0, 0, 0.4, 0.1], "texture": "#2"},
				"west": {"uv": [0, 0, 0.1, 0.1], "texture": "#2"},
				"up": {"uv": [0, 0, 0.4, 0.1], "rotation": 180, "texture": "#2"},
				"down": {"uv": [0, 0, 0.4, 0.1], "rotation": 180, "texture": "#2"}
			}
		},
		{
			"from": [5.4, 0.2, 8.9],
			"to": [5.8, 0.3, 9],
			"rotation": {"angle": 0, "axis": "y", "origin": [9.4, 5.2, 10.6]},
			"faces": {
				"north": {"uv": [0, 0, 0.4, 0.1], "texture": "#2"},
				"east": {"uv": [0, 0, 0.1, 0.1], "texture": "#2"},
				"south": {"uv": [0, 0, 0.4, 0.1], "texture": "#2"},
				"west": {"uv": [0, 0, 0.1, 0.1], "texture": "#2"},
				"up": {"uv": [0, 0, 0.4, 0.1], "rotation": 180, "texture": "#2"},
				"down": {"uv": [0, 0, 0.4, 0.1], "rotation": 180, "texture": "#2"}
			}
		}
	],
	"display": {
		"thirdperson_righthand": {
			"rotation": [0, 123, 0],
			"translation": [0, 7.5, 0]
		},
		"thirdperson_lefthand": {
			"rotation": [0, 123, 0],
			"translation": [0, 7.5, 0]
		},
		"firstperson_righthand": {
			"rotation": [0, 123, 0],
			"translation": [0, 7.5, 0]
		},
		"firstperson_lefthand": {
			"rotation": [0, 123, 0],
			"translation": [0, 7.5, 0]
		},
		"ground": {
			"translation": [0, 4, 0]
		},
		"gui": {
			"rotation": [28, 169, 0],
			"translation": [0, 6.75, 0],
			"scale": [1.79, 1.79, 1.79]
		},
		"fixed": {
			"rotation": [-90, 0, 0],
			"translation": [0, -1.75, -29],
			"scale": [3.74, 3.74, 3.74]
		}
	}
}