{
	"credit": "Made by DrVECKER",
	"textures": {
		"0": "hats/jebgall",
		"2": "hats/pic/stone_andesite_smooth",
		"3": "hats/beacon",
		"4": "hats/lightgall",
		"particle": "hats/jebgall"
	},
	"elements": [
		{
			"name": "head",
			"from": [4, 23.5, 7],
			"to": [12, 31.5, 15],
			"rotation": {"angle": 22.5, "axis": "x", "origin": [8, 23, 11]},
			"faces": {
				"north": {"uv": [4, 2, 2, 4], "texture": "#0"},
				"east": {"uv": [6, 2, 4, 4], "texture": "#0"},
				"south": {"uv": [8, 2, 6, 4], "texture": "#0"},
				"west": {"uv": [2, 2, 0, 4], "texture": "#0"},
				"up": {"uv": [2, 2, 4, 0], "texture": "#0"},
				"down": {"uv": [4, 0, 6, 2], "texture": "#0"}
			}
		},
		{
			"name": "body",
			"from": [4, 11.5, 9],
			"to": [12, 23.5, 13],
			"rotation": {"angle": 0, "axis": "y", "origin": [8, 8, 11]},
			"faces": {
				"north": {"uv": [7, 5, 5, 7.98], "texture": "#0"},
				"east": {"uv": [8, 5, 7, 7.98], "texture": "#0"},
				"south": {"uv": [10, 5, 8, 8], "texture": "#0"},
				"west": {"uv": [5, 5, 4, 8], "texture": "#0"},
				"up": {"uv": [5, 5, 7, 4], "texture": "#0"},
				"down": {"uv": [7, 4, 9, 5], "texture": "#0"}
			}
		},
		{
			"name": "right_arm",
			"from": [0, 20, 0.5],
			"to": [4, 24, 12.5],
			"rotation": {"angle": 22.5, "axis": "x", "origin": [4, 22, 11]},
			"faces": {
				"north": {"uv": [12, 4, 13, 5], "rotation": 180, "texture": "#0"},
				"east": {"uv": [12, 8, 13, 5], "rotation": 90, "texture": "#0"},
				"south": {"uv": [11, 5, 12, 4], "texture": "#0"},
				"west": {"uv": [10, 8, 11, 5], "rotation": 270, "texture": "#0"},
				"up": {"uv": [12, 5, 11, 8], "rotation": 180, "texture": "#0"},
				"down": {"uv": [14, 5, 13, 8], "texture": "#0"}
			}
		},
		{
			"name": "left_arm",
			"from": [12, 11.5, 9],
			"to": [16, 23.5, 13],
			"rotation": {"angle": -22.5, "axis": "x", "origin": [11, 23, 11]},
			"faces": {
				"north": {"uv": [10, 13, 9, 16], "texture": "#0"},
				"east": {"uv": [11, 13, 10, 16], "texture": "#0"},
				"south": {"uv": [12, 13, 11, 16], "texture": "#0"},
				"west": {"uv": [9, 13, 8, 16], "texture": "#0"},
				"up": {"uv": [9, 13, 10, 12], "texture": "#0"},
				"down": {"uv": [10, 12, 11, 13], "texture": "#0"}
			}
		},
		{
			"name": "right_leg",
			"from": [4, -0.5, 9],
			"to": [8, 11.5, 13],
			"rotation": {"angle": 22.5, "axis": "x", "origin": [6, 12, 11]},
			"faces": {
				"north": {"uv": [2, 5, 1, 8], "texture": "#0"},
				"east": {"uv": [3, 5, 2, 8], "texture": "#0"},
				"south": {"uv": [4, 5, 3, 8], "texture": "#0"},
				"west": {"uv": [1, 5, 0, 8], "texture": "#0"},
				"up": {"uv": [1, 5, 2, 4], "texture": "#0"},
				"down": {"uv": [2, 4, 3, 5], "texture": "#0"}
			}
		},
		{
			"name": "left_leg",
			"from": [8, -0.5, 9],
			"to": [12, 11.5, 13],
			"rotation": {"angle": -22.5, "axis": "x", "origin": [10, 12, 11]},
			"faces": {
				"north": {"uv": [6, 13, 5, 16], "texture": "#0"},
				"east": {"uv": [7, 13, 6, 16], "texture": "#0"},
				"south": {"uv": [8, 13, 7, 16], "texture": "#0"},
				"west": {"uv": [5, 13, 4, 16], "texture": "#0"},
				"up": {"uv": [5, 13, 6, 12], "texture": "#0"},
				"down": {"uv": [6, 12, 7, 13], "texture": "#0"}
			}
		},
		{
			"name": "head_2nd_layer",
			"from": [3.5, 23, 6.5],
			"to": [12.5, 32, 15.5],
			"rotation": {"angle": 22.5, "axis": "x", "origin": [8, 23, 11]},
			"faces": {
				"north": {"uv": [12, 2, 10, 4], "texture": "#0"},
				"east": {"uv": [14, 2, 12, 4], "texture": "#0"},
				"south": {"uv": [16, 2, 14, 4], "texture": "#0"},
				"west": {"uv": [10, 2, 8, 4], "texture": "#0"},
				"up": {"uv": [10, 2, 12, 0], "texture": "#0"},
				"down": {"uv": [12, 0, 14, 2], "texture": "#0"}
			}
		},
		{
			"name": "body_2nd_layer",
			"from": [4, 11.02, 8.5],
			"to": [12, 24.03, 13.5],
			"rotation": {"angle": 0, "axis": "y", "origin": [8, 8, 11]},
			"faces": {
				"north": {"uv": [7, 9, 5, 12], "texture": "#0"},
				"east": {"uv": [8, 9, 7, 12], "texture": "#0"},
				"south": {"uv": [10, 9, 8, 12], "texture": "#0"},
				"west": {"uv": [5, 9, 4, 12], "texture": "#0"},
				"up": {"uv": [5, 9, 7, 8], "texture": "#0"},
				"down": {"uv": [7, 8, 9, 9], "texture": "#0"}
			}
		},
		{
			"name": "right_arm_2nd_layer",
			"from": [-0.49, 19.5, 0],
			"to": [4.5, 24.5, 13],
			"rotation": {"angle": 22.5, "axis": "x", "origin": [4, 22, 11]},
			"faces": {
				"north": {"uv": [12, 8, 13, 9], "rotation": 180, "texture": "#0"},
				"east": {"uv": [12, 12, 13, 9], "rotation": 90, "texture": "#0"},
				"south": {"uv": [11, 9, 12, 8], "texture": "#0"},
				"west": {"uv": [10, 12, 11, 9], "rotation": 270, "texture": "#0"},
				"up": {"uv": [12, 9, 11, 12], "rotation": 180, "texture": "#0"},
				"down": {"uv": [14, 9, 13, 12], "texture": "#0"}
			}
		},
		{
			"name": "left_arm_2nd_layer",
			"from": [11.5, 11, 8.5],
			"to": [16.5, 24, 13.5],
			"rotation": {"angle": -22.5, "axis": "x", "origin": [11, 23, 11]},
			"faces": {
				"north": {"uv": [14, 13, 13, 16], "texture": "#0"},
				"east": {"uv": [15, 13, 14, 16], "texture": "#0"},
				"south": {"uv": [16, 13, 15, 16], "texture": "#0"},
				"west": {"uv": [13, 13, 12, 16], "texture": "#0"},
				"up": {"uv": [13, 13, 14, 12], "texture": "#0"},
				"down": {"uv": [14, 12, 15, 13], "texture": "#0"}
			}
		},
		{
			"name": "right_leg_2nd_layer",
			"from": [3.5, -1, 8.5],
			"to": [8.5, 12, 13.5],
			"rotation": {"angle": 22.5, "axis": "x", "origin": [6, 12, 11]},
			"faces": {
				"north": {"uv": [2, 9, 1, 12], "texture": "#0"},
				"east": {"uv": [3, 9, 2, 12], "texture": "#0"},
				"south": {"uv": [4, 9, 3, 12], "texture": "#0"},
				"west": {"uv": [1, 9, 0, 12], "texture": "#0"},
				"up": {"uv": [1, 9, 2, 8], "texture": "#0"},
				"down": {"uv": [2, 8, 3, 9], "texture": "#0"}
			}
		},
		{
			"name": "left_leg_2nd_layer",
			"from": [7.5, -1, 8.5],
			"to": [12.5, 12, 13.5],
			"rotation": {"angle": -22.5, "axis": "x", "origin": [10, 12, 11]},
			"faces": {
				"north": {"uv": [2, 13, 1, 16], "texture": "#0"},
				"east": {"uv": [3, 13, 2, 16], "texture": "#0"},
				"south": {"uv": [4, 13, 3, 16], "texture": "#0"},
				"west": {"uv": [1, 13, 0, 16], "texture": "#0"},
				"up": {"uv": [1, 12, 2, 11], "texture": "#0"},
				"down": {"uv": [2, 12, 3, 13], "texture": "#0"}
			}
		},
		{
			"from": [0.05416, -7, 3.00518],
			"to": [16.05416, -5, 19.00518],
			"rotation": {"angle": 0, "axis": "y", "origin": [8.02967, -6.00519, 10.97551]},
			"faces": {
				"north": {"uv": [0, 0, 16, 2], "texture": "#2"},
				"east": {"uv": [0, 0, 16, 2], "texture": "#2"},
				"south": {"uv": [0, 0, 16, 2], "texture": "#2"},
				"west": {"uv": [0, 0, 16, 2], "texture": "#2"},
				"up": {"uv": [0, 0, 16, 16], "rotation": 270, "texture": "#2"},
				"down": {"uv": [0, 0, 16, 16], "rotation": 90, "texture": "#2"}
			}
		},
		{
			"from": [2.05416, -5, 5.00518],
			"to": [14.05416, -3, 17.00518],
			"rotation": {"angle": 0, "axis": "y", "origin": [8.02967, -6.00519, 10.97551]},
			"faces": {
				"north": {"uv": [0, 0, 16, 3], "texture": "#3"},
				"east": {"uv": [0, 0, 16, 3], "texture": "#3"},
				"south": {"uv": [0, 0, 16, 3], "texture": "#3"},
				"west": {"uv": [0, 0, 16, 3], "texture": "#3"},
				"up": {"uv": [0, 0, 16, 16], "rotation": 270, "texture": "#3"},
				"down": {"uv": [0, 0, 16, 16], "rotation": 90, "texture": "#2"}
			}
		},
		{
			"from": [2.05416, -9, 4.00518],
			"to": [14.05416, 0, 4.00518],
			"rotation": {"angle": -22.5, "axis": "x", "origin": [8.04806, 0.51406, -1.00276]},
			"faces": {
				"north": {"uv": [0, 6.5, 16, 16], "texture": "#4"},
				"east": {"uv": [0, 0, 16, 3], "texture": "#3"},
				"south": {"uv": [0, 6.5, 16, 16], "texture": "#4"},
				"west": {"uv": [0, 0, 16, 3], "texture": "#3"},
				"up": {"uv": [0, 0, 16, 16], "rotation": 270, "texture": "#3"},
				"down": {"uv": [0, 0, 16, 16], "rotation": 90, "texture": "#2"}
			}
		},
		{
			"from": [14.53457, -8.7, 4.78575],
			"to": [14.53457, 0.3, 16.78575],
			"rotation": {"angle": -22.5, "axis": "z", "origin": [19.54251, 0.81406, 10.77965]},
			"faces": {
				"north": {"uv": [0, 0, 16, 3], "texture": "#3"},
				"east": {"uv": [0, 6.5, 16, 16], "texture": "#4"},
				"south": {"uv": [0, 0, 16, 3], "texture": "#3"},
				"west": {"uv": [0, 6.5, 16, 16], "texture": "#4"},
				"up": {"uv": [0, 0, 16, 16], "texture": "#3"},
				"down": {"uv": [0, 0, 16, 16], "texture": "#2"}
			}
		},
		{
			"from": [2.06018, -2.17905, 17.29361],
			"to": [14.06018, 6.82095, 17.29361],
			"rotation": {"angle": 22.5, "axis": "x", "origin": [8.05408, 4.33502, 6.28567]},
			"faces": {
				"north": {"uv": [0, 6.5, 16, 16], "texture": "#4"},
				"east": {"uv": [0, 0, 16, 3], "texture": "#3"},
				"south": {"uv": [0, 6.5, 16, 16], "texture": "#4"},
				"west": {"uv": [0, 0, 16, 3], "texture": "#3"},
				"up": {"uv": [0, 0, 16, 16], "rotation": 270, "texture": "#3"},
				"down": {"uv": [0, 0, 16, 16], "rotation": 90, "texture": "#2"}
			}
		},
		{
			"from": [1.24614, -1.87905, 4.79177],
			"to": [1.24614, 7.12095, 16.79177],
			"rotation": {"angle": 22.5, "axis": "z", "origin": [12.25408, 4.63502, 10.78567]},
			"faces": {
				"north": {"uv": [0, 0, 16, 3], "texture": "#3"},
				"east": {"uv": [0, 6.5, 16, 16], "texture": "#4"},
				"south": {"uv": [0, 0, 16, 3], "texture": "#3"},
				"west": {"uv": [0, 6.5, 16, 16], "texture": "#4"},
				"up": {"uv": [0, 0, 16, 16], "texture": "#3"},
				"down": {"uv": [0, 0, 16, 16], "texture": "#2"}
			}
		}
	],
	"display": {
		"thirdperson_righthand": {
			"translation": [0, 0, -1.25],
			"scale": [0.41, 0.41, 0.41]
		},
		"thirdperson_lefthand": {
			"translation": [0, 0, -1.25],
			"scale": [0.41, 0.41, 0.41]
		},
		"firstperson_righthand": {
			"translation": [0, 0, -1.25],
			"scale": [0.41, 0.41, 0.41]
		},
		"firstperson_lefthand": {
			"translation": [0, 0, -1.25],
			"scale": [0.41, 0.41, 0.41]
		},
		"ground": {
			"scale": [0.25, 0.25, 0.25]
		},
		"gui": {
			"rotation": [15, 139, -27],
			"scale": [0.39, 0.39, 0.39]
		},
		"head": {
			"translation": [0, 18.25, -2.25],
			"scale": [0.79, 0.79, 0.79]
		},
		"fixed": {
			"rotation": [-90, 0, 0],
			"translation": [0, -6, -28],
			"scale": [2, 2, 2]
		}
	},
	"groups": [
		{
			"name": "steve",
			"origin": [8, 8, 8],
			"children": [0, 1, 2, 3, 4, 5, 6, 7, 8, 9, 10, 11]
		}, 12, 13, 14, 15, 16, 17]
}