{
	"credit": "Made by DrVECKER",
	"textures": {
		"1": "textures/magazine",
		"particle": "hats/mask/item_frame"
	},
	"elements": [
		{
			"from": [8.05203, 9.45208, 8.6],
			"to": [10.75203, 12.75208, 8.8],
			"rotation": {"angle": -22.5, "axis": "z", "origin": [9.70203, 7.90208, 8.5]},
			"faces": {
				"north": {"uv": [0, 0, 2.164, 12.7], "rotation": 270, "texture": "#1"},
				"east": {"uv": [14.222, 0.396, 14.422, 7.696], "rotation": 180, "texture": "#1"},
				"south": {"uv": [0, 0, 2.164, 12.7], "rotation": 270, "texture": "#1"},
				"west": {"uv": [14.222, 0.396, 14.422, 7.696], "rotation": 180, "texture": "#1"},
				"up": {"uv": [0.197, 2.173, 0.397, 14.873], "rotation": 90, "texture": "#1"},
				"down": {"uv": [0, 0, 12.7, 0.2], "texture": "#1"}
			}
		},
		{
			"from": [9.05203, 7.05208, 7.8],
			"to": [11.75203, 10.35208, 8],
			"rotation": {"angle": -22.5, "axis": "z", "origin": [9.70203, 7.90208, 8.5]},
			"faces": {
				"north": {"uv": [0, 0, 2.164, 12.7], "rotation": 270, "texture": "#1"},
				"east": {"uv": [14.222, 0.396, 14.422, 7.696], "rotation": 180, "texture": "#1"},
				"south": {"uv": [0, 0, 2.164, 12.7], "rotation": 270, "texture": "#1"},
				"west": {"uv": [14.222, 0.396, 14.422, 7.696], "rotation": 180, "texture": "#1"},
				"up": {"uv": [0.197, 2.173, 0.397, 14.873], "rotation": 90, "texture": "#1"},
				"down": {"uv": [0, 0, 12.7, 0.2], "texture": "#1"}
			}
		},
		{
			"from": [7.83438, 11.01254, 7.8],
			"to": [10.53438, 14.31254, 8],
			"rotation": {"angle": 22.5, "axis": "z", "origin": [9.18438, 12.66254, 7.9]},
			"faces": {
				"north": {"uv": [0, 0, 2.164, 12.7], "rotation": 270, "texture": "#1"},
				"east": {"uv": [14.222, 0.396, 14.422, 7.696], "rotation": 180, "texture": "#1"},
				"south": {"uv": [0, 0, 2.164, 12.7], "rotation": 270, "texture": "#1"},
				"west": {"uv": [14.222, 0.396, 14.422, 7.696], "rotation": 180, "texture": "#1"},
				"up": {"uv": [0.197, 2.173, 0.397, 14.873], "rotation": 90, "texture": "#1"},
				"down": {"uv": [0, 0, 12.7, 0.2], "texture": "#1"}
			}
		},
		{
			"from": [3.35203, 9.75208, 8.6],
			"to": [6.65203, 12.45208, 8.8],
			"rotation": {"angle": -22.5, "axis": "z", "origin": [9.70203, 7.90208, 8.5]},
			"faces": {
				"north": {"uv": [0, 0, 2.164, 12.7], "texture": "#1"},
				"east": {"uv": [0, 0, 12.7, 0.2], "rotation": 270, "texture": "#1"},
				"south": {"uv": [0, 0, 2.164, 12.7], "rotation": 180, "texture": "#1"},
				"west": {"uv": [0.197, 2.173, 0.397, 14.873], "texture": "#1"},
				"up": {"uv": [14.222, 0.396, 14.422, 7.696], "rotation": 90, "texture": "#1"},
				"down": {"uv": [14.222, 0.396, 14.422, 7.696], "rotation": 90, "texture": "#1"}
			}
		},
		{
			"from": [7.05203, 2.05208, 8.4],
			"to": [10.35203, 8.75208, 8.6],
			"rotation": {"angle": 22.5, "axis": "z", "origin": [9.70203, 7.90208, 8.5]},
			"faces": {
				"north": {"uv": [0, 0, 2.164, 12.7], "rotation": 180, "texture": "#1"},
				"east": {"uv": [0.197, 2.173, 0.397, 14.873], "rotation": 180, "texture": "#1"},
				"south": {"uv": [0, 0, 2.164, 12.7], "texture": "#1"},
				"west": {"uv": [0, 0, 12.7, 0.2], "rotation": 90, "texture": "#1"},
				"up": {"uv": [14.222, 0.396, 14.422, 7.696], "rotation": 270, "texture": "#1"},
				"down": {"uv": [14.222, 0.396, 14.422, 7.696], "rotation": 270, "texture": "#1"}
			}
		},
		{
			"from": [7.83438, 0.81254, 7.8],
			"to": [10.53438, 4.11254, 8],
			"rotation": {"angle": 22.5, "axis": "z", "origin": [9.18438, 2.46254, 7.9]},
			"faces": {
				"north": {"uv": [0, 0, 2.164, 12.7], "rotation": 270, "texture": "#1"},
				"east": {"uv": [14.222, 0.396, 14.422, 7.696], "rotation": 180, "texture": "#1"},
				"south": {"uv": [0, 0, 2.164, 12.7], "rotation": 270, "texture": "#1"},
				"west": {"uv": [14.222, 0.396, 14.422, 7.696], "rotation": 180, "texture": "#1"},
				"up": {"uv": [0.197, 2.173, 0.397, 14.873], "rotation": 90, "texture": "#1"},
				"down": {"uv": [0, 0, 12.7, 0.2], "texture": "#1"}
			}
		},
		{
			"from": [3.35203, -0.44792, 8.6],
			"to": [6.65203, 2.25208, 8.8],
			"rotation": {"angle": -22.5, "axis": "z", "origin": [9.70203, -2.29792, 8.5]},
			"faces": {
				"north": {"uv": [0, 0, 2.164, 12.7], "texture": "#1"},
				"east": {"uv": [0, 0, 12.7, 0.2], "rotation": 270, "texture": "#1"},
				"south": {"uv": [0, 0, 2.164, 12.7], "rotation": 180, "texture": "#1"},
				"west": {"uv": [0.197, 2.173, 0.397, 14.873], "texture": "#1"},
				"up": {"uv": [14.222, 0.396, 14.422, 7.696], "rotation": 90, "texture": "#1"},
				"down": {"uv": [14.222, 0.396, 14.422, 7.696], "rotation": 90, "texture": "#1"}
			}
		}
	],
	"display": {
		"thirdperson_righthand": {
			"rotation": [0, -55, 0],
			"translation": [-1, 0, -1.25],
			"scale": [0.56, 0.56, 0.56]
		},
		"thirdperson_lefthand": {
			"rotation": [0, -55, 0],
			"translation": [-1, 0, -1.25],
			"scale": [0.56, 0.56, 0.56]
		},
		"firstperson_righthand": {
			"rotation": [0, -55, 0],
			"translation": [1.5, 2.25, -1.25],
			"scale": [0.56, 0.56, 0.56]
		},
		"firstperson_lefthand": {
			"rotation": [0, -55, 0],
			"translation": [1.5, 2.25, -1.25],
			"scale": [0.56, 0.56, 0.56]
		},
		"ground": {
			"rotation": [-90, 0, 0],
			"translation": [0, -3.25, 0],
			"scale": [0.41, 0.41, 0.41]
		},
		"gui": {
			"rotation": [-30, -9, -29],
			"translation": [0.5, 0.25, 0]
		},
		"fixed": {
			"rotation": [0, -180, 0],
			"translation": [0, 0.5, -0.5],
			"scale": [1.5, 1.5, 1.5]
		}
	},
	"groups": [
		{
			"name": "group",
			"origin": [9.70203, -2.29792, 8.5],
			"children": [0, 1, 2, 3, 4, 5, 6]
		}
	]
}