{
	"credit": "Made by DrVECKER",
	"textures": {
		"0": "hats/emodji/cyan_terracotta",
		"2": "hats/emodji/white_concrete",
		"3": "hats/iron_block",
		"4": "hats/screenmac",
		"5": "hats/emodji/gray_concrete",
		"6": "hats/emodji/yellow_concrete",
		"particle": "hats/emodji/cyan_terracotta"
	},
	"elements": [
		{
			"from": [0, 0, 3],
			"to": [16, 0.5, 14],
			"faces": {
				"north": {"uv": [0, 0, 16, 0.5], "texture": "#2"},
				"east": {"uv": [0, 0, 11, 0.5], "texture": "#2"},
				"south": {"uv": [0, 0, 16, 0.5], "texture": "#2"},
				"west": {"uv": [0, 0, 11, 0.5], "texture": "#2"},
				"up": {"uv": [0, 0, 16, 11], "texture": "#2"},
				"down": {"uv": [0, 0, 16, 11], "texture": "#2"}
			}
		},
		{
			"from": [0.00022, 10.22675, 13.74036],
			"to": [16.00022, 11.22675, 14.24036],
			"rotation": {"angle": 22.5, "axis": "x", "origin": [8.00022, 0.22675, 13.99036]},
			"faces": {
				"north": {"uv": [0, 0, 16, 1], "rotation": 180, "texture": "#2"},
				"east": {"uv": [0, 0, 1, 0.5], "rotation": 270, "texture": "#2"},
				"south": {"uv": [0, 0, 16, 1], "texture": "#2"},
				"west": {"uv": [0, 0, 1, 0.5], "rotation": 90, "texture": "#2"},
				"up": {"uv": [0, 0, 16, 0.5], "rotation": 180, "texture": "#2"},
				"down": {"uv": [0, 0, 16, 0.5], "texture": "#2"}
			}
		},
		{
			"from": [0, 0.25, 13.75],
			"to": [16, 1.25, 14.25],
			"rotation": {"angle": 22.5, "axis": "x", "origin": [8, 0.25, 14]},
			"faces": {
				"north": {"uv": [0, 0, 16, 1], "rotation": 180, "texture": "#2"},
				"east": {"uv": [0, 0, 1, 0.5], "rotation": 270, "texture": "#2"},
				"south": {"uv": [0, 0, 16, 1], "texture": "#2"},
				"west": {"uv": [0, 0, 1, 0.5], "rotation": 90, "texture": "#2"},
				"up": {"uv": [0, 0, 16, 0.5], "rotation": 180, "texture": "#2"},
				"down": {"uv": [0, 0, 16, 0.5], "texture": "#2"}
			}
		},
		{
			"from": [15.00011, 1.15467, 14.12884],
			"to": [16.00011, 10.12967, 14.62884],
			"rotation": {"angle": 22.5, "axis": "x", "origin": [8.00011, 1.15467, 14.42884]},
			"faces": {
				"north": {"uv": [0, 0, 1, 8.975], "rotation": 180, "texture": "#2"},
				"east": {"uv": [0, 0, 8.975, 0.5], "rotation": 270, "texture": "#2"},
				"south": {"uv": [0, 0, 1, 8.975], "texture": "#2"},
				"west": {"uv": [0, 0, 8.975, 0.5], "rotation": 90, "texture": "#2"},
				"up": {"uv": [0, 0, 1, 0.5], "rotation": 180, "texture": "#2"},
				"down": {"uv": [0, 0, 1, 0.5], "texture": "#2"}
			}
		},
		{
			"from": [-0.00009, 1.15479, 14.12892],
			"to": [0.99991, 10.12979, 14.62892],
			"rotation": {"angle": 22.5, "axis": "x", "origin": [-7.00009, 1.15479, 14.42892]},
			"faces": {
				"north": {"uv": [0, 0, 1, 8.975], "rotation": 180, "texture": "#2"},
				"east": {"uv": [0, 0, 8.975, 0.5], "rotation": 270, "texture": "#2"},
				"south": {"uv": [0, 0, 1, 8.975], "texture": "#2"},
				"west": {"uv": [0, 0, 8.975, 0.5], "rotation": 90, "texture": "#2"},
				"up": {"uv": [0, 0, 1, 0.5], "rotation": 180, "texture": "#2"},
				"down": {"uv": [0, 0, 1, 0.5], "texture": "#2"}
			}
		},
		{
			"from": [1, 1.25, 13.8],
			"to": [15, 10.25, 14.25],
			"rotation": {"angle": 22.5, "axis": "x", "origin": [8, 0.25, 14]},
			"faces": {
				"north": {"uv": [0, 3.063, 16, 12.938], "texture": "#4"},
				"east": {"uv": [0, 0, 9, 0], "rotation": 270, "texture": "#missing"},
				"south": {"uv": [0, 2, 14, 11], "texture": "#2"},
				"west": {"uv": [0, 0, 9, 0], "rotation": 90, "texture": "#missing"},
				"up": {"uv": [0, 0, 14, 0], "rotation": 180, "texture": "#missing"},
				"down": {"uv": [0, 0, 14, 0], "texture": "#missing"}
			}
		},
		{
			"from": [12.896, 0.216, 8.1],
			"to": [15.296, 0.6, 9.06],
			"rotation": {"angle": 0, "axis": "y", "origin": [9.536, 7.896, 8.1]},
			"faces": {
				"north": {"uv": [0, 0, 2.5, 0.4], "texture": "#5"},
				"east": {"uv": [0, 0, 1, 0.4], "texture": "#5"},
				"south": {"uv": [0, 0, 2.5, 0.4], "texture": "#5"},
				"west": {"uv": [0, 0, 1, 0.4], "texture": "#5"},
				"up": {"uv": [0, 0, 2.5, 1], "texture": "#5"},
				"down": {"uv": [0, 0, 2.5, 1], "texture": "#5"}
			}
		},
		{
			"from": [13.376, 0.216, 9.252],
			"to": [15.296, 0.6, 10.212],
			"rotation": {"angle": 0, "axis": "y", "origin": [9.536, 7.896, 8.1]},
			"faces": {
				"north": {"uv": [0, 0, 2, 0.4], "texture": "#5"},
				"east": {"uv": [0, 0, 1, 0.4], "texture": "#5"},
				"south": {"uv": [0, 0, 2, 0.4], "texture": "#5"},
				"west": {"uv": [0, 0, 1, 0.4], "texture": "#5"},
				"up": {"uv": [0, 0, 2, 1], "texture": "#5"},
				"down": {"uv": [0, 0, 2, 1], "texture": "#5"}
			}
		},
		{
			"from": [13.856, 0.216, 10.404],
			"to": [15.296, 0.6, 11.364],
			"rotation": {"angle": 0, "axis": "y", "origin": [9.536, 7.896, 8.1]},
			"faces": {
				"north": {"uv": [0, 0, 1.5, 0.4], "texture": "#5"},
				"east": {"uv": [0, 0, 1, 0.4], "texture": "#5"},
				"south": {"uv": [0, 0, 1.5, 0.4], "texture": "#5"},
				"west": {"uv": [0, 0, 1, 0.4], "texture": "#5"},
				"up": {"uv": [0, 0, 1.5, 1], "texture": "#5"},
				"down": {"uv": [0, 0, 1.5, 1], "texture": "#5"}
			}
		},
		{
			"from": [14.336, 0.216, 11.556],
			"to": [15.296, 0.6, 12.516],
			"rotation": {"angle": 0, "axis": "y", "origin": [9.536, 7.896, 8.1]},
			"faces": {
				"north": {"uv": [0, 0, 1, 0.4], "texture": "#5"},
				"east": {"uv": [0, 0, 1, 0.4], "texture": "#5"},
				"south": {"uv": [0, 0, 1, 0.4], "texture": "#5"},
				"west": {"uv": [0, 0, 1, 0.4], "texture": "#5"},
				"up": {"uv": [0, 0, 1, 1], "texture": "#5"},
				"down": {"uv": [0, 0, 1, 1], "texture": "#5"}
			}
		},
		{
			"from": [13.952, 0.216, 6.948],
			"to": [15.296, 0.6, 7.908],
			"rotation": {"angle": 0, "axis": "y", "origin": [9.536, 7.896, 8.1]},
			"faces": {
				"north": {"uv": [0, 0, 1.4, 0.4], "texture": "#5"},
				"east": {"uv": [0, 0, 1, 0.4], "texture": "#5"},
				"south": {"uv": [0, 0, 1.4, 0.4], "texture": "#5"},
				"west": {"uv": [0, 0, 1, 0.4], "texture": "#5"},
				"up": {"uv": [0, 0, 1.4, 1], "texture": "#5"},
				"down": {"uv": [0, 0, 1.4, 1], "texture": "#5"}
			}
		},
		{
			"from": [0.225, 0.225, 6.6],
			"to": [15.825, 0.55, 12.85],
			"rotation": {"angle": 0, "axis": "y", "origin": [9.6, 8.225, 8]},
			"faces": {
				"north": {"uv": [0, 0, 15.6, 0.325], "texture": "#3"},
				"east": {"uv": [0, 0, 6.25, 0.325], "texture": "#3"},
				"south": {"uv": [0, 0, 15.6, 0.325], "texture": "#3"},
				"west": {"uv": [0, 0, 6.25, 0.325], "texture": "#3"},
				"up": {"uv": [2, 3, 14.6, 9.25], "texture": "#3"},
				"down": {"uv": [0, 0, 15.6, 6.25], "texture": "#3"}
			}
		},
		{
			"from": [12.8, 0.216, 6.948],
			"to": [13.76, 0.6, 7.908],
			"rotation": {"angle": 0, "axis": "y", "origin": [9.536, 7.896, 8.1]},
			"faces": {
				"north": {"uv": [0, 0, 1, 0.4], "texture": "#5"},
				"east": {"uv": [0, 0, 1, 0.4], "texture": "#5"},
				"south": {"uv": [0, 0, 1, 0.4], "texture": "#5"},
				"west": {"uv": [0, 0, 1, 0.4], "texture": "#5"},
				"up": {"uv": [0, 0, 1, 1], "texture": "#5"},
				"down": {"uv": [0, 0, 1, 1], "texture": "#5"}
			}
		},
		{
			"from": [13.184, 0.216, 11.556],
			"to": [14.144, 0.6, 12.516],
			"rotation": {"angle": 0, "axis": "y", "origin": [9.536, 7.896, 8.1]},
			"faces": {
				"north": {"uv": [0, 0, 1, 0.4], "texture": "#5"},
				"east": {"uv": [0, 0, 1, 0.4], "texture": "#5"},
				"south": {"uv": [0, 0, 1, 0.4], "texture": "#5"},
				"west": {"uv": [0, 0, 1, 0.4], "texture": "#5"},
				"up": {"uv": [0, 0, 1, 1], "texture": "#5"},
				"down": {"uv": [0, 0, 1, 1], "texture": "#5"}
			}
		},
		{
			"from": [10.88, 0.216, 11.556],
			"to": [11.84, 0.6, 12.516],
			"rotation": {"angle": 0, "axis": "y", "origin": [7.232, 7.896, 8.1]},
			"faces": {
				"north": {"uv": [0, 0, 1, 0.4], "texture": "#5"},
				"east": {"uv": [0, 0, 1, 0.4], "texture": "#5"},
				"south": {"uv": [0, 0, 1, 0.4], "texture": "#5"},
				"west": {"uv": [0, 0, 1, 0.4], "texture": "#5"},
				"up": {"uv": [0, 0, 1, 1], "texture": "#5"},
				"down": {"uv": [0, 0, 1, 1], "texture": "#5"}
			}
		},
		{
			"from": [12.032, 0.216, 11.556],
			"to": [12.992, 0.6, 12.516],
			"rotation": {"angle": 0, "axis": "y", "origin": [7.232, 7.896, 8.1]},
			"faces": {
				"north": {"uv": [0, 0, 1, 0.4], "texture": "#5"},
				"east": {"uv": [0, 0, 1, 0.4], "texture": "#5"},
				"south": {"uv": [0, 0, 1, 0.4], "texture": "#5"},
				"west": {"uv": [0, 0, 1, 0.4], "texture": "#5"},
				"up": {"uv": [0, 0, 1, 1], "texture": "#5"},
				"down": {"uv": [0, 0, 1, 1], "texture": "#5"}
			}
		},
		{
			"from": [6.272, 0.216, 11.556],
			"to": [7.232, 0.6, 12.516],
			"rotation": {"angle": 0, "axis": "y", "origin": [2.624, 7.896, 8.1]},
			"faces": {
				"north": {"uv": [0, 0, 1, 0.4], "texture": "#5"},
				"east": {"uv": [0, 0, 1, 0.4], "texture": "#5"},
				"south": {"uv": [0, 0, 1, 0.4], "texture": "#5"},
				"west": {"uv": [0, 0, 1, 0.4], "texture": "#5"},
				"up": {"uv": [0, 0, 1, 1], "texture": "#5"},
				"down": {"uv": [0, 0, 1, 1], "texture": "#5"}
			}
		},
		{
			"from": [7.424, 0.216, 11.556],
			"to": [8.384, 0.6, 12.516],
			"rotation": {"angle": 0, "axis": "y", "origin": [2.624, 7.896, 8.1]},
			"faces": {
				"north": {"uv": [0, 0, 1, 0.4], "texture": "#5"},
				"east": {"uv": [0, 0, 1, 0.4], "texture": "#5"},
				"south": {"uv": [0, 0, 1, 0.4], "texture": "#5"},
				"west": {"uv": [0, 0, 1, 0.4], "texture": "#5"},
				"up": {"uv": [0, 0, 1, 1], "texture": "#5"},
				"down": {"uv": [0, 0, 1, 1], "texture": "#5"}
			}
		},
		{
			"from": [8.576, 0.216, 11.556],
			"to": [9.536, 0.6, 12.516],
			"rotation": {"angle": 0, "axis": "y", "origin": [4.928, 7.896, 8.1]},
			"faces": {
				"north": {"uv": [0, 0, 1, 0.4], "texture": "#5"},
				"east": {"uv": [0, 0, 1, 0.4], "texture": "#5"},
				"south": {"uv": [0, 0, 1, 0.4], "texture": "#5"},
				"west": {"uv": [0, 0, 1, 0.4], "texture": "#5"},
				"up": {"uv": [0, 0, 1, 1], "texture": "#5"},
				"down": {"uv": [0, 0, 1, 1], "texture": "#5"}
			}
		},
		{
			"from": [9.728, 0.216, 11.556],
			"to": [10.688, 0.6, 12.516],
			"rotation": {"angle": 0, "axis": "y", "origin": [4.928, 7.896, 8.1]},
			"faces": {
				"north": {"uv": [0, 0, 1, 0.4], "texture": "#5"},
				"east": {"uv": [0, 0, 1, 0.4], "texture": "#5"},
				"south": {"uv": [0, 0, 1, 0.4], "texture": "#5"},
				"west": {"uv": [0, 0, 1, 0.4], "texture": "#5"},
				"up": {"uv": [0, 0, 1, 1], "texture": "#5"},
				"down": {"uv": [0, 0, 1, 1], "texture": "#5"}
			}
		},
		{
			"from": [12.704, 0.216, 10.404],
			"to": [13.664, 0.6, 11.364],
			"rotation": {"angle": 0, "axis": "y", "origin": [7.904, 7.896, 6.948]},
			"faces": {
				"north": {"uv": [0, 0, 1, 0.4], "texture": "#5"},
				"east": {"uv": [0, 0, 1, 0.4], "texture": "#5"},
				"south": {"uv": [0, 0, 1, 0.4], "texture": "#5"},
				"west": {"uv": [0, 0, 1, 0.4], "texture": "#5"},
				"up": {"uv": [0, 0, 1, 1], "texture": "#5"},
				"down": {"uv": [0, 0, 1, 1], "texture": "#5"}
			}
		},
		{
			"from": [11.552, 0.216, 10.404],
			"to": [12.512, 0.6, 11.364],
			"rotation": {"angle": 0, "axis": "y", "origin": [7.904, 7.896, 6.948]},
			"faces": {
				"north": {"uv": [0, 0, 1, 0.4], "texture": "#5"},
				"east": {"uv": [0, 0, 1, 0.4], "texture": "#5"},
				"south": {"uv": [0, 0, 1, 0.4], "texture": "#5"},
				"west": {"uv": [0, 0, 1, 0.4], "texture": "#5"},
				"up": {"uv": [0, 0, 1, 1], "texture": "#5"},
				"down": {"uv": [0, 0, 1, 1], "texture": "#5"}
			}
		},
		{
			"from": [10.4, 0.216, 10.404],
			"to": [11.36, 0.6, 11.364],
			"rotation": {"angle": 0, "axis": "y", "origin": [5.6, 7.896, 6.948]},
			"faces": {
				"north": {"uv": [0, 0, 1, 0.4], "texture": "#5"},
				"east": {"uv": [0, 0, 1, 0.4], "texture": "#5"},
				"south": {"uv": [0, 0, 1, 0.4], "texture": "#5"},
				"west": {"uv": [0, 0, 1, 0.4], "texture": "#5"},
				"up": {"uv": [0, 0, 1, 1], "texture": "#5"},
				"down": {"uv": [0, 0, 1, 1], "texture": "#5"}
			}
		},
		{
			"from": [9.248, 0.216, 10.404],
			"to": [10.208, 0.6, 11.364],
			"rotation": {"angle": 0, "axis": "y", "origin": [5.6, 7.896, 6.948]},
			"faces": {
				"north": {"uv": [0, 0, 1, 0.4], "texture": "#5"},
				"east": {"uv": [0, 0, 1, 0.4], "texture": "#5"},
				"south": {"uv": [0, 0, 1, 0.4], "texture": "#5"},
				"west": {"uv": [0, 0, 1, 0.4], "texture": "#5"},
				"up": {"uv": [0, 0, 1, 1], "texture": "#5"},
				"down": {"uv": [0, 0, 1, 1], "texture": "#5"}
			}
		},
		{
			"from": [8.096, 0.216, 10.404],
			"to": [9.056, 0.6, 11.364],
			"rotation": {"angle": 0, "axis": "y", "origin": [3.296, 7.896, 6.948]},
			"faces": {
				"north": {"uv": [0, 0, 1, 0.4], "texture": "#5"},
				"east": {"uv": [0, 0, 1, 0.4], "texture": "#5"},
				"south": {"uv": [0, 0, 1, 0.4], "texture": "#5"},
				"west": {"uv": [0, 0, 1, 0.4], "texture": "#5"},
				"up": {"uv": [0, 0, 1, 1], "texture": "#5"},
				"down": {"uv": [0, 0, 1, 1], "texture": "#5"}
			}
		},
		{
			"from": [6.944, 0.216, 10.404],
			"to": [7.904, 0.6, 11.364],
			"rotation": {"angle": 0, "axis": "y", "origin": [3.296, 7.896, 6.948]},
			"faces": {
				"north": {"uv": [0, 0, 1, 0.4], "texture": "#5"},
				"east": {"uv": [0, 0, 1, 0.4], "texture": "#5"},
				"south": {"uv": [0, 0, 1, 0.4], "texture": "#5"},
				"west": {"uv": [0, 0, 1, 0.4], "texture": "#5"},
				"up": {"uv": [0, 0, 1, 1], "texture": "#5"},
				"down": {"uv": [0, 0, 1, 1], "texture": "#5"}
			}
		},
		{
			"from": [5.792, 0.216, 10.404],
			"to": [6.752, 0.6, 11.364],
			"rotation": {"angle": 0, "axis": "y", "origin": [0.992, 7.896, 6.948]},
			"faces": {
				"north": {"uv": [0, 0, 1, 0.4], "texture": "#5"},
				"east": {"uv": [0, 0, 1, 0.4], "texture": "#5"},
				"south": {"uv": [0, 0, 1, 0.4], "texture": "#5"},
				"west": {"uv": [0, 0, 1, 0.4], "texture": "#5"},
				"up": {"uv": [0, 0, 1, 1], "texture": "#5"},
				"down": {"uv": [0, 0, 1, 1], "texture": "#5"}
			}
		},
		{
			"from": [4.64, 0.216, 10.404],
			"to": [5.6, 0.6, 11.364],
			"rotation": {"angle": 0, "axis": "y", "origin": [0.992, 7.896, 6.948]},
			"faces": {
				"north": {"uv": [0, 0, 1, 0.4], "texture": "#5"},
				"east": {"uv": [0, 0, 1, 0.4], "texture": "#5"},
				"south": {"uv": [0, 0, 1, 0.4], "texture": "#5"},
				"west": {"uv": [0, 0, 1, 0.4], "texture": "#5"},
				"up": {"uv": [0, 0, 1, 1], "texture": "#5"},
				"down": {"uv": [0, 0, 1, 1], "texture": "#5"}
			}
		},
		{
			"from": [12.224, 0.216, 9.252],
			"to": [13.184, 0.6, 10.212],
			"rotation": {"angle": 0, "axis": "y", "origin": [7.424, 7.896, 5.796]},
			"faces": {
				"north": {"uv": [0, 0, 1, 0.4], "texture": "#5"},
				"east": {"uv": [0, 0, 1, 0.4], "texture": "#5"},
				"south": {"uv": [0, 0, 1, 0.4], "texture": "#5"},
				"west": {"uv": [0, 0, 1, 0.4], "texture": "#5"},
				"up": {"uv": [0, 0, 1, 1], "texture": "#5"},
				"down": {"uv": [0, 0, 1, 1], "texture": "#5"}
			}
		},
		{
			"from": [11.072, 0.216, 9.252],
			"to": [12.032, 0.6, 10.212],
			"rotation": {"angle": 0, "axis": "y", "origin": [7.424, 7.896, 5.796]},
			"faces": {
				"north": {"uv": [0, 0, 1, 0.4], "texture": "#5"},
				"east": {"uv": [0, 0, 1, 0.4], "texture": "#5"},
				"south": {"uv": [0, 0, 1, 0.4], "texture": "#5"},
				"west": {"uv": [0, 0, 1, 0.4], "texture": "#5"},
				"up": {"uv": [0, 0, 1, 1], "texture": "#5"},
				"down": {"uv": [0, 0, 1, 1], "texture": "#5"}
			}
		},
		{
			"from": [9.92, 0.216, 9.252],
			"to": [10.88, 0.6, 10.212],
			"rotation": {"angle": 0, "axis": "y", "origin": [5.12, 7.896, 5.796]},
			"faces": {
				"north": {"uv": [0, 0, 1, 0.4], "texture": "#5"},
				"east": {"uv": [0, 0, 1, 0.4], "texture": "#5"},
				"south": {"uv": [0, 0, 1, 0.4], "texture": "#5"},
				"west": {"uv": [0, 0, 1, 0.4], "texture": "#5"},
				"up": {"uv": [0, 0, 1, 1], "texture": "#5"},
				"down": {"uv": [0, 0, 1, 1], "texture": "#5"}
			}
		},
		{
			"from": [8.768, 0.216, 9.252],
			"to": [9.728, 0.6, 10.212],
			"rotation": {"angle": 0, "axis": "y", "origin": [5.12, 7.896, 5.796]},
			"faces": {
				"north": {"uv": [0, 0, 1, 0.4], "texture": "#5"},
				"east": {"uv": [0, 0, 1, 0.4], "texture": "#5"},
				"south": {"uv": [0, 0, 1, 0.4], "texture": "#5"},
				"west": {"uv": [0, 0, 1, 0.4], "texture": "#5"},
				"up": {"uv": [0, 0, 1, 1], "texture": "#5"},
				"down": {"uv": [0, 0, 1, 1], "texture": "#5"}
			}
		},
		{
			"from": [7.616, 0.216, 9.252],
			"to": [8.576, 0.6, 10.212],
			"rotation": {"angle": 0, "axis": "y", "origin": [2.816, 7.896, 5.796]},
			"faces": {
				"north": {"uv": [0, 0, 1, 0.4], "texture": "#5"},
				"east": {"uv": [0, 0, 1, 0.4], "texture": "#5"},
				"south": {"uv": [0, 0, 1, 0.4], "texture": "#5"},
				"west": {"uv": [0, 0, 1, 0.4], "texture": "#5"},
				"up": {"uv": [0, 0, 1, 1], "texture": "#5"},
				"down": {"uv": [0, 0, 1, 1], "texture": "#5"}
			}
		},
		{
			"from": [6.464, 0.216, 9.252],
			"to": [7.424, 0.6, 10.212],
			"rotation": {"angle": 0, "axis": "y", "origin": [2.816, 7.896, 5.796]},
			"faces": {
				"north": {"uv": [0, 0, 1, 0.4], "texture": "#5"},
				"east": {"uv": [0, 0, 1, 0.4], "texture": "#5"},
				"south": {"uv": [0, 0, 1, 0.4], "texture": "#5"},
				"west": {"uv": [0, 0, 1, 0.4], "texture": "#5"},
				"up": {"uv": [0, 0, 1, 1], "texture": "#5"},
				"down": {"uv": [0, 0, 1, 1], "texture": "#5"}
			}
		},
		{
			"from": [5.312, 0.216, 9.252],
			"to": [6.272, 0.6, 10.212],
			"rotation": {"angle": 0, "axis": "y", "origin": [0.512, 7.896, 5.796]},
			"faces": {
				"north": {"uv": [0, 0, 1, 0.4], "texture": "#5"},
				"east": {"uv": [0, 0, 1, 0.4], "texture": "#5"},
				"south": {"uv": [0, 0, 1, 0.4], "texture": "#5"},
				"west": {"uv": [0, 0, 1, 0.4], "texture": "#5"},
				"up": {"uv": [0, 0, 1, 1], "texture": "#5"},
				"down": {"uv": [0, 0, 1, 1], "texture": "#5"}
			}
		},
		{
			"from": [4.16, 0.216, 9.252],
			"to": [5.12, 0.6, 10.212],
			"rotation": {"angle": 0, "axis": "y", "origin": [0.512, 7.896, 5.796]},
			"faces": {
				"north": {"uv": [0, 0, 1, 0.4], "texture": "#5"},
				"east": {"uv": [0, 0, 1, 0.4], "texture": "#5"},
				"south": {"uv": [0, 0, 1, 0.4], "texture": "#5"},
				"west": {"uv": [0, 0, 1, 0.4], "texture": "#5"},
				"up": {"uv": [0, 0, 1, 1], "texture": "#5"},
				"down": {"uv": [0, 0, 1, 1], "texture": "#5"}
			}
		},
		{
			"from": [11.744, 0.216, 8.1],
			"to": [12.704, 0.6, 9.06],
			"rotation": {"angle": 0, "axis": "y", "origin": [6.944, 7.896, 4.644]},
			"faces": {
				"north": {"uv": [0, 0, 1, 0.4], "texture": "#5"},
				"east": {"uv": [0, 0, 1, 0.4], "texture": "#5"},
				"south": {"uv": [0, 0, 1, 0.4], "texture": "#5"},
				"west": {"uv": [0, 0, 1, 0.4], "texture": "#5"},
				"up": {"uv": [0, 0, 1, 1], "texture": "#5"},
				"down": {"uv": [0, 0, 1, 1], "texture": "#5"}
			}
		},
		{
			"from": [10.592, 0.216, 8.1],
			"to": [11.552, 0.6, 9.06],
			"rotation": {"angle": 0, "axis": "y", "origin": [6.944, 7.896, 4.644]},
			"faces": {
				"north": {"uv": [0, 0, 1, 0.4], "texture": "#5"},
				"east": {"uv": [0, 0, 1, 0.4], "texture": "#5"},
				"south": {"uv": [0, 0, 1, 0.4], "texture": "#5"},
				"west": {"uv": [0, 0, 1, 0.4], "texture": "#5"},
				"up": {"uv": [0, 0, 1, 1], "texture": "#5"},
				"down": {"uv": [0, 0, 1, 1], "texture": "#5"}
			}
		},
		{
			"from": [9.44, 0.216, 8.1],
			"to": [10.4, 0.6, 9.06],
			"rotation": {"angle": 0, "axis": "y", "origin": [4.64, 7.896, 4.644]},
			"faces": {
				"north": {"uv": [0, 0, 1, 0.4], "texture": "#5"},
				"east": {"uv": [0, 0, 1, 0.4], "texture": "#5"},
				"south": {"uv": [0, 0, 1, 0.4], "texture": "#5"},
				"west": {"uv": [0, 0, 1, 0.4], "texture": "#5"},
				"up": {"uv": [0, 0, 1, 1], "texture": "#5"},
				"down": {"uv": [0, 0, 1, 1], "texture": "#5"}
			}
		},
		{
			"from": [8.288, 0.216, 8.1],
			"to": [9.248, 0.6, 9.06],
			"rotation": {"angle": 0, "axis": "y", "origin": [4.64, 7.896, 4.644]},
			"faces": {
				"north": {"uv": [0, 0, 1, 0.4], "texture": "#5"},
				"east": {"uv": [0, 0, 1, 0.4], "texture": "#5"},
				"south": {"uv": [0, 0, 1, 0.4], "texture": "#5"},
				"west": {"uv": [0, 0, 1, 0.4], "texture": "#5"},
				"up": {"uv": [0, 0, 1, 1], "texture": "#5"},
				"down": {"uv": [0, 0, 1, 1], "texture": "#5"}
			}
		},
		{
			"from": [7.136, 0.216, 8.1],
			"to": [8.096, 0.6, 9.06],
			"rotation": {"angle": 0, "axis": "y", "origin": [2.336, 7.896, 4.644]},
			"faces": {
				"north": {"uv": [0, 0, 1, 0.4], "texture": "#5"},
				"east": {"uv": [0, 0, 1, 0.4], "texture": "#5"},
				"south": {"uv": [0, 0, 1, 0.4], "texture": "#5"},
				"west": {"uv": [0, 0, 1, 0.4], "texture": "#5"},
				"up": {"uv": [0, 0, 1, 1], "texture": "#5"},
				"down": {"uv": [0, 0, 1, 1], "texture": "#5"}
			}
		},
		{
			"from": [5.984, 0.216, 8.1],
			"to": [6.944, 0.6, 9.06],
			"rotation": {"angle": 0, "axis": "y", "origin": [2.336, 7.896, 4.644]},
			"faces": {
				"north": {"uv": [0, 0, 1, 0.4], "texture": "#5"},
				"east": {"uv": [0, 0, 1, 0.4], "texture": "#5"},
				"south": {"uv": [0, 0, 1, 0.4], "texture": "#5"},
				"west": {"uv": [0, 0, 1, 0.4], "texture": "#5"},
				"up": {"uv": [0, 0, 1, 1], "texture": "#5"},
				"down": {"uv": [0, 0, 1, 1], "texture": "#5"}
			}
		},
		{
			"from": [4.832, 0.216, 8.1],
			"to": [5.792, 0.6, 9.06],
			"rotation": {"angle": 0, "axis": "y", "origin": [0.032, 7.896, 4.644]},
			"faces": {
				"north": {"uv": [0, 0, 1, 0.4], "texture": "#5"},
				"east": {"uv": [0, 0, 1, 0.4], "texture": "#5"},
				"south": {"uv": [0, 0, 1, 0.4], "texture": "#5"},
				"west": {"uv": [0, 0, 1, 0.4], "texture": "#5"},
				"up": {"uv": [0, 0, 1, 1], "texture": "#5"},
				"down": {"uv": [0, 0, 1, 1], "texture": "#5"}
			}
		},
		{
			"from": [3.68, 0.216, 8.1],
			"to": [4.64, 0.6, 9.06],
			"rotation": {"angle": 0, "axis": "y", "origin": [0.032, 7.896, 4.644]},
			"faces": {
				"north": {"uv": [0, 0, 1, 0.4], "texture": "#5"},
				"east": {"uv": [0, 0, 1, 0.4], "texture": "#5"},
				"south": {"uv": [0, 0, 1, 0.4], "texture": "#5"},
				"west": {"uv": [0, 0, 1, 0.4], "texture": "#5"},
				"up": {"uv": [0, 0, 1, 1], "texture": "#5"},
				"down": {"uv": [0, 0, 1, 1], "texture": "#5"}
			}
		},
		{
			"from": [11.648, 0.216, 6.948],
			"to": [12.608, 0.6, 7.908],
			"rotation": {"angle": 0, "axis": "y", "origin": [6.944, 7.896, 4.644]},
			"faces": {
				"north": {"uv": [0, 0, 1, 0.4], "texture": "#5"},
				"east": {"uv": [0, 0, 1, 0.4], "texture": "#5"},
				"south": {"uv": [0, 0, 1, 0.4], "texture": "#5"},
				"west": {"uv": [0, 0, 1, 0.4], "texture": "#5"},
				"up": {"uv": [0, 0, 1, 1], "texture": "#5"},
				"down": {"uv": [0, 0, 1, 1], "texture": "#5"}
			}
		},
		{
			"from": [5.696, 0.216, 6.948],
			"to": [11.456, 0.6, 7.908],
			"rotation": {"angle": 0, "axis": "y", "origin": [6.944, 7.896, 4.644]},
			"faces": {
				"north": {"uv": [0, 0, 6, 0.4], "texture": "#5"},
				"east": {"uv": [0, 0, 1, 0.4], "texture": "#5"},
				"south": {"uv": [0, 0, 6, 0.4], "texture": "#5"},
				"west": {"uv": [0, 0, 1, 0.4], "texture": "#5"},
				"up": {"uv": [0, 0, 6, 1], "texture": "#5"},
				"down": {"uv": [0, 0, 6, 1], "texture": "#5"}
			}
		},
		{
			"from": [5.6, 0.15, 3.5],
			"to": [10.6, 0.55, 6.325],
			"rotation": {"angle": 0, "axis": "y", "origin": [6.9, 8.3, 4.4]},
			"faces": {
				"north": {"uv": [0, 0, 5, 0.4], "texture": "#0"},
				"east": {"uv": [0, 0, 2.825, 0.4], "texture": "#0"},
				"south": {"uv": [0, 0, 5, 0.4], "texture": "#0"},
				"west": {"uv": [0, 0, 2.825, 0.4], "texture": "#0"},
				"up": {"uv": [6, 7, 11, 9.825], "texture": "#0"},
				"down": {"uv": [0, 0, 5, 2.825], "texture": "#0"}
			}
		},
		{
			"from": [3.392, 0.216, 6.948],
			"to": [4.352, 0.6, 7.908],
			"rotation": {"angle": 0, "axis": "y", "origin": [-1.312, 7.896, 4.644]},
			"faces": {
				"north": {"uv": [0, 0, 1, 0.4], "texture": "#5"},
				"east": {"uv": [0, 0, 1, 0.4], "texture": "#5"},
				"south": {"uv": [0, 0, 1, 0.4], "texture": "#5"},
				"west": {"uv": [0, 0, 1, 0.4], "texture": "#5"},
				"up": {"uv": [0, 0, 1, 1], "texture": "#5"},
				"down": {"uv": [0, 0, 1, 1], "texture": "#5"}
			}
		},
		{
			"from": [4.544, 0.216, 6.948],
			"to": [5.504, 0.6, 7.908],
			"rotation": {"angle": 0, "axis": "y", "origin": [1.28, 7.896, 8.1]},
			"faces": {
				"north": {"uv": [0, 0, 1, 0.4], "texture": "#5"},
				"east": {"uv": [0, 0, 1, 0.4], "texture": "#5"},
				"south": {"uv": [0, 0, 1, 0.4], "texture": "#5"},
				"west": {"uv": [0, 0, 1, 0.4], "texture": "#5"},
				"up": {"uv": [0, 0, 1, 1], "texture": "#5"},
				"down": {"uv": [0, 0, 1, 1], "texture": "#5"}
			}
		},
		{
			"from": [0.704, 0.216, 6.948],
			"to": [2.048, 0.6, 7.908],
			"rotation": {"angle": 0, "axis": "y", "origin": [1.28, 7.896, 8.1]},
			"faces": {
				"north": {"uv": [0, 0, 1.4, 0.4], "texture": "#5"},
				"east": {"uv": [0, 0, 1, 0.4], "texture": "#5"},
				"south": {"uv": [0, 0, 1.4, 0.4], "texture": "#5"},
				"west": {"uv": [0, 0, 1, 0.4], "texture": "#5"},
				"up": {"uv": [0, 0, 1.4, 1], "texture": "#5"},
				"down": {"uv": [0, 0, 1.4, 1], "texture": "#5"}
			}
		},
		{
			"from": [2.24, 0.216, 6.948],
			"to": [3.2, 0.6, 7.908],
			"rotation": {"angle": 0, "axis": "y", "origin": [-1.312, 7.896, 4.644]},
			"faces": {
				"north": {"uv": [0, 0, 1, 0.4], "texture": "#5"},
				"east": {"uv": [0, 0, 1, 0.4], "texture": "#5"},
				"south": {"uv": [0, 0, 1, 0.4], "texture": "#5"},
				"west": {"uv": [0, 0, 1, 0.4], "texture": "#5"},
				"up": {"uv": [0, 0, 1, 1], "texture": "#5"},
				"down": {"uv": [0, 0, 1, 1], "texture": "#5"}
			}
		},
		{
			"from": [0.704, 0.216, 8.1],
			"to": [3.488, 0.6, 9.06],
			"rotation": {"angle": 0, "axis": "y", "origin": [9.536, 7.896, 8.1]},
			"faces": {
				"north": {"uv": [0, 0, 2.9, 0.4], "texture": "#5"},
				"east": {"uv": [0, 0, 1, 0.4], "texture": "#5"},
				"south": {"uv": [0, 0, 2.9, 0.4], "texture": "#5"},
				"west": {"uv": [0, 0, 1, 0.4], "texture": "#5"},
				"up": {"uv": [0, 0, 2.9, 1], "texture": "#5"},
				"down": {"uv": [0, 0, 2.9, 1], "texture": "#5"}
			}
		},
		{
			"from": [3.008, 0.216, 9.252],
			"to": [3.968, 0.6, 10.212],
			"rotation": {"angle": 0, "axis": "y", "origin": [0.512, 7.896, 5.796]},
			"faces": {
				"north": {"uv": [0, 0, 1, 0.4], "texture": "#5"},
				"east": {"uv": [0, 0, 1, 0.4], "texture": "#5"},
				"south": {"uv": [0, 0, 1, 0.4], "texture": "#5"},
				"west": {"uv": [0, 0, 1, 0.4], "texture": "#5"},
				"up": {"uv": [0, 0, 1, 1], "texture": "#5"},
				"down": {"uv": [0, 0, 1, 1], "texture": "#5"}
			}
		},
		{
			"from": [1.856, 0.216, 9.252],
			"to": [2.816, 0.6, 10.212],
			"rotation": {"angle": 0, "axis": "y", "origin": [0.512, 7.896, 5.796]},
			"faces": {
				"north": {"uv": [0, 0, 1, 0.4], "texture": "#5"},
				"east": {"uv": [0, 0, 1, 0.4], "texture": "#5"},
				"south": {"uv": [0, 0, 1, 0.4], "texture": "#5"},
				"west": {"uv": [0, 0, 1, 0.4], "texture": "#5"},
				"up": {"uv": [0, 0, 1, 1], "texture": "#5"},
				"down": {"uv": [0, 0, 1, 1], "texture": "#5"}
			}
		},
		{
			"from": [0.704, 0.216, 9.252],
			"to": [1.664, 0.6, 10.404],
			"rotation": {"angle": 0, "axis": "y", "origin": [0.512, 7.896, 5.796]},
			"faces": {
				"north": {"uv": [0, 0, 1, 0.4], "texture": "#5"},
				"east": {"uv": [0, 0, 1.2, 0.4], "texture": "#5"},
				"south": {"uv": [0, 0, 1, 0.4], "texture": "#5"},
				"west": {"uv": [0, 0, 1.2, 0.4], "texture": "#5"},
				"up": {"uv": [0, 0, 1, 1.2], "texture": "#5"},
				"down": {"uv": [0, 0, 1, 1.2], "texture": "#5"}
			}
		},
		{
			"from": [0.704, 0.216, 10.404],
			"to": [2.144, 0.6, 11.364],
			"rotation": {"angle": 0, "axis": "y", "origin": [9.536, 7.896, 8.1]},
			"faces": {
				"north": {"uv": [0, 0, 1.5, 0.4], "texture": "#5"},
				"east": {"uv": [0, 0, 1, 0.4], "texture": "#5"},
				"south": {"uv": [0, 0, 1.5, 0.4], "texture": "#5"},
				"west": {"uv": [0, 0, 1, 0.4], "texture": "#5"},
				"up": {"uv": [0, 0, 1.5, 1], "texture": "#5"},
				"down": {"uv": [0, 0, 1.5, 1], "texture": "#5"}
			}
		},
		{
			"from": [2.336, 0.216, 10.404],
			"to": [3.296, 0.6, 11.364],
			"rotation": {"angle": 0, "axis": "y", "origin": [-1.312, 7.896, 6.948]},
			"faces": {
				"north": {"uv": [0, 0, 1, 0.4], "texture": "#5"},
				"east": {"uv": [0, 0, 1, 0.4], "texture": "#5"},
				"south": {"uv": [0, 0, 1, 0.4], "texture": "#5"},
				"west": {"uv": [0, 0, 1, 0.4], "texture": "#5"},
				"up": {"uv": [0, 0, 1, 1], "texture": "#5"},
				"down": {"uv": [0, 0, 1, 1], "texture": "#5"}
			}
		},
		{
			"from": [3.488, 0.216, 10.404],
			"to": [4.448, 0.6, 11.364],
			"rotation": {"angle": 0, "axis": "y", "origin": [-1.312, 7.896, 6.948]},
			"faces": {
				"north": {"uv": [0, 0, 1, 0.4], "texture": "#5"},
				"east": {"uv": [0, 0, 1, 0.4], "texture": "#5"},
				"south": {"uv": [0, 0, 1, 0.4], "texture": "#5"},
				"west": {"uv": [0, 0, 1, 0.4], "texture": "#5"},
				"up": {"uv": [0, 0, 1, 1], "texture": "#5"},
				"down": {"uv": [0, 0, 1, 1], "texture": "#5"}
			}
		},
		{
			"from": [5.12, 0.216, 11.556],
			"to": [6.08, 0.6, 12.516],
			"rotation": {"angle": 0, "axis": "y", "origin": [1.472, 7.896, 8.1]},
			"faces": {
				"north": {"uv": [0, 0, 1, 0.4], "texture": "#5"},
				"east": {"uv": [0, 0, 1, 0.4], "texture": "#5"},
				"south": {"uv": [0, 0, 1, 0.4], "texture": "#5"},
				"west": {"uv": [0, 0, 1, 0.4], "texture": "#5"},
				"up": {"uv": [0, 0, 1, 1], "texture": "#5"},
				"down": {"uv": [0, 0, 1, 1], "texture": "#5"}
			}
		},
		{
			"from": [3.968, 0.216, 11.556],
			"to": [4.928, 0.6, 12.516],
			"rotation": {"angle": 0, "axis": "y", "origin": [-0.832, 7.896, 8.1]},
			"faces": {
				"north": {"uv": [0, 0, 1, 0.4], "texture": "#5"},
				"east": {"uv": [0, 0, 1, 0.4], "texture": "#5"},
				"south": {"uv": [0, 0, 1, 0.4], "texture": "#5"},
				"west": {"uv": [0, 0, 1, 0.4], "texture": "#5"},
				"up": {"uv": [0, 0, 1, 1], "texture": "#5"},
				"down": {"uv": [0, 0, 1, 1], "texture": "#5"}
			}
		},
		{
			"from": [2.816, 0.216, 11.556],
			"to": [3.776, 0.6, 12.516],
			"rotation": {"angle": 0, "axis": "y", "origin": [-0.832, 7.896, 8.1]},
			"faces": {
				"north": {"uv": [0, 0, 1, 0.4], "texture": "#5"},
				"east": {"uv": [0, 0, 1, 0.4], "texture": "#5"},
				"south": {"uv": [0, 0, 1, 0.4], "texture": "#5"},
				"west": {"uv": [0, 0, 1, 0.4], "texture": "#5"},
				"up": {"uv": [0, 0, 1, 1], "texture": "#5"},
				"down": {"uv": [0, 0, 1, 1], "texture": "#5"}
			}
		},
		{
			"from": [0.704, 0.216, 11.556],
			"to": [2.624, 0.6, 12.516],
			"rotation": {"angle": 0, "axis": "y", "origin": [-3.136, 7.896, 8.1]},
			"faces": {
				"north": {"uv": [0, 0, 2, 0.4], "texture": "#5"},
				"east": {"uv": [0, 0, 1, 0.4], "texture": "#5"},
				"south": {"uv": [0, 0, 2, 0.4], "texture": "#5"},
				"west": {"uv": [0, 0, 1, 0.4], "texture": "#5"},
				"up": {"uv": [0, 0, 2, 1], "texture": "#5"},
				"down": {"uv": [0, 0, 2, 1], "texture": "#5"}
			}
		},
		{
			"from": [6.68669, 6.12, 14.14817],
			"to": [7.66109, 6.4448, 14.47297],
			"rotation": {"angle": 22.5, "axis": "x", "origin": [7.63055, 0.89505, 11.73288]},
			"faces": {
				"north": {"uv": [0, 0, 3, 1], "texture": "#6"},
				"east": {"uv": [0, 0, 1, 1], "texture": "#6"},
				"south": {"uv": [0, 0, 3, 1], "texture": "#6"},
				"west": {"uv": [0, 0, 1, 1], "texture": "#6"},
				"up": {"uv": [0, 0, 3, 1], "rotation": 180, "texture": "#6"},
				"down": {"uv": [0, 0, 3, 1], "rotation": 180, "texture": "#6"}
			}
		},
		{
			"from": [7.01149, 7.4192, 14.14817],
			"to": [7.98589, 7.744, 14.47297],
			"rotation": {"angle": 22.5, "axis": "x", "origin": [7.63055, 0.89505, 11.73288]},
			"faces": {
				"north": {"uv": [0, 0, 3, 1], "texture": "#6"},
				"east": {"uv": [0, 0, 1, 1], "texture": "#6"},
				"south": {"uv": [0, 0, 3, 1], "texture": "#6"},
				"west": {"uv": [0, 0, 1, 1], "texture": "#6"},
				"up": {"uv": [0, 0, 3, 1], "rotation": 180, "texture": "#6"},
				"down": {"uv": [0, 0, 3, 1], "rotation": 180, "texture": "#6"}
			}
		},
		{
			"from": [8.31069, 7.4192, 14.14817],
			"to": [9.28509, 7.744, 14.47297],
			"rotation": {"angle": 22.5, "axis": "x", "origin": [7.63055, 0.89505, 11.73288]},
			"faces": {
				"north": {"uv": [0, 0, 3, 1], "texture": "#6"},
				"east": {"uv": [0, 0, 1, 1], "texture": "#6"},
				"south": {"uv": [0, 0, 3, 1], "texture": "#6"},
				"west": {"uv": [0, 0, 1, 1], "texture": "#6"},
				"up": {"uv": [0, 0, 3, 1], "rotation": 180, "texture": "#6"},
				"down": {"uv": [0, 0, 3, 1], "rotation": 180, "texture": "#6"}
			}
		},
		{
			"from": [8.31069, 6.12, 14.14817],
			"to": [8.63549, 7.4192, 14.47297],
			"rotation": {"angle": 22.5, "axis": "x", "origin": [7.63055, 0.89505, 11.73288]},
			"faces": {
				"north": {"uv": [0, 0, 1, 4], "texture": "#6"},
				"east": {"uv": [0, 0, 1, 4], "texture": "#6"},
				"south": {"uv": [0, 0, 1, 4], "texture": "#6"},
				"west": {"uv": [0, 0, 1, 4], "texture": "#6"},
				"up": {"uv": [0, 0, 1, 1], "rotation": 180, "texture": "#6"},
				"down": {"uv": [0, 0, 1, 1], "rotation": 180, "texture": "#6"}
			}
		},
		{
			"from": [7.01149, 6.7696, 14.14817],
			"to": [7.66109, 7.0944, 14.47297],
			"rotation": {"angle": 22.5, "axis": "x", "origin": [7.63055, 0.89505, 11.73288]},
			"faces": {
				"north": {"uv": [0, 0, 2, 1], "texture": "#6"},
				"east": {"uv": [0, 0, 1, 1], "texture": "#6"},
				"south": {"uv": [0, 0, 2, 1], "texture": "#6"},
				"west": {"uv": [0, 0, 1, 1], "texture": "#6"},
				"up": {"uv": [0, 0, 2, 1], "rotation": 180, "texture": "#6"},
				"down": {"uv": [0, 0, 2, 1], "rotation": 180, "texture": "#6"}
			}
		},
		{
			"from": [8.63549, 6.7696, 14.14817],
			"to": [9.28509, 7.0944, 14.47297],
			"rotation": {"angle": 22.5, "axis": "x", "origin": [7.63055, 0.89505, 11.73288]},
			"faces": {
				"north": {"uv": [0, 0, 2, 1], "texture": "#6"},
				"east": {"uv": [0, 0, 1, 1], "texture": "#6"},
				"south": {"uv": [0, 0, 2, 1], "texture": "#6"},
				"west": {"uv": [0, 0, 1, 1], "texture": "#6"},
				"up": {"uv": [0, 0, 2, 1], "rotation": 180, "texture": "#6"},
				"down": {"uv": [0, 0, 2, 1], "rotation": 180, "texture": "#6"}
			}
		},
		{
			"from": [7.66109, 6.4448, 14.14817],
			"to": [7.98589, 6.7696, 14.47297],
			"rotation": {"angle": 22.5, "axis": "x", "origin": [7.63055, 0.89505, 11.73288]},
			"faces": {
				"north": {"uv": [0, 0, 1, 1], "texture": "#6"},
				"east": {"uv": [0, 0, 1, 1], "texture": "#6"},
				"south": {"uv": [0, 0, 1, 1], "texture": "#6"},
				"west": {"uv": [0, 0, 1, 1], "texture": "#6"},
				"up": {"uv": [0, 0, 1, 1], "rotation": 180, "texture": "#6"},
				"down": {"uv": [0, 0, 1, 1], "rotation": 180, "texture": "#6"}
			}
		},
		{
			"from": [6.68669, 7.0944, 14.14817],
			"to": [7.01149, 7.4192, 14.47297],
			"rotation": {"angle": 22.5, "axis": "x", "origin": [7.63055, 0.89505, 11.73288]},
			"faces": {
				"north": {"uv": [0, 0, 1, 1], "texture": "#6"},
				"east": {"uv": [0, 0, 1, 1], "texture": "#6"},
				"south": {"uv": [0, 0, 1, 1], "texture": "#6"},
				"west": {"uv": [0, 0, 1, 1], "texture": "#6"},
				"up": {"uv": [0, 0, 1, 1], "rotation": 180, "texture": "#6"},
				"down": {"uv": [0, 0, 1, 1], "rotation": 180, "texture": "#6"}
			}
		},
		{
			"from": [9.28509, 7.0944, 14.14817],
			"to": [9.60989, 7.4192, 14.47297],
			"rotation": {"angle": 22.5, "axis": "x", "origin": [7.63055, 0.89505, 11.73288]},
			"faces": {
				"north": {"uv": [0, 0, 1, 1], "texture": "#6"},
				"east": {"uv": [0, 0, 1, 1], "texture": "#6"},
				"south": {"uv": [0, 0, 1, 1], "texture": "#6"},
				"west": {"uv": [0, 0, 1, 1], "texture": "#6"},
				"up": {"uv": [0, 0, 1, 1], "rotation": 180, "texture": "#6"},
				"down": {"uv": [0, 0, 1, 1], "rotation": 180, "texture": "#6"}
			}
		}
	],
	"display": {
		"thirdperson_righthand": {
			"rotation": [0, 135, 0],
			"translation": [0, 1.5, 0],
			"scale": [0.27, 0.27, 0.27]
		},
		"thirdperson_lefthand": {
			"rotation": [0, 135, 0],
			"translation": [0, 1.5, 0],
			"scale": [0.27, 0.27, 0.27]
		},
		"firstperson_righthand": {
			"rotation": [0, 162, 0],
			"translation": [0, 7.75, 0],
			"scale": [0.71, 0.71, 0.71]
		},
		"firstperson_lefthand": {
			"rotation": [0, 162, 0],
			"translation": [0, 7.75, 0],
			"scale": [0.71, 0.71, 0.71]
		},
		"ground": {
			"translation": [0, 1, 0],
			"scale": [0.57, 0.57, 0.57]
		},
		"gui": {
			"rotation": [39, 140, 0],
			"translation": [-1, 0.5, 0],
			"scale": [0.67, 0.67, 0.67]
		},
		"head": {
			"translation": [0, 14.5, 0]
		},
		"fixed": {
			"rotation": [-90, 0, 0],
			"translation": [0, -4, -14],
			"scale": [2, 2, 2]
		}
	},
	"groups": [0, 1, 2, 3, 4, 5,
		{
			"name": "group",
			"origin": [-3.6, 8.5, 8],
			"children": [6, 7, 8, 9, 10, 11, 12, 13, 14, 15, 16, 17, 18, 19, 20, 21, 22, 23, 24, 25, 26, 27, 28, 29, 30, 31, 32, 33, 34, 35, 36, 37, 38, 39, 40, 41, 42, 43, 44, 45, 46, 47, 48, 49, 50, 51, 52, 53, 54, 55, 56, 57, 58, 59, 60, 61]
		}, 62, 63, 64, 65, 66, 67, 68, 69, 70]
}