{
	"credit": "Made by DrVECKER",
	"textures": {
		"0": "hats/cut_sandstone",
		"1": "hats/message",
		"3": "hats/mask/item_frame",
		"4": "hats/emodji/light_gray_wool",
		"particle": "hats/cut_sandstone"
	},
	"elements": [
		{
			"from": [2, 0, 8.3],
			"to": [12, 5, 9],
			"faces": {
				"north": {"uv": [2, 1, 12, 6], "texture": "#0"},
				"east": {"uv": [7, 11, 7.7, 16], "texture": "#0"},
				"south": {"uv": [2, 11, 12, 16], "texture": "#0"},
				"west": {"uv": [8.3, 11, 9, 16], "texture": "#0"},
				"up": {"uv": [2, 8.3, 12, 9], "texture": "#0"},
				"down": {"uv": [2, 7, 12, 7.7], "texture": "#0"}
			}
		},
		{
			"from": [2.5, 0.8, 8.275],
			"to": [5.5, 3.5, 8.975],
			"faces": {
				"north": {"uv": [2, 0, 16, 11.5], "texture": "#1"},
				"east": {"uv": [7.025, 12.5, 7.725, 15.2], "texture": "#1"},
				"south": {"uv": [2.5, 12.5, 5.5, 15.2], "texture": "#1"},
				"west": {"uv": [8.275, 12.5, 8.975, 15.2], "texture": "#1"},
				"up": {"uv": [2.5, 8.275, 5.5, 8.975], "texture": "#1"},
				"down": {"uv": [2.5, 7.025, 5.5, 7.725], "texture": "#1"}
			}
		},
		{
			"from": [8.2, 0.8, 8.325],
			"to": [11.2, 3.5, 9.025],
			"faces": {
				"north": {"uv": [2.5, 12.5, 5.5, 15.2], "texture": "#1"},
				"east": {"uv": [8.275, 12.5, 8.975, 15.2], "texture": "#1"},
				"south": {"uv": [2, 0, 16, 11.5], "texture": "#1"},
				"west": {"uv": [7.025, 12.5, 7.725, 15.2], "texture": "#1"},
				"up": {"uv": [2.5, 8.275, 5.5, 8.975], "rotation": 180, "texture": "#1"},
				"down": {"uv": [2.5, 7.025, 5.5, 7.725], "rotation": 180, "texture": "#1"}
			}
		},
		{
			"from": [2, 3.2, 8.1],
			"to": [12, 5, 8.3],
			"faces": {
				"north": {"uv": [3, 1, 13, 2.8], "texture": "#0"},
				"east": {"uv": [7.7, 11, 7.9, 12.8], "texture": "#0"},
				"south": {"uv": [2, 11, 12, 12.8], "texture": "#0"},
				"west": {"uv": [8.1, 11, 8.3, 12.8], "texture": "#0"},
				"up": {"uv": [2, 8.1, 12, 8.3], "texture": "#0"},
				"down": {"uv": [2, 7.7, 12, 7.9], "texture": "#0"}
			}
		},
		{
			"from": [6.16, 2.44, 7.98],
			"to": [7.96, 3.16, 8.16],
			"rotation": {"angle": 0, "axis": "y", "origin": [7.6, 2.8, 8.7]},
			"faces": {
				"north": {"uv": [3, 6, 13, 10], "texture": "#3"},
				"east": {"uv": [11, 6, 12, 10], "texture": "#3"},
				"south": {"uv": [2, 6, 12, 10], "texture": "#3"},
				"west": {"uv": [4, 6, 5, 10], "texture": "#3"},
				"up": {"uv": [1, 4, 11, 5], "texture": "#3"},
				"down": {"uv": [0, 11, 10, 12], "texture": "#3"}
			}
		},
		{
			"from": [6.52, 3.52, 7.98],
			"to": [7.6, 3.7, 8.16],
			"rotation": {"angle": 0, "axis": "y", "origin": [7.6, 2.8, 8.7]},
			"faces": {
				"north": {"uv": [5, 3, 11, 4], "texture": "#3"},
				"east": {"uv": [11, 3, 12, 4], "texture": "#3"},
				"south": {"uv": [2, 3, 8, 4], "texture": "#3"},
				"west": {"uv": [4, 3, 5, 4], "texture": "#3"},
				"up": {"uv": [2, 4, 8, 5], "texture": "#3"},
				"down": {"uv": [2, 11, 8, 12], "texture": "#3"}
			}
		},
		{
			"from": [6.34, 3.16, 7.98],
			"to": [7.78, 3.52, 8.16],
			"rotation": {"angle": 0, "axis": "y", "origin": [7.6, 2.8, 8.7]},
			"faces": {
				"north": {"uv": [4, 4, 12, 6], "texture": "#3"},
				"east": {"uv": [11, 4, 12, 6], "texture": "#3"},
				"south": {"uv": [1, 4, 9, 6], "texture": "#3"},
				"west": {"uv": [4, 4, 5, 6], "texture": "#3"},
				"up": {"uv": [1, 4, 9, 5], "texture": "#3"},
				"down": {"uv": [1, 11, 9, 12], "texture": "#3"}
			}
		},
		{
			"from": [6.34, 2.26, 7.98],
			"to": [7.78, 2.44, 8.16],
			"rotation": {"angle": 0, "axis": "y", "origin": [7.6, 2.8, 8.7]},
			"faces": {
				"north": {"uv": [4, 10, 12, 11], "texture": "#3"},
				"east": {"uv": [11, 10, 12, 11], "texture": "#3"},
				"south": {"uv": [1, 10, 9, 11], "texture": "#3"},
				"west": {"uv": [4, 10, 5, 11], "texture": "#3"},
				"up": {"uv": [1, 4, 9, 5], "texture": "#3"},
				"down": {"uv": [1, 11, 9, 12], "texture": "#3"}
			}
		},
		{
			"from": [6.34, 2.08, 7.98],
			"to": [7.6, 2.26, 8.16],
			"rotation": {"angle": 0, "axis": "y", "origin": [7.6, 2.8, 8.7]},
			"faces": {
				"north": {"uv": [5, 11, 12, 12], "texture": "#3"},
				"east": {"uv": [11, 11, 12, 12], "texture": "#3"},
				"south": {"uv": [1, 11, 8, 12], "texture": "#3"},
				"west": {"uv": [4, 11, 5, 12], "texture": "#3"},
				"up": {"uv": [1, 4, 8, 5], "texture": "#3"},
				"down": {"uv": [1, 11, 8, 12], "texture": "#3"}
			}
		},
		{
			"from": [6.52, 1.9, 7.98],
			"to": [7.24, 2.08, 8.16],
			"rotation": {"angle": 0, "axis": "y", "origin": [7.6, 2.8, 8.7]},
			"faces": {
				"north": {"uv": [6, 12, 11, 13], "texture": "#3"},
				"east": {"uv": [11, 12, 12, 13], "texture": "#3"},
				"south": {"uv": [2, 12, 6, 13], "texture": "#3"},
				"west": {"uv": [4, 12, 5, 13], "texture": "#3"},
				"up": {"uv": [2, 4, 6, 5], "texture": "#3"},
				"down": {"uv": [2, 11, 6, 12], "texture": "#3"}
			}
		},
		{
			"from": [7.28, 0, 8.1],
			"to": [7.46, 1.26, 8.28],
			"rotation": {"angle": 0, "axis": "y", "origin": [7.1, 1.44, 9]},
			"faces": {
				"north": {"uv": [0, 0, 1, 7], "texture": "#4"},
				"east": {"uv": [0, 0, 1, 7], "texture": "#4"},
				"south": {"uv": [0, 0, 1, 7], "texture": "#4"},
				"west": {"uv": [0, 0, 1, 7], "texture": "#4"},
				"up": {"uv": [0, 0, 1, 1], "texture": "#4"},
				"down": {"uv": [0, 0, 1, 1], "texture": "#4"}
			}
		},
		{
			"from": [6.93, 3.7, 7.925],
			"to": [7.11, 5.01, 8.105],
			"rotation": {"angle": 0, "axis": "y", "origin": [7.1, 1.44, 9]},
			"faces": {
				"north": {"uv": [0, 0, 1, 7], "texture": "#4"},
				"east": {"uv": [0, 0, 1, 7], "texture": "#4"},
				"south": {"uv": [0, 0, 1, 7], "texture": "#4"},
				"west": {"uv": [0, 0, 1, 7], "texture": "#4"},
				"up": {"uv": [0, 0, 1, 1], "texture": "#4"},
				"down": {"uv": [0, 0, 1, 1], "texture": "#4"}
			}
		},
		{
			"from": [6.365, 2.565, 8.125],
			"to": [10.175, 2.745, 8.305],
			"rotation": {"angle": 0, "axis": "z", "origin": [7.02, 4.355, 8.015]},
			"faces": {
				"north": {"uv": [0, 0, 1, 14], "rotation": 270, "texture": "#4"},
				"east": {"uv": [0, 0, 1, 1], "rotation": 90, "texture": "#4"},
				"south": {"uv": [0, 0, 1, 7], "rotation": 90, "texture": "#4"},
				"west": {"uv": [0, 0, 1, 1], "rotation": 90, "texture": "#4"},
				"up": {"uv": [0, 0, 1, 14], "rotation": 270, "texture": "#4"},
				"down": {"uv": [0, 0, 1, 14], "rotation": 270, "texture": "#4"}
			}
		},
		{
			"from": [7.115, 2.565, 8.975],
			"to": [10.175, 2.745, 9.155],
			"rotation": {"angle": 0, "axis": "z", "origin": [7.02, 4.355, 8.865]},
			"faces": {
				"north": {"uv": [0, 0, 1, 14], "rotation": 270, "texture": "#4"},
				"east": {"uv": [0, 0, 1, 1], "rotation": 90, "texture": "#4"},
				"south": {"uv": [0, 0, 1, 7], "rotation": 90, "texture": "#4"},
				"west": {"uv": [0, 0, 1, 1], "rotation": 90, "texture": "#4"},
				"up": {"uv": [0, 0, 1, 14], "rotation": 270, "texture": "#4"},
				"down": {"uv": [0, 0, 1, 14], "rotation": 270, "texture": "#4"}
			}
		},
		{
			"from": [2.015, 2.865, 8.125],
			"to": [5.175, 3.045, 8.305],
			"rotation": {"angle": 0, "axis": "z", "origin": [2.02, 4.655, 8.015]},
			"faces": {
				"north": {"uv": [0, 0, 1, 14], "rotation": 270, "texture": "#4"},
				"east": {"uv": [0, 0, 1, 1], "rotation": 90, "texture": "#4"},
				"south": {"uv": [0, 0, 1, 7], "rotation": 90, "texture": "#4"},
				"west": {"uv": [0, 0, 1, 1], "rotation": 90, "texture": "#4"},
				"up": {"uv": [0, 0, 1, 14], "rotation": 270, "texture": "#4"},
				"down": {"uv": [0, 0, 1, 14], "rotation": 270, "texture": "#4"}
			}
		},
		{
			"from": [2.015, 2.865, 8.975],
			"to": [5.175, 3.045, 9.155],
			"rotation": {"angle": 0, "axis": "z", "origin": [2.02, 4.655, 8.865]},
			"faces": {
				"north": {"uv": [0, 0, 1, 14], "rotation": 270, "texture": "#4"},
				"east": {"uv": [0, 0, 1, 1], "rotation": 90, "texture": "#4"},
				"south": {"uv": [0, 0, 1, 7], "rotation": 90, "texture": "#4"},
				"west": {"uv": [0, 0, 1, 1], "rotation": 90, "texture": "#4"},
				"up": {"uv": [0, 0, 1, 14], "rotation": 270, "texture": "#4"},
				"down": {"uv": [0, 0, 1, 14], "rotation": 270, "texture": "#4"}
			}
		},
		{
			"from": [10.165, 2.39, 8.125],
			"to": [12.075, 2.57, 8.305],
			"rotation": {"angle": 0, "axis": "z", "origin": [7.02, 4.355, 8.015]},
			"faces": {
				"north": {"uv": [0, 0, 1, 8], "rotation": 270, "texture": "#4"},
				"east": {"uv": [0, 0, 1, 1], "rotation": 90, "texture": "#4"},
				"south": {"uv": [0, 0, 1, 7], "rotation": 90, "texture": "#4"},
				"west": {"uv": [0, 0, 1, 1], "rotation": 90, "texture": "#4"},
				"up": {"uv": [0, 0, 1, 8], "rotation": 270, "texture": "#4"},
				"down": {"uv": [0, 0, 1, 8], "rotation": 270, "texture": "#4"}
			}
		},
		{
			"from": [10.165, 2.39, 8.975],
			"to": [12.075, 2.57, 9.155],
			"rotation": {"angle": 0, "axis": "z", "origin": [7.02, 4.355, 8.865]},
			"faces": {
				"north": {"uv": [0, 0, 1, 8], "rotation": 270, "texture": "#4"},
				"east": {"uv": [0, 0, 1, 1], "rotation": 90, "texture": "#4"},
				"south": {"uv": [0, 0, 1, 7], "rotation": 90, "texture": "#4"},
				"west": {"uv": [0, 0, 1, 1], "rotation": 90, "texture": "#4"},
				"up": {"uv": [0, 0, 1, 8], "rotation": 270, "texture": "#4"},
				"down": {"uv": [0, 0, 1, 8], "rotation": 270, "texture": "#4"}
			}
		},
		{
			"from": [12.03, 2.39, 8.31],
			"to": [12.21, 2.57, 9.045],
			"rotation": {"angle": 0, "axis": "y", "origin": [11.12, 2.48, 9.065]},
			"faces": {
				"north": {"uv": [0, 0, 1, 1], "rotation": 90, "texture": "#4"},
				"east": {"uv": [0, 0, 1, 4], "rotation": 90, "texture": "#4"},
				"south": {"uv": [0, 0, 1, 1], "rotation": 90, "texture": "#4"},
				"west": {"uv": [0, 0, 1, 8], "rotation": 270, "texture": "#4"},
				"up": {"uv": [0, 0, 6, 1], "rotation": 90, "texture": "#4"},
				"down": {"uv": [0, 0, 6, 1], "rotation": 90, "texture": "#4"}
			}
		},
		{
			"from": [1.83, 2.89, 8.31],
			"to": [2.01, 3.07, 9.045],
			"rotation": {"angle": 0, "axis": "y", "origin": [11.12, 2.48, 9.065]},
			"faces": {
				"north": {"uv": [0, 0, 1, 1], "rotation": 90, "texture": "#4"},
				"east": {"uv": [0, 0, 1, 4], "rotation": 90, "texture": "#4"},
				"south": {"uv": [0, 0, 1, 1], "rotation": 90, "texture": "#4"},
				"west": {"uv": [0, 0, 1, 5], "rotation": 270, "texture": "#4"},
				"up": {"uv": [0, 0, 6, 1], "rotation": 90, "texture": "#4"},
				"down": {"uv": [0, 0, 6, 1], "rotation": 90, "texture": "#4"}
			}
		},
		{
			"from": [5.165, 2.69, 8.125],
			"to": [7.075, 2.87, 8.305],
			"rotation": {"angle": 0, "axis": "z", "origin": [2.02, 4.655, 8.015]},
			"faces": {
				"north": {"uv": [0, 0, 1, 8], "rotation": 270, "texture": "#4"},
				"east": {"uv": [0, 0, 1, 1], "rotation": 90, "texture": "#4"},
				"south": {"uv": [0, 0, 1, 7], "rotation": 90, "texture": "#4"},
				"west": {"uv": [0, 0, 1, 1], "rotation": 90, "texture": "#4"},
				"up": {"uv": [0, 0, 1, 8], "rotation": 270, "texture": "#4"},
				"down": {"uv": [0, 0, 1, 8], "rotation": 270, "texture": "#4"}
			}
		},
		{
			"from": [5.165, 2.69, 8.975],
			"to": [7.125, 2.87, 9.155],
			"rotation": {"angle": 0, "axis": "z", "origin": [2.02, 4.655, 8.865]},
			"faces": {
				"north": {"uv": [0, 0, 1, 8], "rotation": 270, "texture": "#4"},
				"east": {"uv": [0, 0, 1, 1], "rotation": 90, "texture": "#4"},
				"south": {"uv": [0, 0, 1, 7], "rotation": 90, "texture": "#4"},
				"west": {"uv": [0, 0, 1, 1], "rotation": 90, "texture": "#4"},
				"up": {"uv": [0, 0, 1, 8], "rotation": 270, "texture": "#4"},
				"down": {"uv": [0, 0, 1, 8], "rotation": 270, "texture": "#4"}
			}
		},
		{
			"from": [7.28, 0, 9],
			"to": [7.46, 2.26, 9.18],
			"rotation": {"angle": 0, "axis": "y", "origin": [7.1, 1.44, 9]},
			"faces": {
				"north": {"uv": [0, 0, 1, 7], "texture": "#4"},
				"east": {"uv": [0, 0, 1, 7], "texture": "#4"},
				"south": {"uv": [0, 0, 1, 7], "texture": "#4"},
				"west": {"uv": [0, 0, 1, 7], "texture": "#4"},
				"up": {"uv": [0, 0, 1, 1], "texture": "#4"},
				"down": {"uv": [0, 0, 1, 1], "texture": "#4"}
			}
		},
		{
			"from": [7.105, 2.25, 9],
			"to": [7.285, 4.51, 9.18],
			"rotation": {"angle": 0, "axis": "y", "origin": [7.1, 1.44, 9]},
			"faces": {
				"north": {"uv": [0, 0, 1, 7], "texture": "#4"},
				"east": {"uv": [0, 0, 1, 7], "texture": "#4"},
				"south": {"uv": [0, 0, 1, 7], "texture": "#4"},
				"west": {"uv": [0, 0, 1, 7], "texture": "#4"},
				"up": {"uv": [0, 0, 1, 1], "texture": "#4"},
				"down": {"uv": [0, 0, 1, 1], "texture": "#4"}
			}
		},
		{
			"from": [6.93, 4.525, 9],
			"to": [7.11, 5.01, 9.18],
			"rotation": {"angle": 0, "axis": "y", "origin": [7.1, 1.44, 9]},
			"faces": {
				"north": {"uv": [0, 0, 1, 7], "texture": "#4"},
				"east": {"uv": [0, 0, 2, 3], "texture": "#4"},
				"south": {"uv": [0, 0, 2, 3], "texture": "#4"},
				"west": {"uv": [0, 0, 2, 3], "texture": "#4"},
				"up": {"uv": [0, 0, 1, 1], "texture": "#4"},
				"down": {"uv": [0, 0, 1, 1], "texture": "#4"}
			}
		},
		{
			"from": [7.28, -0.25, 8.275],
			"to": [7.46, 0.01, 9.005],
			"rotation": {"angle": 0, "axis": "y", "origin": [7.1, 1.44, 9]},
			"faces": {
				"north": {"uv": [0, 0, 1, 1], "texture": "#4"},
				"east": {"uv": [0, 0, 4, 1], "texture": "#4"},
				"south": {"uv": [0, 6, 1, 7], "texture": "#4"},
				"west": {"uv": [0, 0, 4, 1], "texture": "#4"},
				"up": {"uv": [0, 0, 1, 1], "texture": "#4"},
				"down": {"uv": [0, 0, 1, 1], "texture": "#4"}
			}
		},
		{
			"from": [6.93, 4.925, 8.1],
			"to": [7.11, 5.185, 9.005],
			"rotation": {"angle": 0, "axis": "y", "origin": [7.1, 1.44, 9]},
			"faces": {
				"north": {"uv": [0, 0, 1, 1], "texture": "#4"},
				"east": {"uv": [0, 0, 4, 1], "texture": "#4"},
				"south": {"uv": [0, 6, 1, 7], "texture": "#4"},
				"west": {"uv": [0, 0, 4, 1], "texture": "#4"},
				"up": {"uv": [0, 0, 1, 1], "texture": "#4"},
				"down": {"uv": [0, 0, 1, 1], "texture": "#4"}
			}
		},
		{
			"from": [7.1, 1.26, 8.1],
			"to": [7.28, 2.52, 8.28],
			"rotation": {"angle": 0, "axis": "y", "origin": [7.1, 1.44, 9]},
			"faces": {
				"north": {"uv": [0, 0, 1, 7], "texture": "#4"},
				"east": {"uv": [0, 0, 1, 7], "texture": "#4"},
				"south": {"uv": [0, 0, 1, 7], "texture": "#4"},
				"west": {"uv": [0, 0, 1, 7], "texture": "#4"},
				"up": {"uv": [0, 0, 1, 1], "texture": "#4"},
				"down": {"uv": [0, 0, 1, 1], "texture": "#4"}
			}
		},
		{
			"from": [6.74, 0.9, 8.1],
			"to": [6.92, 2.52, 8.28],
			"rotation": {"angle": 0, "axis": "y", "origin": [7.1, 1.44, 9]},
			"faces": {
				"north": {"uv": [0, 0, 1, 9], "texture": "#4"},
				"east": {"uv": [0, 0, 1, 9], "texture": "#4"},
				"south": {"uv": [0, 0, 1, 9], "texture": "#4"},
				"west": {"uv": [0, 0, 1, 9], "texture": "#4"},
				"up": {"uv": [0, 0, 1, 1], "texture": "#4"},
				"down": {"uv": [0, 0, 1, 1], "texture": "#4"}
			}
		},
		{
			"from": [6.56, 0.54, 8.1],
			"to": [6.74, 0.9, 8.28],
			"rotation": {"angle": 0, "axis": "y", "origin": [7.1, 1.44, 9]},
			"faces": {
				"north": {"uv": [0, 0, 1, 2], "texture": "#4"},
				"east": {"uv": [0, 0, 1, 2], "texture": "#4"},
				"south": {"uv": [0, 0, 1, 2], "texture": "#4"},
				"west": {"uv": [0, 0, 1, 2], "texture": "#4"},
				"up": {"uv": [0, 0, 1, 1], "texture": "#4"},
				"down": {"uv": [0, 0, 1, 1], "texture": "#4"}
			}
		}
	],
	"display": {
		"thirdperson_righthand": {
			"rotation": [0, 144, 0],
			"translation": [-2.75, 3.75, 0],
			"scale": [0.6, 0.6, 0.6]
		},
		"thirdperson_lefthand": {
			"rotation": [0, 144, 0],
			"translation": [-2.75, 3.75, 0],
			"scale": [0.6, 0.6, 0.6]
		},
		"firstperson_righthand": {
			"rotation": [0, 144, 0],
			"translation": [-1.5, 7, 0],
			"scale": [0.75, 0.75, 0.75]
		},
		"firstperson_lefthand": {
			"rotation": [0, 144, 0],
			"translation": [-1.5, 7, 0],
			"scale": [0.75, 0.75, 0.75]
		},
		"ground": {
			"rotation": [90, 0, 0],
			"translation": [0, -0.75, 3],
			"scale": [0.67, 0.67, 0.67]
		},
		"gui": {
			"rotation": [24, 139, 6],
			"translation": [-0.75, 8, 0],
			"scale": [1.64, 1.64, 1.64]
		},
		"fixed": {
			"translation": [2, 9.5, -1.5],
			"scale": [1.89, 1.89, 1.89]
		}
	},
	"groups": [0, 1, 2, 3,
		{
			"name": "group",
			"origin": [8, 8, 8],
			"children": [4, 5, 6, 7, 8, 9, 10, 11, 12, 13, 14, 15, 16, 17, 18, 19, 20, 21, 22, 23, 24, 25, 26, 27, 28, 29]
		}
	]
}