{
	"credit": "Made by DrVECKER",
	"textures": {
		"0": "hats/emodji/black_concrete",
		"1": "hats/emodji/black_concrete1",
		"10": "hats/iron_block",
		"12": "hats/emodji/gray_concrete",
		"13": "hats/pic/stone_andesite_smooth",
		"15": "hats/beacon",
		"16": "hats/emodji/gray_concrete",
		"70": "hats/mask/1337",
		"particle": "hats/emodji/black_concrete"
	},
	"elements": [
		{
			"from": [13.99963, 0, 0.00334],
			"to": [15.99963, 1, 16.00334],
			"rotation": {"angle": 0, "axis": "y", "origin": [8.01065, 1.90037, 8.21399]},
			"faces": {
				"north": {"uv": [0, 0, 2, 1], "texture": "#10"},
				"east": {"uv": [0, 0, 16, 1], "texture": "#10"},
				"south": {"uv": [0, 0, 2, 1], "texture": "#10"},
				"west": {"uv": [0, 0, 16, 1], "texture": "#10"},
				"up": {"uv": [0, 0, 16, 2], "rotation": 90, "texture": "#10"},
				"down": {"uv": [0, 0, 16, 2], "rotation": 270, "texture": "#10"}
			}
		},
		{
			"from": [12.89963, 0, 3.00334],
			"to": [13.99963, 1.1, 13.00334],
			"rotation": {"angle": 0, "axis": "y", "origin": [8.01065, 1.90037, 8.21399]},
			"faces": {
				"north": {"uv": [0, 0, 1.1, 1.1], "texture": "#13"},
				"east": {"uv": [0, 0, 10, 1.1], "texture": "#13"},
				"south": {"uv": [0, 0, 1.1, 1.1], "texture": "#13"},
				"west": {"uv": [0, 0, 10, 1.1], "texture": "#13"},
				"up": {"uv": [0, 0, 10, 1], "rotation": 90, "texture": "#13"},
				"down": {"uv": [0, 0, 10, 1], "rotation": 270, "texture": "#13"}
			}
		},
		{
			"from": [2.99963, 0, 3.00334],
			"to": [12.99963, 0.6, 13.00334],
			"rotation": {"angle": 0, "axis": "y", "origin": [8.01065, 1.90037, 8.21399]},
			"faces": {
				"north": {"uv": [0, 0, 10, 0.6], "texture": "#10"},
				"east": {"uv": [0, 0, 10, 0.6], "texture": "#10"},
				"south": {"uv": [0, 0, 10, 0.6], "texture": "#10"},
				"west": {"uv": [0, 0, 10, 0.6], "texture": "#10"},
				"up": {"uv": [3, 3, 13, 13], "rotation": 90, "texture": "#10"},
				"down": {"uv": [2, 1, 12, 11], "rotation": 270, "texture": "#10"}
			}
		},
		{
			"from": [1.99963, 0, 3.00334],
			"to": [3.09963, 1.1, 13.00334],
			"rotation": {"angle": 0, "axis": "y", "origin": [8.01065, 1.90037, 8.21399]},
			"faces": {
				"north": {"uv": [0, 0, 1.1, 1.1], "texture": "#13"},
				"east": {"uv": [0, 0, 10, 1.1], "texture": "#13"},
				"south": {"uv": [0, 0, 1.1, 1.1], "texture": "#13"},
				"west": {"uv": [0, 0, 10, 1.1], "texture": "#13"},
				"up": {"uv": [0, 0, 10, 1], "rotation": 90, "texture": "#13"},
				"down": {"uv": [0, 0, 10, 1], "rotation": 270, "texture": "#13"}
			}
		},
		{
			"from": [-0.00037, 0, 0.00334],
			"to": [1.99963, 1, 16.00334],
			"rotation": {"angle": 0, "axis": "y", "origin": [8.01065, 1.90037, 8.21399]},
			"faces": {
				"north": {"uv": [0, 0, 2, 1], "texture": "#10"},
				"east": {"uv": [0, 0, 16, 1], "texture": "#10"},
				"south": {"uv": [0, 0, 2, 1], "texture": "#10"},
				"west": {"uv": [0, 0, 16, 1], "texture": "#10"},
				"up": {"uv": [0, 0, 16, 2], "rotation": 90, "texture": "#10"},
				"down": {"uv": [0, 0, 16, 2], "rotation": 270, "texture": "#10"}
			}
		},
		{
			"from": [1.99963, 0, 0.00334],
			"to": [13.99963, 1, 2.00334],
			"rotation": {"angle": 0, "axis": "y", "origin": [8.01065, 1.90037, 8.21399]},
			"faces": {
				"north": {"uv": [0, 0, 12, 1], "texture": "#10"},
				"east": {"uv": [0, 0, 2, 1], "texture": "#10"},
				"south": {"uv": [0, 0, 12, 1], "texture": "#10"},
				"west": {"uv": [0, 0, 2, 1], "texture": "#10"},
				"up": {"uv": [0, 0, 2, 12], "rotation": 90, "texture": "#10"},
				"down": {"uv": [0, 0, 2, 12], "rotation": 270, "texture": "#10"}
			}
		},
		{
			"from": [1.99963, 0, 14.00334],
			"to": [13.99963, 1, 16.00334],
			"rotation": {"angle": 0, "axis": "y", "origin": [8.01065, 1.90037, 8.21399]},
			"faces": {
				"north": {"uv": [0, 0, 12, 1], "texture": "#10"},
				"east": {"uv": [0, 0, 2, 1], "texture": "#10"},
				"south": {"uv": [0, 0, 12, 1], "texture": "#10"},
				"west": {"uv": [0, 0, 2, 1], "texture": "#10"},
				"up": {"uv": [0, 0, 2, 12], "rotation": 90, "texture": "#10"},
				"down": {"uv": [0, 0, 2, 12], "rotation": 270, "texture": "#10"}
			}
		},
		{
			"from": [1.99963, 0, 12.90334],
			"to": [13.99963, 1.1, 14.00334],
			"rotation": {"angle": 0, "axis": "y", "origin": [8.01065, 1.90037, 8.21399]},
			"faces": {
				"north": {"uv": [0, 0, 12, 1.1], "texture": "#13"},
				"east": {"uv": [0, 0, 1.1, 1.1], "texture": "#13"},
				"south": {"uv": [0, 0, 12, 1.1], "texture": "#13"},
				"west": {"uv": [0, 0, 1.1, 1.1], "texture": "#13"},
				"up": {"uv": [0, 0, 1, 12], "rotation": 90, "texture": "#13"},
				"down": {"uv": [0, 0, 1, 12], "rotation": 270, "texture": "#13"}
			}
		},
		{
			"from": [1.99963, 0, 2.00334],
			"to": [13.99963, 1.1, 3.10334],
			"rotation": {"angle": 0, "axis": "y", "origin": [8.01065, 1.90037, 8.21399]},
			"faces": {
				"north": {"uv": [0, 0, 12, 1.1], "texture": "#13"},
				"east": {"uv": [0, 0, 1.1, 1.1], "texture": "#13"},
				"south": {"uv": [0, 0, 12, 1.1], "texture": "#13"},
				"west": {"uv": [0, 0, 1.1, 1.1], "texture": "#13"},
				"up": {"uv": [0, 0, 1, 12], "rotation": 90, "texture": "#13"},
				"down": {"uv": [0, 0, 1, 12], "rotation": 270, "texture": "#13"}
			}
		},
		{
			"from": [14.99958, 0.94, 3.44031],
			"to": [15.97958, 3.22, 12.56031],
			"rotation": {"angle": 0, "axis": "y", "origin": [8.01214, 1.96642, 8.24044]},
			"faces": {
				"north": {"uv": [5, 1, 7, 3], "texture": "#10"},
				"east": {"uv": [0, 14, 8, 16], "texture": "#10"},
				"south": {"uv": [0, 2, 1, 4], "texture": "#10"},
				"west": {"uv": [8, 14, 16, 16], "texture": "#10"},
				"up": {"uv": [0, 0, 8, 1], "rotation": 90, "texture": "#10"},
				"down": {"uv": [0, 0, 8, 1], "rotation": 270, "texture": "#10"}
			}
		},
		{
			"from": [14.99958, 3.22, 4.35231],
			"to": [15.97958, 5.5, 12.56031],
			"rotation": {"angle": 0, "axis": "y", "origin": [8.01214, 1.96642, 8.24044]},
			"faces": {
				"north": {"uv": [5, 1, 7, 3], "texture": "#10"},
				"east": {"uv": [0, 5, 7, 7], "texture": "#10"},
				"south": {"uv": [0, 2, 1, 4], "texture": "#10"},
				"west": {"uv": [9, 4, 16, 6], "texture": "#10"},
				"up": {"uv": [0, 0, 7, 1], "rotation": 90, "texture": "#10"},
				"down": {"uv": [0, 0, 7, 1], "rotation": 270, "texture": "#10"}
			}
		},
		{
			"from": [14.99958, 5.5, 5.26431],
			"to": [15.97958, 7.78, 12.56031],
			"rotation": {"angle": 0, "axis": "y", "origin": [8.01214, 1.96642, 8.24044]},
			"faces": {
				"north": {"uv": [5, 1, 7, 3], "texture": "#10"},
				"east": {"uv": [0, 0, 6, 2], "texture": "#10"},
				"south": {"uv": [0, 2, 1, 4], "texture": "#10"},
				"west": {"uv": [10, 0, 16, 2], "texture": "#10"},
				"up": {"uv": [2, 1, 8, 3], "rotation": 90, "texture": "#10"},
				"down": {"uv": [0, 0, 6, 1], "rotation": 270, "texture": "#10"}
			}
		},
		{
			"from": [-0.00613, -1.99802, 3.16793],
			"to": [1.00237, 5.88198, 4.30793],
			"rotation": {"angle": 22.5, "axis": "x", "origin": [8.01493, 1.56212, 8.98151]},
			"faces": {
				"north": {"uv": [0, 0, 7, 1], "rotation": 90, "texture": "#10"},
				"east": {"uv": [0, 0, 7, 1], "rotation": 90, "texture": "#10"},
				"south": {"uv": [0, 0, 6, 1], "rotation": 270, "texture": "#10"},
				"west": {"uv": [0, 0, 7, 1], "rotation": 90, "texture": "#10"},
				"up": {"uv": [0, 2, 1, 4], "texture": "#10"},
				"down": {"uv": [5, 1, 7, 3], "rotation": 180, "texture": "#10"}
			}
		},
		{
			"from": [14.97387, -1.99802, 3.16793],
			"to": [15.98237, 5.88198, 4.30793],
			"rotation": {"angle": 22.5, "axis": "x", "origin": [8.01493, 1.56212, 8.98151]},
			"faces": {
				"north": {"uv": [0, 0, 7, 1], "rotation": 90, "texture": "#10"},
				"east": {"uv": [0, 0, 7, 1], "rotation": 90, "texture": "#10"},
				"south": {"uv": [0, 0, 6, 1], "rotation": 270, "texture": "#10"},
				"west": {"uv": [0, 0, 7, 1], "rotation": 90, "texture": "#10"},
				"up": {"uv": [0, 2, 1, 4], "texture": "#10"},
				"down": {"uv": [5, 1, 7, 3], "rotation": 180, "texture": "#10"}
			}
		},
		{
			"from": [0.01958, 0.94, 3.44031],
			"to": [0.99958, 3.22, 12.56031],
			"rotation": {"angle": 0, "axis": "y", "origin": [8.01214, 1.96642, 8.24044]},
			"faces": {
				"north": {"uv": [5, 1, 7, 3], "texture": "#10"},
				"east": {"uv": [0, 14, 8, 16], "texture": "#10"},
				"south": {"uv": [0, 2, 1, 4], "texture": "#10"},
				"west": {"uv": [8, 14, 16, 16], "texture": "#10"},
				"up": {"uv": [0, 0, 8, 1], "rotation": 90, "texture": "#10"},
				"down": {"uv": [0, 0, 8, 1], "rotation": 270, "texture": "#10"}
			}
		},
		{
			"from": [0.01958, 3.22, 4.58031],
			"to": [0.99958, 5.5, 12.56031],
			"rotation": {"angle": 0, "axis": "y", "origin": [8.01214, 1.96642, 8.24044]},
			"faces": {
				"north": {"uv": [5, 1, 7, 3], "texture": "#10"},
				"east": {"uv": [0, 5, 7, 7], "texture": "#10"},
				"south": {"uv": [0, 2, 1, 4], "texture": "#10"},
				"west": {"uv": [9, 4, 16, 6], "texture": "#10"},
				"up": {"uv": [0, 0, 7, 1], "rotation": 90, "texture": "#10"},
				"down": {"uv": [0, 0, 7, 1], "rotation": 270, "texture": "#10"}
			}
		},
		{
			"from": [0.01958, 5.5, 5.26431],
			"to": [0.99958, 7.78, 12.56031],
			"rotation": {"angle": 0, "axis": "y", "origin": [8.01214, 1.96642, 8.24044]},
			"faces": {
				"north": {"uv": [5, 1, 7, 3], "texture": "#10"},
				"east": {"uv": [0, 0, 6, 2], "texture": "#10"},
				"south": {"uv": [0, 2, 1, 4], "texture": "#10"},
				"west": {"uv": [10, 0, 16, 2], "texture": "#10"},
				"up": {"uv": [2, 1, 8, 3], "rotation": 90, "texture": "#10"},
				"down": {"uv": [0, 0, 6, 1], "rotation": 270, "texture": "#10"}
			}
		},
		{
			"from": [1.01958, 5.5, 7.26431],
			"to": [4.01958, 7.5, 9.26431],
			"rotation": {"angle": 0, "axis": "y", "origin": [8.01214, 1.96642, 8.24044]},
			"faces": {
				"north": {"uv": [5, 1, 7, 3], "texture": "#12"},
				"east": {"uv": [0, 0, 6, 2], "texture": "#12"},
				"south": {"uv": [0, 2, 1, 4], "texture": "#12"},
				"west": {"uv": [10, 0, 16, 2], "texture": "#12"},
				"up": {"uv": [2, 1, 8, 3], "rotation": 90, "texture": "#12"},
				"down": {"uv": [0, 0, 6, 1], "rotation": 270, "texture": "#12"}
			}
		},
		{
			"from": [12.01958, 5.5, 7.26431],
			"to": [15.01958, 7.5, 9.26431],
			"rotation": {"angle": 0, "axis": "y", "origin": [8.01214, 1.96642, 8.24044]},
			"faces": {
				"north": {"uv": [5, 1, 7, 3], "texture": "#12"},
				"east": {"uv": [0, 0, 6, 2], "texture": "#12"},
				"south": {"uv": [0, 2, 1, 4], "texture": "#12"},
				"west": {"uv": [10, 0, 16, 2], "texture": "#12"},
				"up": {"uv": [2, 1, 8, 3], "rotation": 90, "texture": "#12"},
				"down": {"uv": [0, 0, 6, 1], "rotation": 270, "texture": "#12"}
			}
		},
		{
			"from": [6.01958, 6.5, 1.26431],
			"to": [11.01958, 8.5, 3.26431],
			"rotation": {"angle": 0, "axis": "y", "origin": [8.01214, 1.46642, 9.24044]},
			"faces": {
				"north": {"uv": [0, 0, 5, 2], "texture": "#10"},
				"east": {"uv": [14, 0, 16, 2], "texture": "#10"},
				"south": {"uv": [0, 2, 1, 4], "texture": "#10"},
				"west": {"uv": [10, 0, 16, 2], "texture": "#10"},
				"up": {"uv": [0, 0, 2, 5], "rotation": 90, "texture": "#10"},
				"down": {"uv": [0, 0, 6, 1], "rotation": 270, "texture": "#10"}
			}
		},
		{
			"from": [10.51961, 5.49997, 0.26431],
			"to": [11.01961, 7.99997, 1.26431],
			"rotation": {"angle": 0, "axis": "z", "origin": [10.7569, 4.98686, 0.76473]},
			"faces": {
				"north": {"uv": [15, 1, 16, 6], "rotation": 180, "texture": "#13"},
				"east": {"uv": [15, 1, 16, 6], "rotation": 180, "texture": "#13"},
				"south": {"uv": [0, 2, 1, 4], "rotation": 270, "texture": "#13"},
				"west": {"uv": [15, 1, 16, 6], "rotation": 180, "texture": "#13"},
				"up": {"uv": [0, 1, 1, 2], "texture": "#13"},
				"down": {"uv": [15, 5, 16, 6], "rotation": 90, "texture": "#13"}
			}
		},
		{
			"from": [5.01961, 5.49997, 0.26431],
			"to": [5.51961, 7.99997, 1.26431],
			"rotation": {"angle": 0, "axis": "z", "origin": [10.7569, 4.98686, 0.76473]},
			"faces": {
				"north": {"uv": [15, 1, 16, 6], "rotation": 180, "texture": "#13"},
				"east": {"uv": [15, 1, 16, 6], "rotation": 180, "texture": "#13"},
				"south": {"uv": [0, 2, 1, 4], "rotation": 270, "texture": "#13"},
				"west": {"uv": [15, 1, 16, 6], "rotation": 180, "texture": "#13"},
				"up": {"uv": [0, 1, 1, 2], "texture": "#13"},
				"down": {"uv": [15, 5, 16, 6], "rotation": 90, "texture": "#13"}
			}
		},
		{
			"from": [5.01958, 8, 0.26431],
			"to": [11.01958, 8.5, 1.26431],
			"rotation": {"angle": 0, "axis": "y", "origin": [8.01214, 1.46642, 9.24044]},
			"faces": {
				"north": {"uv": [15, 6, 16, 16], "rotation": 90, "texture": "#13"},
				"east": {"uv": [15, 5, 16, 6], "rotation": 90, "texture": "#13"},
				"south": {"uv": [0, 2, 1, 4], "texture": "#13"},
				"west": {"uv": [15, 5, 16, 6], "rotation": 90, "texture": "#13"},
				"up": {"uv": [14, 2, 15, 8], "rotation": 90, "texture": "#13"},
				"down": {"uv": [0, 1, 1, 7], "rotation": 90, "texture": "#13"}
			}
		},
		{
			"from": [5.01873, 6.50089, 2.2642],
			"to": [6.01873, 8.50089, 4.2642],
			"rotation": {"angle": 0, "axis": "y", "origin": [3.52787, 6.75357, 2.50773]},
			"faces": {
				"north": {"uv": [0, 2, 1, 4], "texture": "#10"},
				"east": {"uv": [10, 0, 16, 2], "texture": "#10"},
				"south": {"uv": [0, 0, 1, 2], "texture": "#10"},
				"west": {"uv": [14, 0, 16, 2], "texture": "#10"},
				"up": {"uv": [0, 0, 2, 1], "rotation": 270, "texture": "#10"},
				"down": {"uv": [0, 0, 6, 1], "rotation": 90, "texture": "#10"}
			}
		},
		{
			"from": [6.01962, 6.50003, 3.26423],
			"to": [11.01962, 8.50003, 4.26423],
			"rotation": {"angle": 0, "axis": "y", "origin": [9.02707, 1.46645, -2.7119]},
			"faces": {
				"north": {"uv": [0, 2, 1, 4], "texture": "#10"},
				"east": {"uv": [15, 0, 16, 2], "texture": "#10"},
				"south": {"uv": [11, 0, 16, 2], "texture": "#10"},
				"west": {"uv": [14, 0, 16, 2], "texture": "#10"},
				"up": {"uv": [0, 11, 1, 16], "rotation": 270, "texture": "#10"},
				"down": {"uv": [0, 0, 6, 1], "rotation": 90, "texture": "#10"}
			}
		},
		{
			"from": [5.01869, 6.50093, 1.26428],
			"to": [6.01869, 8.50093, 2.26428],
			"rotation": {"angle": 0, "axis": "y", "origin": [3.52787, 6.75357, 2.50773]},
			"faces": {
				"north": {"uv": [15, 0, 16, 2], "texture": "#10"},
				"east": {"uv": [14, 0, 16, 2], "texture": "#10"},
				"south": {"uv": [0, 2, 1, 4], "texture": "#10"},
				"west": {"uv": [15, 0, 16, 2], "texture": "#10"},
				"up": {"uv": [0, 12, 1, 13], "rotation": 90, "texture": "#10"},
				"down": {"uv": [0, 0, 6, 1], "rotation": 270, "texture": "#10"}
			}
		},
		{
			"from": [6.01958, 5.5, 1.26431],
			"to": [11.01958, 6.5, 3.26431],
			"rotation": {"angle": 0, "axis": "y", "origin": [8.01214, 1.46642, 9.24044]},
			"faces": {
				"north": {"uv": [0, 15, 5, 16], "texture": "#10"},
				"east": {"uv": [14, 0, 16, 1], "texture": "#10"},
				"south": {"uv": [0, 2, 1, 4], "texture": "#10"},
				"west": {"uv": [10, 0, 16, 2], "texture": "#10"},
				"up": {"uv": [0, 0, 2, 5], "rotation": 90, "texture": "#10"},
				"down": {"uv": [0, 11, 2, 16], "rotation": 270, "texture": "#10"}
			}
		},
		{
			"from": [5.01873, 5.50089, 2.2642],
			"to": [6.01873, 6.50089, 4.2642],
			"rotation": {"angle": 0, "axis": "y", "origin": [3.52787, 6.75357, 2.50773]},
			"faces": {
				"north": {"uv": [0, 2, 1, 4], "texture": "#10"},
				"east": {"uv": [10, 0, 16, 2], "texture": "#10"},
				"south": {"uv": [0, 15, 5, 16], "texture": "#10"},
				"west": {"uv": [14, 0, 16, 1], "texture": "#10"},
				"up": {"uv": [0, 0, 2, 5], "rotation": 270, "texture": "#10"},
				"down": {"uv": [0, 0, 2, 1], "rotation": 90, "texture": "#10"}
			}
		},
		{
			"from": [6.01962, 5.50003, 3.26423],
			"to": [11.01962, 6.50003, 4.26423],
			"rotation": {"angle": 0, "axis": "y", "origin": [9.02707, 1.46645, -2.7119]},
			"faces": {
				"north": {"uv": [0, 2, 1, 4], "texture": "#10"},
				"east": {"uv": [15, 3, 16, 4], "texture": "#10"},
				"south": {"uv": [0, 15, 5, 16], "texture": "#10"},
				"west": {"uv": [14, 0, 16, 1], "texture": "#10"},
				"up": {"uv": [0, 0, 2, 5], "rotation": 270, "texture": "#10"},
				"down": {"uv": [0, 0, 1, 5], "rotation": 90, "texture": "#10"}
			}
		},
		{
			"from": [5.01869, 5.50093, 1.26428],
			"to": [6.01869, 6.50093, 2.26428],
			"rotation": {"angle": 0, "axis": "y", "origin": [3.52787, 6.75357, 2.50773]},
			"faces": {
				"north": {"uv": [0, 15, 5, 16], "texture": "#10"},
				"east": {"uv": [14, 0, 16, 1], "texture": "#10"},
				"south": {"uv": [0, 2, 1, 4], "texture": "#10"},
				"west": {"uv": [15, 3, 16, 4], "texture": "#10"},
				"up": {"uv": [0, 0, 2, 5], "rotation": 90, "texture": "#10"},
				"down": {"uv": [0, 0, 1, 1], "rotation": 270, "texture": "#10"}
			}
		},
		{
			"from": [8.01958, 4.5, 4.26431],
			"to": [12.01958, 6.5, 8.26431],
			"rotation": {"angle": 0, "axis": "y", "origin": [8.01214, 0.96642, 8.24044]},
			"faces": {
				"north": {"uv": [0, 14, 4, 16], "texture": "#10"},
				"east": {"uv": [12, 14, 16, 16], "texture": "#10"},
				"south": {"uv": [0, 2, 1, 4], "texture": "#10"},
				"west": {"uv": [10, 0, 16, 2], "texture": "#10"},
				"up": {"uv": [0, 0, 4, 4], "rotation": 90, "texture": "#10"},
				"down": {"uv": [12, 0, 16, 4], "rotation": 90, "texture": "#10"}
			}
		},
		{
			"from": [8.01958, 10.5, 4.26431],
			"to": [12.01958, 12.5, 8.26431],
			"rotation": {"angle": 0, "axis": "y", "origin": [8.01214, 6.96642, 8.24044]},
			"faces": {
				"north": {"uv": [0, 0, 4, 2], "texture": "#10"},
				"east": {"uv": [12, 0, 16, 2], "texture": "#10"},
				"south": {"uv": [0, 2, 1, 4], "texture": "#10"},
				"west": {"uv": [10, 0, 16, 2], "texture": "#10"},
				"up": {"uv": [0, 0, 4, 4], "rotation": 90, "texture": "#10"},
				"down": {"uv": [12, 0, 16, 4], "rotation": 90, "texture": "#10"}
			}
		},
		{
			"from": [8.01958, 6.5, 4.26431],
			"to": [12.01958, 10.5, 8.26431],
			"rotation": {"angle": 0, "axis": "y", "origin": [8.01214, 4.96642, 8.24044]},
			"faces": {
				"north": {"uv": [0, 1, 4, 5], "texture": "#10"},
				"east": {"uv": [12, 1, 16, 5], "texture": "#10"},
				"south": {"uv": [0, 2, 1, 4], "texture": "#10"},
				"west": {"uv": [10, 0, 16, 2], "texture": "#10"},
				"up": {"uv": [0, 0, 4, 4], "rotation": 90, "texture": "#10"},
				"down": {"uv": [12, 0, 16, 4], "rotation": 90, "texture": "#10"}
			}
		},
		{
			"from": [4.01387, 6.50349, 8.25938],
			"to": [8.01387, 10.50349, 12.25938],
			"rotation": {"angle": 0, "axis": "y", "origin": [6.01434, 9.5101, 10.26551]},
			"faces": {
				"north": {"uv": [0, 2, 1, 4], "texture": "#10"},
				"east": {"uv": [10, 0, 16, 2], "texture": "#10"},
				"south": {"uv": [0, 1, 4, 5], "texture": "#10"},
				"west": {"uv": [12, 1, 16, 5], "texture": "#10"},
				"up": {"uv": [0, 0, 4, 4], "rotation": 270, "texture": "#10"},
				"down": {"uv": [12, 0, 16, 4], "rotation": 270, "texture": "#10"}
			}
		},
		{
			"from": [4.02433, 4.5, 8.2524],
			"to": [8.02433, 6.5, 12.2524],
			"rotation": {"angle": 0, "axis": "y", "origin": [8.02196, 5.50312, 10.25835]},
			"faces": {
				"north": {"uv": [0, 2, 1, 4], "texture": "#10"},
				"east": {"uv": [10, 0, 16, 2], "texture": "#10"},
				"south": {"uv": [0, 14, 4, 16], "texture": "#10"},
				"west": {"uv": [12, 14, 16, 16], "texture": "#10"},
				"up": {"uv": [0, 0, 4, 4], "rotation": 270, "texture": "#10"},
				"down": {"uv": [12, 0, 16, 4], "rotation": 270, "texture": "#10"}
			}
		},
		{
			"from": [4.02433, 10.5, 8.2524],
			"to": [8.02433, 12.5, 12.2524],
			"rotation": {"angle": 0, "axis": "y", "origin": [8.02196, 11.50312, 10.25835]},
			"faces": {
				"north": {"uv": [0, 2, 1, 4], "texture": "#10"},
				"east": {"uv": [10, 0, 16, 2], "texture": "#10"},
				"south": {"uv": [0, 0, 4, 2], "texture": "#10"},
				"west": {"uv": [12, 0, 16, 2], "texture": "#10"},
				"up": {"uv": [0, 0, 4, 4], "rotation": 270, "texture": "#10"},
				"down": {"uv": [12, 0, 16, 4], "rotation": 270, "texture": "#10"}
			}
		},
		{
			"from": [4.01958, 4.5, 4.26431],
			"to": [8.01958, 6.5, 8.26431],
			"rotation": {"angle": 0, "axis": "y", "origin": [10.01344, 5.50661, 6.26477]},
			"faces": {
				"north": {"uv": [12, 14, 16, 16], "texture": "#10"},
				"east": {"uv": [0, 2, 1, 4], "texture": "#10"},
				"south": {"uv": [10, 0, 16, 2], "texture": "#10"},
				"west": {"uv": [0, 14, 4, 16], "texture": "#10"},
				"up": {"uv": [0, 0, 4, 4], "texture": "#10"},
				"down": {"uv": [12, 0, 16, 4], "rotation": 180, "texture": "#10"}
			}
		},
		{
			"from": [7.02526, 3, 7.25771],
			"to": [9.02526, 5, 9.25771],
			"rotation": {"angle": 0, "axis": "y", "origin": [10.01912, 5.50661, 6.25817]},
			"faces": {
				"north": {"uv": [1, 1, 15, 15], "rotation": 180, "texture": "#15"},
				"east": {"uv": [1, 1, 15, 15], "rotation": 180, "texture": "#15"},
				"south": {"uv": [1, 1, 15, 15], "rotation": 180, "texture": "#15"},
				"west": {"uv": [1, 1, 15, 15], "rotation": 180, "texture": "#15"},
				"up": {"uv": [1, 1, 15, 15], "rotation": 180, "texture": "#15"},
				"down": {"uv": [1, 1, 15, 15], "rotation": 180, "texture": "#15"}
			}
		},
		{
			"from": [8.32526, 5.8, 0.95771],
			"to": [10.32526, 7.8, 2.95771],
			"rotation": {"angle": 0, "axis": "y", "origin": [10.01912, 5.50661, 6.25817]},
			"faces": {
				"north": {"uv": [1, 1, 15, 15], "rotation": 180, "texture": "#15"},
				"east": {"uv": [1, 1, 15, 15], "rotation": 180, "texture": "#15"},
				"south": {"uv": [1, 1, 15, 15], "rotation": 180, "texture": "#15"},
				"west": {"uv": [1, 1, 15, 15], "rotation": 180, "texture": "#15"},
				"up": {"uv": [1, 1, 15, 15], "rotation": 180, "texture": "#15"},
				"down": {"uv": [1, 1, 15, 15], "rotation": 180, "texture": "#15"}
			}
		},
		{
			"from": [5.72526, 5.8, 0.95771],
			"to": [7.72526, 7.8, 2.95771],
			"rotation": {"angle": 0, "axis": "y", "origin": [10.01912, 5.50661, 6.25817]},
			"faces": {
				"north": {"uv": [1, 1, 15, 15], "rotation": 180, "texture": "#15"},
				"east": {"uv": [1, 1, 15, 15], "rotation": 180, "texture": "#15"},
				"south": {"uv": [1, 1, 15, 15], "rotation": 180, "texture": "#15"},
				"west": {"uv": [1, 1, 15, 15], "rotation": 180, "texture": "#15"},
				"up": {"uv": [1, 1, 15, 15], "rotation": 180, "texture": "#15"},
				"down": {"uv": [1, 1, 15, 15], "rotation": 180, "texture": "#15"}
			}
		},
		{
			"from": [6.02526, 3.5, 6.25771],
			"to": [10.02526, 4.5, 10.25771],
			"rotation": {"angle": 0, "axis": "y", "origin": [10.01912, 5.50661, 6.25817]},
			"faces": {
				"north": {"uv": [7, 15, 11, 16], "rotation": 180, "texture": "#10"},
				"east": {"uv": [7, 15, 11, 16], "rotation": 180, "texture": "#10"},
				"south": {"uv": [7, 15, 11, 16], "rotation": 180, "texture": "#10"},
				"west": {"uv": [7, 15, 11, 16], "rotation": 180, "texture": "#10"},
				"up": {"uv": [0, 0, 4, 4], "texture": "#10"},
				"down": {"uv": [8, 3, 12, 7], "rotation": 180, "texture": "#10"}
			}
		},
		{
			"from": [4.01958, 10.5, 4.26431],
			"to": [8.01958, 12.5, 8.26431],
			"rotation": {"angle": 0, "axis": "y", "origin": [10.01344, 11.50661, 6.26477]},
			"faces": {
				"north": {"uv": [12, 0, 16, 2], "texture": "#10"},
				"east": {"uv": [0, 2, 1, 4], "texture": "#10"},
				"south": {"uv": [10, 0, 16, 2], "texture": "#10"},
				"west": {"uv": [0, 0, 4, 2], "texture": "#10"},
				"up": {"uv": [0, 0, 4, 4], "texture": "#10"},
				"down": {"uv": [12, 0, 16, 4], "rotation": 180, "texture": "#10"}
			}
		},
		{
			"from": [4.01958, 6.5, 4.26431],
			"to": [8.01958, 10.5, 8.26431],
			"rotation": {"angle": 0, "axis": "y", "origin": [10.01344, 9.50661, 6.26477]},
			"faces": {
				"north": {"uv": [12, 1, 16, 5], "texture": "#10"},
				"east": {"uv": [0, 2, 1, 4], "texture": "#10"},
				"south": {"uv": [10, 0, 16, 2], "texture": "#10"},
				"west": {"uv": [0, 1, 4, 5], "texture": "#10"},
				"up": {"uv": [0, 0, 4, 4], "texture": "#10"},
				"down": {"uv": [12, 0, 16, 4], "rotation": 180, "texture": "#10"}
			}
		},
		{
			"from": [8.0082, 6.50349, 8.26597],
			"to": [12.0082, 10.50349, 12.26597],
			"rotation": {"angle": 0, "axis": "y", "origin": [6.01434, 9.5101, 10.26551]},
			"faces": {
				"north": {"uv": [10, 0, 16, 2], "texture": "#10"},
				"east": {"uv": [0, 1, 4, 5], "texture": "#10"},
				"south": {"uv": [12, 1, 16, 5], "texture": "#10"},
				"west": {"uv": [0, 2, 1, 4], "texture": "#10"},
				"up": {"uv": [0, 0, 4, 4], "rotation": 180, "texture": "#10"},
				"down": {"uv": [12, 0, 16, 4], "texture": "#10"}
			}
		},
		{
			"from": [8.01866, 4.5, 8.259],
			"to": [12.01866, 6.5, 12.259],
			"rotation": {"angle": 0, "axis": "y", "origin": [8.02196, 5.50312, 10.25835]},
			"faces": {
				"north": {"uv": [10, 0, 16, 2], "texture": "#10"},
				"east": {"uv": [0, 14, 4, 16], "texture": "#10"},
				"south": {"uv": [12, 14, 16, 16], "texture": "#10"},
				"west": {"uv": [0, 2, 1, 4], "texture": "#10"},
				"up": {"uv": [0, 0, 4, 4], "rotation": 180, "texture": "#10"},
				"down": {"uv": [12, 0, 16, 4], "texture": "#10"}
			}
		},
		{
			"from": [8.01866, 10.5, 8.259],
			"to": [12.01866, 12.5, 12.259],
			"rotation": {"angle": 0, "axis": "y", "origin": [8.02196, 11.50312, 10.25835]},
			"faces": {
				"north": {"uv": [10, 0, 16, 2], "texture": "#10"},
				"east": {"uv": [0, 0, 4, 2], "texture": "#10"},
				"south": {"uv": [12, 0, 16, 2], "texture": "#10"},
				"west": {"uv": [0, 2, 1, 4], "texture": "#10"},
				"up": {"uv": [0, 0, 4, 4], "rotation": 180, "texture": "#10"},
				"down": {"uv": [12, 0, 16, 4], "texture": "#10"}
			}
		},
		{
			"from": [5.34249, 9.2955, 4.25325],
			"to": [7.56249, 11.1355, 4.99325],
			"rotation": {"angle": 0, "axis": "y", "origin": [4.69937, 8.91012, 6.71862]},
			"faces": {
				"north": {"uv": [4, 6, 10.825, 11.875], "texture": "#0"},
				"east": {"uv": [0, 4, 8, 12], "texture": "#0"},
				"south": {"uv": [0, 7, 1, 15], "texture": "#0"},
				"west": {"uv": [0, 0, 15.999, 15.999], "texture": "#0"},
				"up": {"uv": [7, 15, 15, 16], "rotation": 90, "texture": "#0"},
				"down": {"uv": [0, 0, 8, 1], "rotation": 270, "texture": "#0"}
			}
		},
		{
			"from": [9.97049, 10.7035, 4.10525],
			"to": [10.41449, 11.0735, 4.84525],
			"rotation": {"angle": 0, "axis": "y", "origin": [7.69937, 10.81012, 6.71862]},
			"faces": {
				"north": {"uv": [2.075, 11.925, 7.075, 13.925], "texture": "#16"},
				"east": {"uv": [7.3, 11.925, 8.3, 13.925], "texture": "#16"},
				"south": {"uv": [8.925, 11.925, 13.925, 13.925], "texture": "#16"},
				"west": {"uv": [7.7, 11.925, 8.7, 13.925], "texture": "#16"},
				"up": {"uv": [7.7, 2.075, 8.7, 7.075], "rotation": 90, "texture": "#16"},
				"down": {"uv": [7.7, 8.925, 8.7, 13.925], "rotation": 270, "texture": "#16"}
			}
		},
		{
			"from": [8.32049, 9.3035, 4.20525],
			"to": [10.56449, 11.1735, 4.84525],
			"rotation": {"angle": 0, "axis": "y", "origin": [7.69937, 10.81012, 6.71862]},
			"faces": {
				"north": {"uv": [3, 10, 7, 14], "texture": "#10"},
				"east": {"uv": [7.3, 11.925, 8.3, 13.925], "texture": "#10"},
				"south": {"uv": [8.925, 11.925, 13.925, 13.925], "texture": "#10"},
				"west": {"uv": [7.7, 11.925, 8.7, 13.925], "texture": "#10"},
				"up": {"uv": [7.7, 2.075, 8.7, 7.075], "rotation": 90, "texture": "#10"},
				"down": {"uv": [7.7, 8.925, 8.7, 13.925], "rotation": 270, "texture": "#10"}
			}
		},
		{
			"from": [9.23049, 10.7035, 4.10525],
			"to": [9.67449, 11.0735, 4.84525],
			"rotation": {"angle": 0, "axis": "y", "origin": [7.69937, 10.81012, 6.71862]},
			"faces": {
				"north": {"uv": [2.075, 11.925, 7.075, 13.925], "texture": "#16"},
				"east": {"uv": [7.3, 11.925, 8.3, 13.925], "texture": "#16"},
				"south": {"uv": [8.925, 11.925, 13.925, 13.925], "texture": "#16"},
				"west": {"uv": [7.7, 11.925, 8.7, 13.925], "texture": "#16"},
				"up": {"uv": [7.7, 2.075, 8.7, 7.075], "rotation": 90, "texture": "#16"},
				"down": {"uv": [7.7, 8.925, 8.7, 13.925], "rotation": 270, "texture": "#16"}
			}
		},
		{
			"from": [8.41649, 10.7035, 4.10525],
			"to": [8.86049, 11.0735, 4.84525],
			"rotation": {"angle": 0, "axis": "y", "origin": [7.69937, 10.81012, 6.71862]},
			"faces": {
				"north": {"uv": [2.075, 11.925, 7.075, 13.925], "texture": "#16"},
				"east": {"uv": [7.3, 11.925, 8.3, 13.925], "texture": "#16"},
				"south": {"uv": [8.925, 11.925, 13.925, 13.925], "texture": "#16"},
				"west": {"uv": [7.7, 11.925, 8.7, 13.925], "texture": "#16"},
				"up": {"uv": [7.7, 2.075, 8.7, 7.075], "rotation": 90, "texture": "#16"},
				"down": {"uv": [7.7, 8.925, 8.7, 13.925], "rotation": 270, "texture": "#16"}
			}
		},
		{
			"from": [8.41649, 10.2595, 4.10525],
			"to": [8.86049, 10.6295, 4.84525],
			"rotation": {"angle": 0, "axis": "y", "origin": [7.69937, 10.81012, 6.71862]},
			"faces": {
				"north": {"uv": [2.075, 11.925, 7.075, 13.925], "texture": "#16"},
				"east": {"uv": [7.3, 11.925, 8.3, 13.925], "texture": "#16"},
				"south": {"uv": [8.925, 11.925, 13.925, 13.925], "texture": "#16"},
				"west": {"uv": [7.7, 11.925, 8.7, 13.925], "texture": "#16"},
				"up": {"uv": [7.7, 2.075, 8.7, 7.075], "rotation": 90, "texture": "#16"},
				"down": {"uv": [7.7, 8.925, 8.7, 13.925], "rotation": 270, "texture": "#16"}
			}
		},
		{
			"from": [9.97049, 10.2595, 4.10525],
			"to": [10.41449, 10.6295, 4.84525],
			"rotation": {"angle": 0, "axis": "y", "origin": [7.69937, 10.81012, 6.71862]},
			"faces": {
				"north": {"uv": [2.075, 11.925, 7.075, 13.925], "texture": "#16"},
				"east": {"uv": [7.3, 11.925, 8.3, 13.925], "texture": "#16"},
				"south": {"uv": [8.925, 11.925, 13.925, 13.925], "texture": "#16"},
				"west": {"uv": [7.7, 11.925, 8.7, 13.925], "texture": "#16"},
				"up": {"uv": [7.7, 2.075, 8.7, 7.075], "rotation": 90, "texture": "#16"},
				"down": {"uv": [7.7, 8.925, 8.7, 13.925], "rotation": 270, "texture": "#16"}
			}
		},
		{
			"from": [9.23049, 10.2595, 4.10525],
			"to": [9.67449, 10.6295, 4.84525],
			"rotation": {"angle": 0, "axis": "y", "origin": [7.69937, 10.81012, 6.71862]},
			"faces": {
				"north": {"uv": [2.075, 11.925, 7.075, 13.925], "texture": "#16"},
				"east": {"uv": [7.3, 11.925, 8.3, 13.925], "texture": "#16"},
				"south": {"uv": [8.925, 11.925, 13.925, 13.925], "texture": "#16"},
				"west": {"uv": [7.7, 11.925, 8.7, 13.925], "texture": "#16"},
				"up": {"uv": [7.7, 2.075, 8.7, 7.075], "rotation": 90, "texture": "#16"},
				"down": {"uv": [7.7, 8.925, 8.7, 13.925], "rotation": 270, "texture": "#16"}
			}
		},
		{
			"from": [8.41649, 9.8155, 4.10525],
			"to": [8.86049, 10.1855, 4.84525],
			"rotation": {"angle": 0, "axis": "y", "origin": [7.69937, 10.81012, 6.71862]},
			"faces": {
				"north": {"uv": [2.075, 11.925, 7.075, 13.925], "texture": "#16"},
				"east": {"uv": [7.3, 11.925, 8.3, 13.925], "texture": "#16"},
				"south": {"uv": [8.925, 11.925, 13.925, 13.925], "texture": "#16"},
				"west": {"uv": [7.7, 11.925, 8.7, 13.925], "texture": "#16"},
				"up": {"uv": [7.7, 2.075, 8.7, 7.075], "rotation": 90, "texture": "#16"},
				"down": {"uv": [7.7, 8.925, 8.7, 13.925], "rotation": 270, "texture": "#16"}
			}
		},
		{
			"from": [9.97049, 9.8155, 4.10525],
			"to": [10.41449, 10.1855, 4.84525],
			"rotation": {"angle": 0, "axis": "y", "origin": [7.69937, 10.81012, 6.71862]},
			"faces": {
				"north": {"uv": [2.075, 11.925, 7.075, 13.925], "texture": "#16"},
				"east": {"uv": [7.3, 11.925, 8.3, 13.925], "texture": "#16"},
				"south": {"uv": [8.925, 11.925, 13.925, 13.925], "texture": "#16"},
				"west": {"uv": [7.7, 11.925, 8.7, 13.925], "texture": "#16"},
				"up": {"uv": [7.7, 2.075, 8.7, 7.075], "rotation": 90, "texture": "#16"},
				"down": {"uv": [7.7, 8.925, 8.7, 13.925], "rotation": 270, "texture": "#16"}
			}
		},
		{
			"from": [9.23049, 9.8155, 4.10525],
			"to": [9.67449, 10.1855, 4.84525],
			"rotation": {"angle": 0, "axis": "y", "origin": [7.69937, 10.81012, 6.71862]},
			"faces": {
				"north": {"uv": [2.075, 11.925, 7.075, 13.925], "texture": "#16"},
				"east": {"uv": [7.3, 11.925, 8.3, 13.925], "texture": "#16"},
				"south": {"uv": [8.925, 11.925, 13.925, 13.925], "texture": "#16"},
				"west": {"uv": [7.7, 11.925, 8.7, 13.925], "texture": "#16"},
				"up": {"uv": [7.7, 2.075, 8.7, 7.075], "rotation": 90, "texture": "#16"},
				"down": {"uv": [7.7, 8.925, 8.7, 13.925], "rotation": 270, "texture": "#16"}
			}
		},
		{
			"from": [9.23049, 9.3715, 4.10525],
			"to": [9.67449, 9.7415, 4.84525],
			"rotation": {"angle": 0, "axis": "y", "origin": [7.69937, 10.81012, 6.71862]},
			"faces": {
				"north": {"uv": [2.075, 11.925, 7.075, 13.925], "texture": "#16"},
				"east": {"uv": [7.3, 11.925, 8.3, 13.925], "texture": "#16"},
				"south": {"uv": [8.925, 11.925, 13.925, 13.925], "texture": "#16"},
				"west": {"uv": [7.7, 11.925, 8.7, 13.925], "texture": "#16"},
				"up": {"uv": [7.7, 2.075, 8.7, 7.075], "rotation": 90, "texture": "#16"},
				"down": {"uv": [7.7, 8.925, 8.7, 13.925], "rotation": 270, "texture": "#16"}
			}
		},
		{
			"from": [5.76799, 10.4695, 4.23475],
			"to": [7.11849, 11.0615, 4.23475],
			"rotation": {"angle": 0, "axis": "y", "origin": [4.69937, 8.91012, 7.71862]},
			"faces": {
				"north": {"uv": [0, 3.2, 15.785, 11.633], "texture": "#70"},
				"east": {"uv": [0, 4, 8, 12], "texture": "#1"},
				"south": {"uv": [0, 7, 1, 15], "texture": "#1"},
				"west": {"uv": [0, 0, 15.999, 15.999], "texture": "#1"},
				"up": {"uv": [7, 15, 15, 16], "rotation": 90, "texture": "#1"},
				"down": {"uv": [0, 0, 8, 1], "rotation": 270, "texture": "#1"}
			}
		},
		{
			"from": [5.34249, 9.2955, 4.17925],
			"to": [7.56249, 11.1355, 4.17925],
			"rotation": {"angle": 0, "axis": "y", "origin": [4.69937, 8.91012, 6.71862]},
			"faces": {
				"north": {"uv": [4, 6, 10.825, 11.875], "texture": "#1"},
				"east": {"uv": [0, 4, 8, 12], "texture": "#1"},
				"south": {"uv": [0, 7, 1, 15], "texture": "#1"},
				"west": {"uv": [0, 0, 15.999, 15.999], "texture": "#1"},
				"up": {"uv": [7, 15, 15, 16], "rotation": 90, "texture": "#1"},
				"down": {"uv": [0, 0, 8, 1], "rotation": 270, "texture": "#1"}
			}
		}
	],
	"display": {
		"thirdperson_righthand": {
			"rotation": [0, -29, 0],
			"translation": [0, 1.75, 0],
			"scale": [0.31, 0.31, 0.31]
		},
		"thirdperson_lefthand": {
			"rotation": [0, -29, 0],
			"translation": [0, 1.75, 0],
			"scale": [0.31, 0.31, 0.31]
		},
		"firstperson_righthand": {
			"rotation": [-4, 132, 0],
			"translation": [1.25, 4.5, 0],
			"scale": [0.38, 0.38, 0.38]
		},
		"firstperson_lefthand": {
			"rotation": [-4, 132, 0],
			"translation": [1.25, 4.5, 0],
			"scale": [0.38, 0.38, 0.38]
		},
		"ground": {
			"translation": [0, 2, 0],
			"scale": [0.35, 0.35, 0.35]
		},
		"gui": {
			"rotation": [36, 140, 0],
			"translation": [0.5, 2.5, 0],
			"scale": [0.73, 0.73, 0.73]
		},
		"head": {
			"translation": [0, 12.75, 0],
			"scale": [0.79, 0.79, 0.79]
		},
		"fixed": {
			"translation": [0, 0, -14],
			"scale": [2, 2, 2]
		}
	},
	"groups": [0, 1, 2, 3, 4, 5, 6, 7, 8, 9, 10, 11, 12, 13, 14, 15, 16, 17, 18, 19, 20, 21, 22, 23, 24, 25, 26, 27, 28, 29, 30, 31, 32, 33, 34, 35, 36, 37, 38, 39, 40, 41, 42, 43, 44, 45,
		{
			"name": "safe",
			"origin": [8, 8, 8],
			"children": [46, 47, 48, 49, 50, 51, 52, 53, 54, 55, 56, 57, 58, 59]
		}
	]
}