{
	"credit": "Made by DrVECKER",
	"textures": {
		"0": "hats/desktop",
		"1": "hats/emodji/gray_concrete",
		"2": "hats/emodji/light_gray_concrete",
		"4": "hats/emodji/indic",
		"5": "hats/emodji/indic_red",
		"particle": "hats/desktop"
	},
	"elements": [
		{
			"from": [6.3, 0, 7.5],
			"to": [9.7, 0.3, 9.9],
			"faces": {
				"north": {"uv": [0, 0, 3.4, 0.3], "texture": "#1"},
				"east": {"uv": [0, 0, 3.6, 0.3], "texture": "#1"},
				"south": {"uv": [0, 0, 3.4, 0.3], "texture": "#1"},
				"west": {"uv": [0, 0, 3.6, 0.3], "texture": "#1"},
				"up": {"uv": [0, 0, 3.4, 3.6], "texture": "#1"},
				"down": {"uv": [0, 0, 3.4, 3.6], "texture": "#1"}
			}
		},
		{
			"from": [7.2, 0.3, 9.1],
			"to": [8.9, 3.8, 9.6],
			"faces": {
				"north": {"uv": [0, 0, 1.7, 3.5], "texture": "#1"},
				"east": {"uv": [0, 0, 0.5, 3.5], "texture": "#1"},
				"south": {"uv": [0, 0, 1.7, 3.5], "texture": "#1"},
				"west": {"uv": [0, 0, 0.5, 3.5], "texture": "#1"},
				"up": {"uv": [0, 0, 1.7, 0.5], "texture": "#1"},
				"down": {"uv": [0, 0, 1.7, 0.5], "texture": "#1"}
			}
		},
		{
			"from": [7.6, 3.2, 9.6],
			"to": [7.7, 3.3, 9.7],
			"rotation": {"angle": 0, "axis": "y", "origin": [8.1, 8, 8]},
			"faces": {
				"north": {"uv": [0, 0, 0.1, 0.1], "texture": "#2"},
				"east": {"uv": [0, 0, 0.1, 0.1], "texture": "#2"},
				"south": {"uv": [0, 0, 0.1, 0.1], "texture": "#2"},
				"west": {"uv": [0, 0, 0.1, 0.1], "texture": "#2"},
				"up": {"uv": [0, 0, 0.1, 0.1], "texture": "#2"},
				"down": {"uv": [0, 0, 0.1, 0.1], "texture": "#2"}
			}
		},
		{
			"from": [8.4, 1.1, 8.3],
			"to": [8.5, 1.2, 8.4],
			"rotation": {"angle": 0, "axis": "y", "origin": [8, 5.9, 10]},
			"faces": {
				"north": {"uv": [0, 0, 0.1, 0.1], "texture": "#2"},
				"east": {"uv": [0, 0, 0.1, 0.1], "texture": "#2"},
				"south": {"uv": [0, 0, 0.1, 0.1], "texture": "#2"},
				"west": {"uv": [0, 0, 0.1, 0.1], "texture": "#2"},
				"up": {"uv": [0, 0, 0.1, 0.1], "rotation": 180, "texture": "#2"},
				"down": {"uv": [0, 0, 0.1, 0.1], "rotation": 180, "texture": "#2"}
			}
		},
		{
			"from": [8.4, 3.2, 9.6],
			"to": [8.5, 3.3, 9.7],
			"rotation": {"angle": 0, "axis": "y", "origin": [8.1, 8, 8]},
			"faces": {
				"north": {"uv": [0, 0, 0.1, 0.1], "texture": "#2"},
				"east": {"uv": [0, 0, 0.1, 0.1], "texture": "#2"},
				"south": {"uv": [0, 0, 0.1, 0.1], "texture": "#2"},
				"west": {"uv": [0, 0, 0.1, 0.1], "texture": "#2"},
				"up": {"uv": [0, 0, 0.1, 0.1], "texture": "#2"},
				"down": {"uv": [0, 0, 0.1, 0.1], "texture": "#2"}
			}
		},
		{
			"from": [7.6, 1.1, 8.3],
			"to": [7.7, 1.2, 8.4],
			"rotation": {"angle": 0, "axis": "y", "origin": [8, 5.9, 10]},
			"faces": {
				"north": {"uv": [0, 0, 0.1, 0.1], "texture": "#2"},
				"east": {"uv": [0, 0, 0.1, 0.1], "texture": "#2"},
				"south": {"uv": [0, 0, 0.1, 0.1], "texture": "#2"},
				"west": {"uv": [0, 0, 0.1, 0.1], "texture": "#2"},
				"up": {"uv": [0, 0, 0.1, 0.1], "rotation": 180, "texture": "#2"},
				"down": {"uv": [0, 0, 0.1, 0.1], "rotation": 180, "texture": "#2"}
			}
		},
		{
			"from": [4, 0.9, 8.3],
			"to": [4.4, 1, 8.4],
			"rotation": {"angle": 0, "axis": "y", "origin": [8, 5.9, 10]},
			"faces": {
				"north": {"uv": [0, 0, 0.4, 0.1], "texture": "#2"},
				"east": {"uv": [0, 0, 0.1, 0.1], "texture": "#2"},
				"south": {"uv": [0, 0, 0.4, 0.1], "texture": "#2"},
				"west": {"uv": [0, 0, 0.1, 0.1], "texture": "#2"},
				"up": {"uv": [0, 0, 0.4, 0.1], "rotation": 180, "texture": "#2"},
				"down": {"uv": [0, 0, 0.4, 0.1], "rotation": 180, "texture": "#2"}
			}
		},
		{
			"from": [4, 1.3, 8.3],
			"to": [4.1, 1.4, 8.4],
			"rotation": {"angle": 0, "axis": "y", "origin": [8, 5.9, 10]},
			"faces": {
				"north": {"uv": [0, 0, 0.1, 0.1], "texture": "#4"},
				"east": {"uv": [0, 0, 0.1, 0.1], "texture": "#4"},
				"south": {"uv": [0, 0, 0.1, 0.1], "texture": "#4"},
				"west": {"uv": [0, 0, 0.1, 0.1], "texture": "#4"},
				"up": {"uv": [0, 0, 0.1, 0.1], "rotation": 180, "texture": "#4"},
				"down": {"uv": [0, 0, 0.1, 0.1], "rotation": 180, "texture": "#4"}
			}
		},
		{
			"from": [4, 1.6, 8.3],
			"to": [4.1, 1.7, 8.4],
			"rotation": {"angle": 0, "axis": "y", "origin": [8, 5.9, 10]},
			"faces": {
				"north": {"uv": [0, 0, 0.1, 0.1], "texture": "#4"},
				"east": {"uv": [0, 0, 0.1, 0.1], "texture": "#4"},
				"south": {"uv": [0, 0, 0.1, 0.1], "texture": "#4"},
				"west": {"uv": [0, 0, 0.1, 0.1], "texture": "#4"},
				"up": {"uv": [0, 0, 0.1, 0.1], "rotation": 180, "texture": "#4"},
				"down": {"uv": [0, 0, 0.1, 0.1], "rotation": 180, "texture": "#4"}
			}
		},
		{
			"from": [4, 1.9, 8.3],
			"to": [4.1, 2, 8.4],
			"rotation": {"angle": 0, "axis": "y", "origin": [8, 5.9, 10]},
			"faces": {
				"north": {"uv": [0, 0, 0.1, 0.1], "texture": "#5"},
				"east": {"uv": [0, 0, 0.1, 0.1], "texture": "#5"},
				"south": {"uv": [0, 0, 0.1, 0.1], "texture": "#5"},
				"west": {"uv": [0, 0, 0.1, 0.1], "texture": "#5"},
				"up": {"uv": [0, 0, 0.1, 0.1], "rotation": 180, "texture": "#5"},
				"down": {"uv": [0, 0, 0.1, 0.1], "rotation": 180, "texture": "#5"}
			}
		},
		{
			"from": [4.5, 0.9, 8.3],
			"to": [4.9, 1, 8.4],
			"rotation": {"angle": 0, "axis": "y", "origin": [8, 5.9, 10]},
			"faces": {
				"north": {"uv": [0, 0, 0.4, 0.1], "texture": "#2"},
				"east": {"uv": [0, 0, 0.1, 0.1], "texture": "#2"},
				"south": {"uv": [0, 0, 0.4, 0.1], "texture": "#2"},
				"west": {"uv": [0, 0, 0.1, 0.1], "texture": "#2"},
				"up": {"uv": [0, 0, 0.4, 0.1], "rotation": 180, "texture": "#2"},
				"down": {"uv": [0, 0, 0.4, 0.1], "rotation": 180, "texture": "#2"}
			}
		},
		{
			"from": [5, 0.9, 8.3],
			"to": [5.4, 1, 8.4],
			"rotation": {"angle": 0, "axis": "y", "origin": [8, 5.9, 10]},
			"faces": {
				"north": {"uv": [0, 0, 0.4, 0.1], "texture": "#2"},
				"east": {"uv": [0, 0, 0.1, 0.1], "texture": "#2"},
				"south": {"uv": [0, 0, 0.4, 0.1], "texture": "#2"},
				"west": {"uv": [0, 0, 0.1, 0.1], "texture": "#2"},
				"up": {"uv": [0, 0, 0.4, 0.1], "rotation": 180, "texture": "#2"},
				"down": {"uv": [0, 0, 0.4, 0.1], "rotation": 180, "texture": "#2"}
			}
		},
		{
			"from": [8.1, 2.9, 9.6],
			"to": [8.2, 3.4, 9.7],
			"rotation": {"angle": 0, "axis": "y", "origin": [8.1, 8, 8]},
			"faces": {
				"north": {"uv": [0, 0, 0.1, 0.5], "texture": "#2"},
				"east": {"uv": [0, 0, 0.1, 0.5], "texture": "#2"},
				"south": {"uv": [0, 0, 0.1, 0.5], "texture": "#2"},
				"west": {"uv": [0, 0, 0.1, 0.5], "texture": "#2"},
				"up": {"uv": [0, 0, 0.1, 0.1], "texture": "#2"},
				"down": {"uv": [0, 0, 0.1, 0.1], "texture": "#2"}
			}
		},
		{
			"from": [7.9, 0.8, 8.3],
			"to": [8, 1.3, 8.4],
			"rotation": {"angle": 0, "axis": "y", "origin": [8, 5.9, 10]},
			"faces": {
				"north": {"uv": [0, 0, 0.1, 0.5], "texture": "#2"},
				"east": {"uv": [0, 0, 0.1, 0.5], "texture": "#2"},
				"south": {"uv": [0, 0, 0.1, 0.5], "texture": "#2"},
				"west": {"uv": [0, 0, 0.1, 0.5], "texture": "#2"},
				"up": {"uv": [0, 0, 0.1, 0.1], "rotation": 180, "texture": "#2"},
				"down": {"uv": [0, 0, 0.1, 0.1], "rotation": 180, "texture": "#2"}
			}
		},
		{
			"from": [7.9, 3, 9.6],
			"to": [8, 3.1, 9.7],
			"rotation": {"angle": 0, "axis": "y", "origin": [8.1, 8, 8]},
			"faces": {
				"north": {"uv": [0, 0, 0.1, 0.1], "texture": "#2"},
				"east": {"uv": [0, 0, 0.1, 0.1], "texture": "#2"},
				"south": {"uv": [0, 0, 0.1, 0.1], "texture": "#2"},
				"west": {"uv": [0, 0, 0.1, 0.1], "texture": "#2"},
				"up": {"uv": [0, 0, 0.1, 0.1], "texture": "#2"},
				"down": {"uv": [0, 0, 0.1, 0.1], "texture": "#2"}
			}
		},
		{
			"from": [8.1, 0.9, 8.3],
			"to": [8.2, 1, 8.4],
			"rotation": {"angle": 0, "axis": "y", "origin": [8, 5.9, 10]},
			"faces": {
				"north": {"uv": [0, 0, 0.1, 0.1], "texture": "#2"},
				"east": {"uv": [0, 0, 0.1, 0.1], "texture": "#2"},
				"south": {"uv": [0, 0, 0.1, 0.1], "texture": "#2"},
				"west": {"uv": [0, 0, 0.1, 0.1], "texture": "#2"},
				"up": {"uv": [0, 0, 0.1, 0.1], "rotation": 180, "texture": "#2"},
				"down": {"uv": [0, 0, 0.1, 0.1], "rotation": 180, "texture": "#2"}
			}
		},
		{
			"from": [7.7, 3.3, 9.6],
			"to": [8, 3.4, 9.7],
			"rotation": {"angle": 0, "axis": "y", "origin": [8.1, 8, 8]},
			"faces": {
				"north": {"uv": [0, 0, 0.3, 0.1], "texture": "#2"},
				"east": {"uv": [0, 0, 0.1, 0.1], "texture": "#2"},
				"south": {"uv": [0, 0, 0.3, 0.1], "texture": "#2"},
				"west": {"uv": [0, 0, 0.1, 0.1], "texture": "#2"},
				"up": {"uv": [0, 0, 0.3, 0.1], "texture": "#2"},
				"down": {"uv": [0, 0, 0.3, 0.1], "texture": "#2"}
			}
		},
		{
			"from": [8.1, 1.2, 8.3],
			"to": [8.4, 1.3, 8.4],
			"rotation": {"angle": 0, "axis": "y", "origin": [8, 5.9, 10]},
			"faces": {
				"north": {"uv": [0, 0, 0.3, 0.1], "texture": "#2"},
				"east": {"uv": [0, 0, 0.1, 0.1], "texture": "#2"},
				"south": {"uv": [0, 0, 0.3, 0.1], "texture": "#2"},
				"west": {"uv": [0, 0, 0.1, 0.1], "texture": "#2"},
				"up": {"uv": [0, 0, 0.3, 0.1], "rotation": 180, "texture": "#2"},
				"down": {"uv": [0, 0, 0.3, 0.1], "rotation": 180, "texture": "#2"}
			}
		},
		{
			"from": [7.6, 2.9, 9.6],
			"to": [7.9, 3, 9.7],
			"rotation": {"angle": 0, "axis": "y", "origin": [8.1, 8, 8]},
			"faces": {
				"north": {"uv": [0, 0, 0.3, 0.1], "texture": "#2"},
				"east": {"uv": [0, 0, 0.1, 0.1], "texture": "#2"},
				"south": {"uv": [0, 0, 0.3, 0.1], "texture": "#2"},
				"west": {"uv": [0, 0, 0.1, 0.1], "texture": "#2"},
				"up": {"uv": [0, 0, 0.3, 0.1], "texture": "#2"},
				"down": {"uv": [0, 0, 0.3, 0.1], "texture": "#2"}
			}
		},
		{
			"from": [8.2, 0.8, 8.3],
			"to": [8.5, 0.9, 8.4],
			"rotation": {"angle": 0, "axis": "y", "origin": [8, 5.9, 10]},
			"faces": {
				"north": {"uv": [0, 0, 0.3, 0.1], "texture": "#2"},
				"east": {"uv": [0, 0, 0.1, 0.1], "texture": "#2"},
				"south": {"uv": [0, 0, 0.3, 0.1], "texture": "#2"},
				"west": {"uv": [0, 0, 0.1, 0.1], "texture": "#2"},
				"up": {"uv": [0, 0, 0.3, 0.1], "rotation": 180, "texture": "#2"},
				"down": {"uv": [0, 0, 0.3, 0.1], "rotation": 180, "texture": "#2"}
			}
		},
		{
			"from": [7.7, 3.1, 9.6],
			"to": [7.9, 3.2, 9.7],
			"rotation": {"angle": 0, "axis": "y", "origin": [8.1, 8, 8]},
			"faces": {
				"north": {"uv": [0, 0, 0.2, 0.1], "texture": "#2"},
				"east": {"uv": [0, 0, 0.1, 0.1], "texture": "#2"},
				"south": {"uv": [0, 0, 0.2, 0.1], "texture": "#2"},
				"west": {"uv": [0, 0, 0.1, 0.1], "texture": "#2"},
				"up": {"uv": [0, 0, 0.2, 0.1], "texture": "#2"},
				"down": {"uv": [0, 0, 0.2, 0.1], "texture": "#2"}
			}
		},
		{
			"from": [8.2, 1, 8.3],
			"to": [8.4, 1.1, 8.4],
			"rotation": {"angle": 0, "axis": "y", "origin": [8, 5.9, 10]},
			"faces": {
				"north": {"uv": [0, 0, 0.2, 0.1], "texture": "#2"},
				"east": {"uv": [0, 0, 0.1, 0.1], "texture": "#2"},
				"south": {"uv": [0, 0, 0.2, 0.1], "texture": "#2"},
				"west": {"uv": [0, 0, 0.1, 0.1], "texture": "#2"},
				"up": {"uv": [0, 0, 0.2, 0.1], "rotation": 180, "texture": "#2"},
				"down": {"uv": [0, 0, 0.2, 0.1], "rotation": 180, "texture": "#2"}
			}
		},
		{
			"from": [8.2, 3.1, 9.6],
			"to": [8.4, 3.2, 9.7],
			"rotation": {"angle": 0, "axis": "y", "origin": [8.1, 8, 8]},
			"faces": {
				"north": {"uv": [0, 0, 0.2, 0.1], "texture": "#2"},
				"east": {"uv": [0, 0, 0.1, 0.1], "texture": "#2"},
				"south": {"uv": [0, 0, 0.2, 0.1], "texture": "#2"},
				"west": {"uv": [0, 0, 0.1, 0.1], "texture": "#2"},
				"up": {"uv": [0, 0, 0.2, 0.1], "texture": "#2"},
				"down": {"uv": [0, 0, 0.2, 0.1], "texture": "#2"}
			}
		},
		{
			"from": [7.7, 1, 8.3],
			"to": [7.9, 1.1, 8.4],
			"rotation": {"angle": 0, "axis": "y", "origin": [8, 5.9, 10]},
			"faces": {
				"north": {"uv": [0, 0, 0.2, 0.1], "texture": "#2"},
				"east": {"uv": [0, 0, 0.1, 0.1], "texture": "#2"},
				"south": {"uv": [0, 0, 0.2, 0.1], "texture": "#2"},
				"west": {"uv": [0, 0, 0.1, 0.1], "texture": "#2"},
				"up": {"uv": [0, 0, 0.2, 0.1], "rotation": 180, "texture": "#2"},
				"down": {"uv": [0, 0, 0.2, 0.1], "rotation": 180, "texture": "#2"}
			}
		},
		{
			"from": [8.2, 3.3, 9.6],
			"to": [8.4, 3.4, 9.7],
			"rotation": {"angle": 0, "axis": "y", "origin": [8.1, 8, 8]},
			"faces": {
				"north": {"uv": [0, 0, 0.2, 0.1], "texture": "#2"},
				"east": {"uv": [0, 0, 0.1, 0.1], "texture": "#2"},
				"south": {"uv": [0, 0, 0.2, 0.1], "texture": "#2"},
				"west": {"uv": [0, 0, 0.1, 0.1], "texture": "#2"},
				"up": {"uv": [0, 0, 0.2, 0.1], "texture": "#2"},
				"down": {"uv": [0, 0, 0.2, 0.1], "texture": "#2"}
			}
		},
		{
			"from": [7.7, 1.2, 8.3],
			"to": [7.9, 1.3, 8.4],
			"rotation": {"angle": 0, "axis": "y", "origin": [8, 5.9, 10]},
			"faces": {
				"north": {"uv": [0, 0, 0.2, 0.1], "texture": "#2"},
				"east": {"uv": [0, 0, 0.1, 0.1], "texture": "#2"},
				"south": {"uv": [0, 0, 0.2, 0.1], "texture": "#2"},
				"west": {"uv": [0, 0, 0.1, 0.1], "texture": "#2"},
				"up": {"uv": [0, 0, 0.2, 0.1], "rotation": 180, "texture": "#2"},
				"down": {"uv": [0, 0, 0.2, 0.1], "rotation": 180, "texture": "#2"}
			}
		},
		{
			"from": [7.7, 2.8, 8.8],
			"to": [8.5, 3.6, 9.1],
			"faces": {
				"north": {"uv": [0, 0, 0.8, 0.8], "texture": "#2"},
				"east": {"uv": [0, 0, 0.3, 0.8], "texture": "#2"},
				"south": {"uv": [0, 0, 0.8, 0.8], "texture": "#2"},
				"west": {"uv": [0, 0, 0.3, 0.8], "texture": "#2"},
				"up": {"uv": [0, 0, 0.8, 0.3], "texture": "#2"},
				"down": {"uv": [0, 0, 0.8, 0.3], "texture": "#2"}
			}
		},
		{
			"from": [4.3, 1.1, 8.5],
			"to": [11.7, 5.6, 8.8],
			"faces": {
				"north": {"uv": [0, 3, 16, 13], "texture": "#0"},
				"east": {"uv": [0, 0, 0.3, 4.5], "texture": "#1"},
				"south": {"uv": [0, 0, 7.4, 4.5], "texture": "#1"},
				"west": {"uv": [0, 0, 0.3, 4.5], "texture": "#1"},
				"up": {"uv": [0, 0, 7.4, 0.3], "texture": "#1"},
				"down": {"uv": [0, 0, 7.4, 0.3], "texture": "#1"}
			}
		},
		{
			"from": [4.3, 5.3, 8.4],
			"to": [11.7, 5.8, 8.7],
			"faces": {
				"north": {"uv": [0, 0, 7.4, 0.5], "texture": "#1"},
				"east": {"uv": [0, 0, 0.3, 0.5], "texture": "#1"},
				"south": {"uv": [0, 0, 7.4, 0.5], "texture": "#1"},
				"west": {"uv": [0, 0, 0.3, 0.5], "texture": "#1"},
				"up": {"uv": [0, 0, 7.4, 0.3], "texture": "#1"},
				"down": {"uv": [0, 0, 7.4, 0.3], "texture": "#1"}
			}
		},
		{
			"from": [7.6, 5.6, 8.3],
			"to": [8.8, 5.9, 8.8],
			"faces": {
				"north": {"uv": [0, 0, 1.2, 0.3], "texture": "#2"},
				"east": {"uv": [0, 0, 0.5, 0.3], "texture": "#2"},
				"south": {"uv": [0, 0, 1.2, 0.3], "texture": "#2"},
				"west": {"uv": [0, 0, 0.5, 0.3], "texture": "#2"},
				"up": {"uv": [0, 0, 1.2, 0.5], "texture": "#2"},
				"down": {"uv": [0, 0, 1.2, 0.5], "texture": "#2"}
			}
		},
		{
			"from": [7.5, 6.1, 8.3],
			"to": [8.8, 6.6, 8.8],
			"faces": {
				"north": {"uv": [0, 0, 1.3, 0.5], "texture": "#2"},
				"east": {"uv": [0, 0, 0.5, 0.5], "texture": "#2"},
				"south": {"uv": [0, 0, 1.3, 0.5], "texture": "#2"},
				"west": {"uv": [0, 0, 0.5, 0.5], "texture": "#2"},
				"up": {"uv": [0, 0, 1.3, 0.5], "texture": "#2"},
				"down": {"uv": [0, 0, 1.3, 0.5], "texture": "#2"}
			}
		},
		{
			"from": [7.7, 6.2, 8.2],
			"to": [8, 6.5, 8.7],
			"faces": {
				"north": {"uv": [0, 0, 0.3, 0.3], "texture": "#1"},
				"east": {"uv": [0, 0, 0.5, 0.3], "texture": "#1"},
				"south": {"uv": [0, 0, 0.3, 0.3], "texture": "#1"},
				"west": {"uv": [0, 0, 0.5, 0.3], "texture": "#1"},
				"up": {"uv": [0, 0, 0.3, 0.5], "texture": "#1"},
				"down": {"uv": [0, 0, 0.3, 0.5], "texture": "#1"}
			}
		},
		{
			"from": [7.8, 6.3, 8.2],
			"to": [7.9, 6.4, 8.7],
			"faces": {
				"north": {"uv": [0, 0, 0.1, 0.1], "texture": "#2"},
				"east": {"uv": [0, 0, 0.5, 0.1], "texture": "#2"},
				"south": {"uv": [0, 0, 0.1, 0.1], "texture": "#2"},
				"west": {"uv": [0, 0, 0.5, 0.1], "texture": "#2"},
				"up": {"uv": [0, 0, 0.1, 0.5], "texture": "#2"},
				"down": {"uv": [0, 0, 0.1, 0.5], "texture": "#2"}
			}
		},
		{
			"from": [8.4, 5.9, 8.4],
			"to": [8.7, 6.1, 8.7],
			"faces": {
				"north": {"uv": [0, 0, 0.3, 0.2], "texture": "#1"},
				"east": {"uv": [0, 0, 0.3, 0.2], "texture": "#1"},
				"south": {"uv": [0, 0, 0.3, 0.2], "texture": "#1"},
				"west": {"uv": [0, 0, 0.3, 0.2], "texture": "#1"},
				"up": {"uv": [0, 0, 0.3, 0.3], "texture": "#1"},
				"down": {"uv": [0, 0, 0.3, 0.3], "texture": "#1"}
			}
		},
		{
			"from": [4.3, 0.8, 8.4],
			"to": [11.7, 1.3, 8.7],
			"faces": {
				"north": {"uv": [0, 0, 7.4, 0.5], "texture": "#1"},
				"east": {"uv": [0, 0, 0.3, 0.5], "texture": "#1"},
				"south": {"uv": [0, 0, 7.4, 0.5], "texture": "#1"},
				"west": {"uv": [0, 0, 0.3, 0.5], "texture": "#1"},
				"up": {"uv": [0, 0, 7.4, 0.3], "texture": "#1"},
				"down": {"uv": [0, 0, 7.4, 0.3], "texture": "#1"}
			}
		},
		{
			"from": [3.8, 0.8, 8.4],
			"to": [4.3, 5.8, 8.7],
			"faces": {
				"north": {"uv": [0, 0, 0.5, 5], "texture": "#1"},
				"east": {"uv": [0, 0, 0.3, 5], "texture": "#1"},
				"south": {"uv": [0, 0, 0.5, 5], "texture": "#1"},
				"west": {"uv": [0, 0, 0.3, 5], "texture": "#1"},
				"up": {"uv": [0, 0, 0.5, 0.3], "texture": "#1"},
				"down": {"uv": [0, 0, 0.5, 0.3], "texture": "#1"}
			}
		},
		{
			"from": [11.7, 0.8, 8.4],
			"to": [12.2, 5.8, 8.7],
			"faces": {
				"north": {"uv": [0, 0, 0.5, 5], "texture": "#1"},
				"east": {"uv": [0, 0, 0.3, 5], "texture": "#1"},
				"south": {"uv": [0, 0, 0.5, 5], "texture": "#1"},
				"west": {"uv": [0, 0, 0.3, 5], "texture": "#1"},
				"up": {"uv": [0, 0, 0.5, 0.3], "texture": "#1"},
				"down": {"uv": [0, 0, 0.5, 0.3], "texture": "#1"}
			}
		}
	],
	"display": {
		"thirdperson_righthand": {
			"rotation": [0, 123, 0],
			"translation": [0, 7.5, 0]
		},
		"thirdperson_lefthand": {
			"rotation": [0, 123, 0],
			"translation": [0, 7.5, 0]
		},
		"firstperson_righthand": {
			"rotation": [0, 123, 0],
			"translation": [0, 7.5, 0]
		},
		"firstperson_lefthand": {
			"rotation": [0, 123, 0],
			"translation": [0, 7.5, 0]
		},
		"ground": {
			"translation": [0, 4, 0]
		},
		"gui": {
			"rotation": [28, 169, 0],
			"translation": [0, 6.75, 0],
			"scale": [1.79, 1.79, 1.79]
		},
		"fixed": {
			"rotation": [-90, 0, 0],
			"translation": [0, -1.75, -29],
			"scale": [3.74, 3.74, 3.74]
		}
	}
}