{
	"credit": "Made by DrVECKER",
	"textures": {
		"0": "hats/pic/golden_sword",
		"1": "hats/pic/kvak",
		"2": "hats/emodji/gray_concrete",
		"3": "hats/pic/gold_block",
		"particle": "hats/pic/golden_sword"
	},
	"elements": [
		{
			"name": "head",
			"from": [4, 23.9, 4],
			"to": [12, 31.9, 12],
			"rotation": {"angle": 0, "axis": "x", "origin": [8, 23.4, 8]},
			"faces": {
				"north": {"uv": [2, 2, 4, 4], "texture": "#1"},
				"east": {"uv": [0, 2, 2, 4], "texture": "#1"},
				"south": {"uv": [6, 2, 8, 4], "texture": "#1"},
				"west": {"uv": [4, 2, 6, 4], "texture": "#1"},
				"up": {"uv": [4, 2, 2, 0], "texture": "#1"},
				"down": {"uv": [6, 0, 4, 2], "texture": "#1"}
			}
		},
		{
			"name": "body",
			"from": [4, 11.9, 6],
			"to": [12, 23.9, 10],
			"rotation": {"angle": 0, "axis": "y", "origin": [8, 8.4, 8]},
			"faces": {
				"north": {"uv": [5, 5, 7, 7.98], "texture": "#1"},
				"east": {"uv": [4, 5, 5, 8], "texture": "#1"},
				"south": {"uv": [8, 5, 10, 8], "texture": "#1"},
				"west": {"uv": [7, 5, 8, 7.98], "texture": "#1"},
				"up": {"uv": [7, 5, 5, 4], "texture": "#1"},
				"down": {"uv": [9, 4, 7, 5], "texture": "#1"}
			}
		},
		{
			"name": "right_arm",
			"from": [11, 11.6, 4.3],
			"to": [15, 23.6, 8.3],
			"rotation": {"angle": -22.5, "axis": "z", "origin": [13.9822, 21.90119, 6.31661]},
			"faces": {
				"north": {"uv": [11, 5, 12, 8], "texture": "#1"},
				"east": {"uv": [10, 5, 11, 8], "texture": "#1"},
				"south": {"uv": [13, 5, 14, 8], "texture": "#1"},
				"west": {"uv": [12, 5, 13, 8], "texture": "#1"},
				"up": {"uv": [12, 5, 11, 4], "texture": "#1"},
				"down": {"uv": [13, 4, 12, 5], "texture": "#1"}
			}
		},
		{
			"name": "left_arm",
			"from": [1, 11.4, 4.3],
			"to": [5, 23.4, 8.3],
			"rotation": {"angle": 22.5, "axis": "z", "origin": [1.9822, 21.90119, 6.31661]},
			"faces": {
				"north": {"uv": [9, 13, 10, 16], "texture": "#1"},
				"east": {"uv": [8, 13, 9, 16], "texture": "#1"},
				"south": {"uv": [11, 13, 12, 16], "texture": "#1"},
				"west": {"uv": [10, 13, 11, 16], "texture": "#1"},
				"up": {"uv": [10, 13, 9, 12], "texture": "#1"},
				"down": {"uv": [11, 12, 10, 13], "texture": "#1"}
			}
		},
		{
			"name": "right_leg",
			"from": [8, -0.1, 6],
			"to": [12, 11.9, 10],
			"rotation": {"angle": 0, "axis": "y", "origin": [8, 8.4, 8]},
			"faces": {
				"north": {"uv": [1, 5, 2, 8], "texture": "#1"},
				"east": {"uv": [0, 5, 1, 8], "texture": "#1"},
				"south": {"uv": [3, 5, 4, 8], "texture": "#1"},
				"west": {"uv": [2, 5, 3, 8], "texture": "#1"},
				"up": {"uv": [2, 5, 1, 4], "texture": "#1"},
				"down": {"uv": [3, 4, 2, 5], "texture": "#1"}
			}
		},
		{
			"name": "left_leg",
			"from": [4, -0.1, 6],
			"to": [8, 11.9, 10],
			"rotation": {"angle": 0, "axis": "y", "origin": [8, 8.4, 8]},
			"faces": {
				"north": {"uv": [5, 13, 6, 16], "texture": "#1"},
				"east": {"uv": [4, 13, 5, 16], "texture": "#1"},
				"south": {"uv": [7, 13, 8, 16], "texture": "#1"},
				"west": {"uv": [6, 13, 7, 16], "texture": "#1"},
				"up": {"uv": [6, 13, 5, 12], "texture": "#1"},
				"down": {"uv": [7, 12, 6, 13], "texture": "#1"}
			}
		},
		{
			"name": "golden_sword_0",
			"from": [0, 0.4, 5],
			"to": [3, 3.4, 6],
			"rotation": {"angle": 45, "axis": "z", "origin": [8, 8.4, 8]},
			"faces": {
				"north": {"uv": [13, 0, 16, 3], "rotation": 90, "texture": "#0"},
				"east": {"uv": [13, 2, 16, 3], "rotation": 90, "texture": "#0"},
				"south": {"uv": [13, 3, 16, 0], "rotation": 90, "texture": "#0"},
				"west": {"uv": [16, 0, 13, 1], "rotation": 270, "texture": "#0"},
				"up": {"uv": [13, 0, 14, 3], "rotation": 270, "texture": "#0"},
				"down": {"uv": [15, 0, 16, 3], "rotation": 270, "texture": "#0"}
			}
		},
		{
			"name": "golden_sword_1",
			"from": [1, 3.4, 5],
			"to": [6, 4.4, 6],
			"rotation": {"angle": 45, "axis": "z", "origin": [8, 8.4, 8]},
			"faces": {
				"north": {"uv": [12, 1, 13, 6], "rotation": 90, "texture": "#0"},
				"east": {"uv": [12, 5, 13, 6], "rotation": 90, "texture": "#0"},
				"south": {"uv": [12, 6, 13, 1], "rotation": 90, "texture": "#0"},
				"west": {"uv": [13, 1, 12, 2], "rotation": 270, "texture": "#0"},
				"up": {"uv": [12, 1, 13, 6], "rotation": 270, "texture": "#0"},
				"down": {"uv": [12, 1, 13, 6], "rotation": 270, "texture": "#0"}
			}
		},
		{
			"name": "golden_sword_2",
			"from": [2, 4.4, 5],
			"to": [7, 5.4, 6],
			"rotation": {"angle": 45, "axis": "z", "origin": [8, 8.4, 8]},
			"faces": {
				"north": {"uv": [11, 2, 12, 7], "rotation": 90, "texture": "#0"},
				"east": {"uv": [11, 6, 12, 7], "rotation": 90, "texture": "#0"},
				"south": {"uv": [11, 7, 12, 2], "rotation": 90, "texture": "#0"},
				"west": {"uv": [12, 2, 11, 3], "rotation": 270, "texture": "#0"},
				"up": {"uv": [11, 2, 12, 7], "rotation": 270, "texture": "#0"},
				"down": {"uv": [11, 2, 12, 7], "rotation": 270, "texture": "#0"}
			}
		},
		{
			"name": "golden_sword_3",
			"from": [3, 5.4, 5],
			"to": [8, 6.4, 6],
			"rotation": {"angle": 45, "axis": "z", "origin": [8, 8.4, 8]},
			"faces": {
				"north": {"uv": [10, 3, 11, 8], "rotation": 90, "texture": "#0"},
				"east": {"uv": [10, 7, 11, 8], "rotation": 90, "texture": "#0"},
				"south": {"uv": [10, 8, 11, 3], "rotation": 90, "texture": "#0"},
				"west": {"uv": [11, 3, 10, 4], "rotation": 270, "texture": "#0"},
				"up": {"uv": [10, 3, 11, 8], "rotation": 270, "texture": "#0"},
				"down": {"uv": [10, 3, 11, 8], "rotation": 270, "texture": "#0"}
			}
		},
		{
			"name": "golden_sword_4",
			"from": [3, 1.4, 5],
			"to": [4, 3.4, 6],
			"rotation": {"angle": 45, "axis": "z", "origin": [8, 8.4, 8]},
			"faces": {
				"north": {"uv": [13, 3, 15, 4], "rotation": 90, "texture": "#0"},
				"east": {"uv": [13, 3, 15, 4], "rotation": 90, "texture": "#0"},
				"south": {"uv": [13, 4, 15, 3], "rotation": 90, "texture": "#0"},
				"west": {"uv": [15, 3, 13, 4], "rotation": 270, "texture": "#0"},
				"up": {"uv": [13, 3, 14, 4], "rotation": 270, "texture": "#0"},
				"down": {"uv": [14, 3, 15, 4], "rotation": 270, "texture": "#0"}
			}
		},
		{
			"name": "golden_sword_5",
			"from": [4, 6.4, 5],
			"to": [9, 7.4, 6],
			"rotation": {"angle": 45, "axis": "z", "origin": [8, 8.4, 8]},
			"faces": {
				"north": {"uv": [9, 4, 10, 9], "rotation": 90, "texture": "#0"},
				"east": {"uv": [9, 8, 10, 9], "rotation": 90, "texture": "#0"},
				"south": {"uv": [9, 9, 10, 4], "rotation": 90, "texture": "#0"},
				"west": {"uv": [10, 4, 9, 5], "rotation": 270, "texture": "#0"},
				"up": {"uv": [9, 4, 10, 9], "rotation": 270, "texture": "#0"},
				"down": {"uv": [9, 4, 10, 9], "rotation": 270, "texture": "#0"}
			}
		},
		{
			"name": "golden_sword_6",
			"from": [4, 2.4, 5],
			"to": [5, 3.4, 6],
			"rotation": {"angle": 45, "axis": "z", "origin": [8, 8.4, 8]},
			"faces": {
				"north": {"uv": [13, 4, 14, 5], "rotation": 90, "texture": "#0"},
				"east": {"uv": [13, 4, 14, 5], "rotation": 90, "texture": "#0"},
				"south": {"uv": [13, 5, 14, 4], "rotation": 90, "texture": "#0"},
				"west": {"uv": [14, 4, 13, 5], "rotation": 270, "texture": "#0"},
				"up": {"uv": [13, 4, 14, 5], "rotation": 270, "texture": "#0"},
				"down": {"uv": [13, 4, 14, 5], "rotation": 270, "texture": "#0"}
			}
		},
		{
			"name": "golden_sword_7",
			"from": [5, 7.4, 5],
			"to": [10, 8.4, 6],
			"rotation": {"angle": 45, "axis": "z", "origin": [8, 8.4, 8]},
			"faces": {
				"north": {"uv": [8, 5, 9, 10], "rotation": 90, "texture": "#0"},
				"east": {"uv": [8, 9, 9, 10], "rotation": 90, "texture": "#0"},
				"south": {"uv": [8, 10, 9, 5], "rotation": 90, "texture": "#0"},
				"west": {"uv": [9, 5, 8, 6], "rotation": 270, "texture": "#0"},
				"up": {"uv": [8, 5, 9, 10], "rotation": 270, "texture": "#0"},
				"down": {"uv": [8, 5, 9, 10], "rotation": 270, "texture": "#0"}
			}
		},
		{
			"name": "golden_sword_8",
			"from": [6, 12.4, 5],
			"to": [8, 14.4, 6],
			"rotation": {"angle": 45, "axis": "z", "origin": [8, 8.4, 8]},
			"faces": {
				"north": {"uv": [2, 6, 4, 8], "rotation": 90, "texture": "#0"},
				"east": {"uv": [2, 7, 4, 8], "rotation": 90, "texture": "#0"},
				"south": {"uv": [2, 8, 4, 6], "rotation": 90, "texture": "#0"},
				"west": {"uv": [4, 6, 2, 7], "rotation": 270, "texture": "#0"},
				"up": {"uv": [2, 6, 3, 8], "rotation": 270, "texture": "#0"},
				"down": {"uv": [3, 6, 4, 8], "rotation": 270, "texture": "#0"}
			}
		},
		{
			"name": "golden_sword_9",
			"from": [6, 8.4, 5],
			"to": [13, 9.4, 6],
			"rotation": {"angle": 45, "axis": "z", "origin": [8, 8.4, 8]},
			"faces": {
				"north": {"uv": [7, 6, 8, 13], "rotation": 90, "texture": "#0"},
				"east": {"uv": [7, 12, 8, 13], "rotation": 90, "texture": "#0"},
				"south": {"uv": [7, 13, 8, 6], "rotation": 90, "texture": "#0"},
				"west": {"uv": [8, 6, 7, 7], "rotation": 270, "texture": "#0"},
				"up": {"uv": [7, 6, 8, 13], "rotation": 270, "texture": "#0"},
				"down": {"uv": [7, 6, 8, 13], "rotation": 270, "texture": "#0"}
			}
		},
		{
			"name": "golden_sword_10",
			"from": [7, 11.4, 5],
			"to": [13, 12.4, 6],
			"rotation": {"angle": 45, "axis": "z", "origin": [8, 8.4, 8]},
			"faces": {
				"north": {"uv": [4, 7, 5, 13], "rotation": 90, "texture": "#0"},
				"east": {"uv": [4, 12, 5, 13], "rotation": 90, "texture": "#0"},
				"south": {"uv": [4, 13, 5, 7], "rotation": 90, "texture": "#0"},
				"west": {"uv": [5, 7, 4, 8], "rotation": 270, "texture": "#0"},
				"up": {"uv": [4, 7, 5, 13], "rotation": 270, "texture": "#0"},
				"down": {"uv": [4, 7, 5, 13], "rotation": 270, "texture": "#0"}
			}
		},
		{
			"name": "golden_sword_11",
			"from": [7, 9.4, 5],
			"to": [13, 10.4, 6],
			"rotation": {"angle": 45, "axis": "z", "origin": [8, 8.4, 8]},
			"faces": {
				"north": {"uv": [6, 7, 7, 13], "rotation": 90, "texture": "#0"},
				"east": {"uv": [6, 12, 7, 13], "rotation": 90, "texture": "#0"},
				"south": {"uv": [6, 13, 7, 7], "rotation": 90, "texture": "#0"},
				"west": {"uv": [7, 7, 6, 8], "rotation": 270, "texture": "#0"},
				"up": {"uv": [6, 7, 7, 13], "rotation": 270, "texture": "#0"},
				"down": {"uv": [6, 7, 7, 13], "rotation": 270, "texture": "#0"}
			}
		},
		{
			"name": "golden_sword_12",
			"from": [8, 12.4, 5],
			"to": [10, 13.4, 6],
			"rotation": {"angle": 45, "axis": "z", "origin": [8, 8.4, 8]},
			"faces": {
				"north": {"uv": [3, 8, 4, 10], "rotation": 90, "texture": "#0"},
				"east": {"uv": [3, 9, 4, 10], "rotation": 90, "texture": "#0"},
				"south": {"uv": [3, 10, 4, 8], "rotation": 90, "texture": "#0"},
				"west": {"uv": [4, 8, 3, 9], "rotation": 270, "texture": "#0"},
				"up": {"uv": [3, 8, 4, 10], "rotation": 270, "texture": "#0"},
				"down": {"uv": [3, 8, 4, 10], "rotation": 270, "texture": "#0"}
			}
		},
		{
			"name": "golden_sword_13",
			"from": [8, 10.4, 5],
			"to": [12, 11.4, 6],
			"rotation": {"angle": 45, "axis": "z", "origin": [8, 8.4, 8]},
			"faces": {
				"north": {"uv": [5, 8, 6, 12], "rotation": 90, "texture": "#0"},
				"east": {"uv": [5, 11, 6, 12], "rotation": 90, "texture": "#0"},
				"south": {"uv": [5, 12, 6, 8], "rotation": 90, "texture": "#0"},
				"west": {"uv": [6, 8, 5, 9], "rotation": 270, "texture": "#0"},
				"up": {"uv": [5, 8, 6, 12], "rotation": 270, "texture": "#0"},
				"down": {"uv": [5, 8, 6, 12], "rotation": 270, "texture": "#0"}
			}
		},
		{
			"name": "golden_sword_14",
			"from": [11, 12.4, 5],
			"to": [14, 13.4, 6],
			"rotation": {"angle": 45, "axis": "z", "origin": [8, 8.4, 8]},
			"faces": {
				"north": {"uv": [3, 11, 4, 14], "rotation": 90, "texture": "#0"},
				"east": {"uv": [3, 13, 4, 14], "rotation": 90, "texture": "#0"},
				"south": {"uv": [3, 14, 4, 11], "rotation": 90, "texture": "#0"},
				"west": {"uv": [4, 11, 3, 12], "rotation": 270, "texture": "#0"},
				"up": {"uv": [3, 11, 4, 14], "rotation": 270, "texture": "#0"},
				"down": {"uv": [3, 11, 4, 14], "rotation": 270, "texture": "#0"}
			}
		},
		{
			"name": "golden_sword_15",
			"from": [11, 7.4, 5],
			"to": [14, 8.4, 6],
			"rotation": {"angle": 45, "axis": "z", "origin": [8, 8.4, 8]},
			"faces": {
				"north": {"uv": [8, 11, 9, 14], "rotation": 90, "texture": "#0"},
				"east": {"uv": [8, 13, 9, 14], "rotation": 90, "texture": "#0"},
				"south": {"uv": [8, 14, 9, 11], "rotation": 90, "texture": "#0"},
				"west": {"uv": [9, 11, 8, 12], "rotation": 270, "texture": "#0"},
				"up": {"uv": [8, 11, 9, 14], "rotation": 270, "texture": "#0"},
				"down": {"uv": [8, 11, 9, 14], "rotation": 270, "texture": "#0"}
			}
		},
		{
			"name": "golden_sword_16",
			"from": [12, 13.4, 5],
			"to": [16, 14.4, 6],
			"rotation": {"angle": 45, "axis": "z", "origin": [8, 8.4, 8]},
			"faces": {
				"north": {"uv": [2, 12, 3, 16], "rotation": 90, "texture": "#0"},
				"east": {"uv": [2, 15, 3, 16], "rotation": 90, "texture": "#0"},
				"south": {"uv": [2, 16, 3, 12], "rotation": 90, "texture": "#0"},
				"west": {"uv": [3, 12, 2, 13], "rotation": 270, "texture": "#0"},
				"up": {"uv": [2, 12, 3, 16], "rotation": 270, "texture": "#0"},
				"down": {"uv": [2, 12, 3, 16], "rotation": 270, "texture": "#0"}
			}
		},
		{
			"name": "golden_sword_17",
			"from": [12, 6.4, 5],
			"to": [14, 7.4, 6],
			"rotation": {"angle": 45, "axis": "z", "origin": [8, 8.4, 8]},
			"faces": {
				"north": {"uv": [9, 12, 10, 14], "rotation": 90, "texture": "#0"},
				"east": {"uv": [9, 13, 10, 14], "rotation": 90, "texture": "#0"},
				"south": {"uv": [9, 14, 10, 12], "rotation": 90, "texture": "#0"},
				"west": {"uv": [10, 12, 9, 13], "rotation": 270, "texture": "#0"},
				"up": {"uv": [9, 12, 10, 14], "rotation": 270, "texture": "#0"},
				"down": {"uv": [9, 12, 10, 14], "rotation": 270, "texture": "#0"}
			}
		},
		{
			"name": "golden_sword_18",
			"from": [13, 14.4, 5],
			"to": [16, 16.4, 6],
			"rotation": {"angle": 45, "axis": "z", "origin": [8, 8.4, 8]},
			"faces": {
				"north": {"uv": [0, 13, 2, 16], "rotation": 90, "texture": "#0"},
				"east": {"uv": [0, 15, 2, 16], "rotation": 90, "texture": "#0"},
				"south": {"uv": [0, 16, 2, 13], "rotation": 90, "texture": "#0"},
				"west": {"uv": [2, 13, 0, 14], "rotation": 270, "texture": "#0"},
				"up": {"uv": [0, 13, 1, 16], "rotation": 270, "texture": "#0"},
				"down": {"uv": [1, 13, 2, 16], "rotation": 270, "texture": "#0"}
			}
		},
		{
			"from": [0, -3, 3],
			"to": [16, 0, 13],
			"rotation": {"angle": 0, "axis": "y", "origin": [8, 6, 8]},
			"faces": {
				"north": {"uv": [0, 10, 16, 13], "texture": "#3"},
				"east": {"uv": [3, 10, 13, 13], "texture": "#3"},
				"south": {"uv": [0, 10, 16, 13], "texture": "#3"},
				"west": {"uv": [3, 10, 13, 13], "texture": "#3"},
				"up": {"uv": [0, 3, 16, 13], "texture": "#3"},
				"down": {"uv": [0, 3, 16, 13], "texture": "#3"}
			}
		},
		{
			"from": [0, -10, 3],
			"to": [16, -3, 13],
			"rotation": {"angle": 0, "axis": "y", "origin": [8, 3, 8]},
			"faces": {
				"north": {"uv": [0, 2, 16, 9], "texture": "#2"},
				"east": {"uv": [3, 2, 13, 9], "texture": "#2"},
				"south": {"uv": [0, 2, 16, 9], "texture": "#2"},
				"west": {"uv": [3, 2, 13, 9], "texture": "#2"},
				"up": {"uv": [0, 3, 16, 13], "texture": "#2"},
				"down": {"uv": [0, 3, 16, 13], "texture": "#2"}
			}
		},
		{
			"from": [-4.32, -15.22, 0.3],
			"to": [20.32, -10.6, 15.7],
			"rotation": {"angle": 0, "axis": "y", "origin": [8, 4.8, 8]},
			"faces": {
				"north": {"uv": [0, 0.6, 16, 5.22], "texture": "#2"},
				"east": {"uv": [0.3, 0.6, 15.7, 5.22], "texture": "#2"},
				"south": {"uv": [0, 0.6, 16, 5.22], "texture": "#2"},
				"west": {"uv": [0.3, 0.6, 15.7, 5.22], "texture": "#2"},
				"up": {"uv": [0, 0.3, 16, 15.7], "texture": "#2"},
				"down": {"uv": [0, 0.3, 16, 15.7], "texture": "#2"}
			}
		},
		{
			"from": [1, -3, 13],
			"to": [15, 0, 15],
			"rotation": {"angle": 0, "axis": "y", "origin": [8, 6, 8]},
			"faces": {
				"north": {"uv": [1, 10, 15, 13], "texture": "#3"},
				"east": {"uv": [1, 10, 3, 13], "texture": "#3"},
				"south": {"uv": [1, 10, 15, 13], "texture": "#3"},
				"west": {"uv": [13, 10, 15, 13], "texture": "#3"},
				"up": {"uv": [1, 13, 15, 15], "texture": "#3"},
				"down": {"uv": [1, 1, 15, 3], "texture": "#3"}
			}
		},
		{
			"from": [1, -10, 13],
			"to": [15, -3, 15],
			"rotation": {"angle": 0, "axis": "y", "origin": [8, 3, 8]},
			"faces": {
				"north": {"uv": [1, 2, 15, 9], "texture": "#2"},
				"east": {"uv": [1, 2, 3, 9], "texture": "#2"},
				"south": {"uv": [1, 2, 15, 9], "texture": "#2"},
				"west": {"uv": [13, 2, 15, 9], "texture": "#2"},
				"up": {"uv": [1, 13, 15, 15], "texture": "#2"},
				"down": {"uv": [1, 1, 15, 3], "texture": "#2"}
			}
		},
		{
			"from": [-2.78, -15.22, 15.7],
			"to": [18.78, -10.6, 18.78],
			"rotation": {"angle": 0, "axis": "y", "origin": [8, 4.8, 8]},
			"faces": {
				"north": {"uv": [0, 0.6, 16, 5.22], "texture": "#2"},
				"east": {"uv": [0, 0.6, 0.3, 5.22], "texture": "#2"},
				"south": {"uv": [0, 0.6, 16, 5.22], "texture": "#2"},
				"west": {"uv": [15.7, 0.6, 16, 5.22], "texture": "#2"},
				"up": {"uv": [0, 0, 16, 3.3], "texture": "#2"},
				"down": {"uv": [0, 0, 16, 0.3], "texture": "#2"}
			}
		},
		{
			"from": [1, -3, 1],
			"to": [15, 0, 3],
			"rotation": {"angle": 0, "axis": "y", "origin": [8, 6, 8]},
			"faces": {
				"north": {"uv": [1, 10, 15, 13], "texture": "#3"},
				"east": {"uv": [13, 10, 15, 13], "texture": "#3"},
				"south": {"uv": [1, 10, 15, 13], "texture": "#3"},
				"west": {"uv": [1, 10, 3, 13], "texture": "#3"},
				"up": {"uv": [1, 1, 15, 3], "texture": "#3"},
				"down": {"uv": [1, 13, 15, 15], "texture": "#3"}
			}
		},
		{
			"from": [1, -10, 1],
			"to": [15, -3, 3],
			"rotation": {"angle": 0, "axis": "y", "origin": [8, 3, 8]},
			"faces": {
				"north": {"uv": [1, 2, 15, 9], "texture": "#2"},
				"east": {"uv": [13, 2, 15, 9], "texture": "#2"},
				"south": {"uv": [1, 2, 15, 9], "texture": "#2"},
				"west": {"uv": [1, 2, 3, 9], "texture": "#2"},
				"up": {"uv": [1, 1, 15, 3], "texture": "#2"},
				"down": {"uv": [1, 13, 15, 15], "texture": "#2"}
			}
		},
		{
			"from": [-2.78, -15.22, -2.78],
			"to": [18.78, -10.6, 0.3],
			"rotation": {"angle": 0, "axis": "y", "origin": [8, 4.8, 8]},
			"faces": {
				"north": {"uv": [0, 0.6, 16, 5.22], "texture": "#2"},
				"east": {"uv": [15.7, 0.6, 16, 5.22], "texture": "#2"},
				"south": {"uv": [0, 0.6, 16, 5.22], "texture": "#2"},
				"west": {"uv": [0, 0.6, 0.3, 5.22], "texture": "#2"},
				"up": {"uv": [0, 0, 16, 3.3], "texture": "#2"},
				"down": {"uv": [0, 15.7, 16, 16], "texture": "#2"}
			}
		},
		{
			"from": [3, -3, 0],
			"to": [13, 0, 1],
			"rotation": {"angle": 0, "axis": "y", "origin": [8, 6, 8]},
			"faces": {
				"north": {"uv": [3, 10, 13, 13], "texture": "#3"},
				"east": {"uv": [15, 10, 16, 13], "texture": "#3"},
				"south": {"uv": [3, 10, 13, 13], "texture": "#3"},
				"west": {"uv": [0, 10, 1, 13], "texture": "#3"},
				"up": {"uv": [3, 0, 13, 1], "texture": "#3"},
				"down": {"uv": [3, 15, 13, 16], "texture": "#3"}
			}
		},
		{
			"from": [3, -10, 0],
			"to": [13, -3, 1],
			"rotation": {"angle": 0, "axis": "y", "origin": [8, 3, 8]},
			"faces": {
				"north": {"uv": [3, 2, 13, 9], "texture": "#2"},
				"east": {"uv": [15, 2, 16, 9], "texture": "#2"},
				"south": {"uv": [3, 2, 13, 9], "texture": "#2"},
				"west": {"uv": [0, 2, 1, 9], "texture": "#2"},
				"up": {"uv": [3, 0, 13, 1], "texture": "#2"},
				"down": {"uv": [3, 15, 13, 16], "texture": "#2"}
			}
		},
		{
			"from": [0.3, -15.22, -4.32],
			"to": [15.7, -10.6, -2.78],
			"rotation": {"angle": 0, "axis": "y", "origin": [8, 4.8, 8]},
			"faces": {
				"north": {"uv": [0.3, 0.6, 15.7, 5.22], "texture": "#2"},
				"east": {"uv": [16, 0.6, 16, 5.22], "texture": "#2"},
				"south": {"uv": [0.3, 0.6, 15.7, 5.22], "texture": "#2"},
				"west": {"uv": [0, 0.6, 0, 5.22], "texture": "#2"},
				"up": {"uv": [0.3, 0, 15.7, 2], "texture": "#2"},
				"down": {"uv": [0.3, 16, 15.7, 16], "texture": "#2"}
			}
		},
		{
			"from": [3, -3, 15],
			"to": [13, 0, 16],
			"rotation": {"angle": 0, "axis": "y", "origin": [8, 6, 8]},
			"faces": {
				"north": {"uv": [3, 10, 13, 13], "texture": "#3"},
				"east": {"uv": [0, 10, 1, 13], "texture": "#3"},
				"south": {"uv": [3, 10, 13, 13], "texture": "#3"},
				"west": {"uv": [15, 10, 16, 13], "texture": "#3"},
				"up": {"uv": [3, 15, 13, 16], "texture": "#3"},
				"down": {"uv": [3, 0, 13, 1], "texture": "#3"}
			}
		},
		{
			"from": [3, -10, 15],
			"to": [13, -3, 16],
			"rotation": {"angle": 0, "axis": "y", "origin": [8, 3, 8]},
			"faces": {
				"north": {"uv": [3, 2, 13, 9], "texture": "#2"},
				"east": {"uv": [0, 2, 1, 9], "texture": "#2"},
				"south": {"uv": [3, 2, 13, 9], "texture": "#2"},
				"west": {"uv": [15, 2, 16, 9], "texture": "#2"},
				"up": {"uv": [3, 15, 13, 16], "texture": "#2"},
				"down": {"uv": [3, 0, 13, 1], "texture": "#2"}
			}
		},
		{
			"from": [0.3, -15.22, 18.78],
			"to": [15.7, -10.6, 20.32],
			"rotation": {"angle": 0, "axis": "y", "origin": [8, 4.8, 8]},
			"faces": {
				"north": {"uv": [0.3, 0.6, 15.7, 5.22], "texture": "#2"},
				"east": {"uv": [0, 0.6, 0, 5.22], "texture": "#2"},
				"south": {"uv": [0.3, 0.6, 15.7, 5.22], "texture": "#2"},
				"west": {"uv": [16, 0.6, 16, 5.22], "texture": "#2"},
				"up": {"uv": [0.3, 0, 15.7, 2], "texture": "#2"},
				"down": {"uv": [0.3, 0, 15.7, 0], "texture": "#2"}
			}
		},
		{
			"name": "hexadecagon",
			"from": [6.11033, -3.5, -1.5],
			"to": [9.88967, -2.5, 0.5],
			"rotation": {"angle": -45, "axis": "y", "origin": [8, -3, 8]},
			"faces": {
				"north": {"uv": [0, 0, 1, 1], "texture": "#3"},
				"east": {"uv": [0, 0, 1, 1], "texture": "#3"},
				"south": {"uv": [0, 0, 1, 1], "texture": "#3"},
				"west": {"uv": [0, 0, 1, 1], "texture": "#3"},
				"up": {"uv": [0, 0, 1, 1], "texture": "#3"},
				"down": {"uv": [0, 0, 1, 1], "texture": "#3"}
			}
		},
		{
			"name": "hexadecagon",
			"from": [6.11033, -3.5, -1.5],
			"to": [9.88967, -2.5, 0.5],
			"rotation": {"angle": -22.5, "axis": "y", "origin": [8, -3, 8]},
			"faces": {
				"north": {"uv": [0, 0, 1, 1], "texture": "#3"},
				"east": {"uv": [0, 0, 1, 1], "texture": "#3"},
				"south": {"uv": [0, 0, 1, 1], "texture": "#3"},
				"west": {"uv": [0, 0, 1, 1], "texture": "#3"},
				"up": {"uv": [0, 0, 1, 1], "texture": "#3"},
				"down": {"uv": [0, 0, 1, 1], "texture": "#3"}
			}
		},
		{
			"name": "hexadecagon",
			"from": [6.11033, -3.5, -1.5],
			"to": [9.88967, -2.5, 0.5],
			"rotation": {"angle": 0, "axis": "y", "origin": [8, -3, 8]},
			"faces": {
				"north": {"uv": [0, 0, 1, 1], "texture": "#3"},
				"east": {"uv": [0, 0, 1, 1], "texture": "#3"},
				"south": {"uv": [0, 0, 1, 1], "texture": "#3"},
				"west": {"uv": [0, 0, 1, 1], "texture": "#3"},
				"up": {"uv": [0, 0, 1, 1], "texture": "#3"},
				"down": {"uv": [0, 0, 1, 1], "texture": "#3"}
			}
		},
		{
			"name": "hexadecagon",
			"from": [6.11033, -3.5, -1.5],
			"to": [9.88967, -2.5, 0.5],
			"rotation": {"angle": 22.5, "axis": "y", "origin": [8, -3, 8]},
			"faces": {
				"north": {"uv": [0, 0, 1, 1], "texture": "#3"},
				"east": {"uv": [0, 0, 1, 1], "texture": "#3"},
				"south": {"uv": [0, 0, 1, 1], "texture": "#3"},
				"west": {"uv": [0, 0, 1, 1], "texture": "#3"},
				"up": {"uv": [0, 0, 1, 1], "texture": "#3"},
				"down": {"uv": [0, 0, 1, 1], "texture": "#3"}
			}
		},
		{
			"name": "hexadecagon",
			"from": [6.11033, -3.5, -1.5],
			"to": [9.88967, -2.5, 0.5],
			"rotation": {"angle": 45, "axis": "y", "origin": [8, -3, 8]},
			"faces": {
				"north": {"uv": [0, 0, 1, 1], "texture": "#3"},
				"east": {"uv": [0, 0, 1, 1], "texture": "#3"},
				"south": {"uv": [0, 0, 1, 1], "texture": "#3"},
				"west": {"uv": [0, 0, 1, 1], "texture": "#3"},
				"up": {"uv": [0, 0, 1, 1], "texture": "#3"},
				"down": {"uv": [0, 0, 1, 1], "texture": "#3"}
			}
		},
		{
			"name": "hexadecagon",
			"from": [6.11033, -3.5, 15.5],
			"to": [9.88967, -2.5, 17.5],
			"rotation": {"angle": -45, "axis": "y", "origin": [8, -3, 8]},
			"faces": {
				"north": {"uv": [0, 0, 1, 1], "texture": "#3"},
				"east": {"uv": [0, 0, 1, 1], "texture": "#3"},
				"south": {"uv": [0, 0, 1, 1], "texture": "#3"},
				"west": {"uv": [0, 0, 1, 1], "texture": "#3"},
				"up": {"uv": [0, 0, 1, 1], "texture": "#3"},
				"down": {"uv": [0, 0, 1, 1], "texture": "#3"}
			}
		},
		{
			"name": "hexadecagon",
			"from": [6.11033, -3.5, 15.5],
			"to": [9.88967, -2.5, 17.5],
			"rotation": {"angle": -22.5, "axis": "y", "origin": [8, -3, 8]},
			"faces": {
				"north": {"uv": [0, 0, 1, 1], "texture": "#3"},
				"east": {"uv": [0, 0, 1, 1], "texture": "#3"},
				"south": {"uv": [0, 0, 1, 1], "texture": "#3"},
				"west": {"uv": [0, 0, 1, 1], "texture": "#3"},
				"up": {"uv": [0, 0, 1, 1], "texture": "#3"},
				"down": {"uv": [0, 0, 1, 1], "texture": "#3"}
			}
		},
		{
			"name": "hexadecagon",
			"from": [6.11033, -3.5, 15.5],
			"to": [9.88967, -2.5, 17.5],
			"rotation": {"angle": 0, "axis": "y", "origin": [8, -3, 8]},
			"faces": {
				"north": {"uv": [0, 0, 1, 1], "texture": "#3"},
				"east": {"uv": [0, 0, 1, 1], "texture": "#3"},
				"south": {"uv": [0, 0, 1, 1], "texture": "#3"},
				"west": {"uv": [0, 0, 1, 1], "texture": "#3"},
				"up": {"uv": [0, 0, 1, 1], "texture": "#3"},
				"down": {"uv": [0, 0, 1, 1], "texture": "#3"}
			}
		},
		{
			"name": "hexadecagon",
			"from": [6.11033, -3.5, 15.5],
			"to": [9.88967, -2.5, 17.5],
			"rotation": {"angle": 22.5, "axis": "y", "origin": [8, -3, 8]},
			"faces": {
				"north": {"uv": [0, 0, 1, 1], "texture": "#3"},
				"east": {"uv": [0, 0, 1, 1], "texture": "#3"},
				"south": {"uv": [0, 0, 1, 1], "texture": "#3"},
				"west": {"uv": [0, 0, 1, 1], "texture": "#3"},
				"up": {"uv": [0, 0, 1, 1], "texture": "#3"},
				"down": {"uv": [0, 0, 1, 1], "texture": "#3"}
			}
		},
		{
			"name": "hexadecagon",
			"from": [6.11033, -3.5, 15.5],
			"to": [9.88967, -2.5, 17.5],
			"rotation": {"angle": 45, "axis": "y", "origin": [8, -3, 8]},
			"faces": {
				"north": {"uv": [0, 0, 1, 1], "texture": "#3"},
				"east": {"uv": [0, 0, 1, 1], "texture": "#3"},
				"south": {"uv": [0, 0, 1, 1], "texture": "#3"},
				"west": {"uv": [0, 0, 1, 1], "texture": "#3"},
				"up": {"uv": [0, 0, 1, 1], "texture": "#3"},
				"down": {"uv": [0, 0, 1, 1], "texture": "#3"}
			}
		},
		{
			"name": "hexadecagon",
			"from": [-1.5, -3.5, 6.11033],
			"to": [0.5, -2.5, 9.88967],
			"rotation": {"angle": -22.5, "axis": "y", "origin": [8, -3, 8]},
			"faces": {
				"north": {"uv": [0, 0, 1, 1], "texture": "#3"},
				"east": {"uv": [0, 0, 1, 1], "texture": "#3"},
				"south": {"uv": [0, 0, 1, 1], "texture": "#3"},
				"west": {"uv": [0, 0, 1, 1], "texture": "#3"},
				"up": {"uv": [0, 0, 1, 1], "texture": "#3"},
				"down": {"uv": [0, 0, 1, 1], "texture": "#3"}
			}
		},
		{
			"name": "hexadecagon",
			"from": [-1.5, -3.5, 6.11033],
			"to": [0.5, -2.5, 9.88967],
			"rotation": {"angle": 0, "axis": "y", "origin": [8, -3, 8]},
			"faces": {
				"north": {"uv": [0, 0, 1, 1], "texture": "#3"},
				"east": {"uv": [0, 0, 1, 1], "texture": "#3"},
				"south": {"uv": [0, 0, 1, 1], "texture": "#3"},
				"west": {"uv": [0, 0, 1, 1], "texture": "#3"},
				"up": {"uv": [0, 0, 1, 1], "texture": "#3"},
				"down": {"uv": [0, 0, 1, 1], "texture": "#3"}
			}
		},
		{
			"name": "hexadecagon",
			"from": [-1.5, -3.5, 6.11033],
			"to": [0.5, -2.5, 9.88967],
			"rotation": {"angle": 22.5, "axis": "y", "origin": [8, -3, 8]},
			"faces": {
				"north": {"uv": [0, 0, 1, 1], "texture": "#3"},
				"east": {"uv": [0, 0, 1, 1], "texture": "#3"},
				"south": {"uv": [0, 0, 1, 1], "texture": "#3"},
				"west": {"uv": [0, 0, 1, 1], "texture": "#3"},
				"up": {"uv": [0, 0, 1, 1], "texture": "#3"},
				"down": {"uv": [0, 0, 1, 1], "texture": "#3"}
			}
		},
		{
			"name": "hexadecagon",
			"from": [15.5, -3.5, 6.11033],
			"to": [17.5, -2.5, 9.88967],
			"rotation": {"angle": -22.5, "axis": "y", "origin": [8, -3, 8]},
			"faces": {
				"north": {"uv": [0, 0, 1, 1], "texture": "#3"},
				"east": {"uv": [0, 0, 1, 1], "texture": "#3"},
				"south": {"uv": [0, 0, 1, 1], "texture": "#3"},
				"west": {"uv": [0, 0, 1, 1], "texture": "#3"},
				"up": {"uv": [0, 0, 1, 1], "texture": "#3"},
				"down": {"uv": [0, 0, 1, 1], "texture": "#3"}
			}
		},
		{
			"name": "hexadecagon",
			"from": [15.5, -3.5, 6.11033],
			"to": [17.5, -2.5, 9.88967],
			"rotation": {"angle": 0, "axis": "y", "origin": [8, -3, 8]},
			"faces": {
				"north": {"uv": [0, 0, 1, 1], "texture": "#3"},
				"east": {"uv": [0, 0, 1, 1], "texture": "#3"},
				"south": {"uv": [0, 0, 1, 1], "texture": "#3"},
				"west": {"uv": [0, 0, 1, 1], "texture": "#3"},
				"up": {"uv": [0, 0, 1, 1], "texture": "#3"},
				"down": {"uv": [0, 0, 1, 1], "texture": "#3"}
			}
		},
		{
			"name": "hexadecagon",
			"from": [15.5, -3.5, 6.11033],
			"to": [17.5, -2.5, 9.88967],
			"rotation": {"angle": 22.5, "axis": "y", "origin": [8, -3, 8]},
			"faces": {
				"north": {"uv": [0, 0, 1, 1], "texture": "#3"},
				"east": {"uv": [0, 0, 1, 1], "texture": "#3"},
				"south": {"uv": [0, 0, 1, 1], "texture": "#3"},
				"west": {"uv": [0, 0, 1, 1], "texture": "#3"},
				"up": {"uv": [0, 0, 1, 1], "texture": "#3"},
				"down": {"uv": [0, 0, 1, 1], "texture": "#3"}
			}
		},
		{
			"name": "hexadecagon",
			"from": [6.11033, -0.9, -1.5],
			"to": [9.88967, 0.1, 0.5],
			"rotation": {"angle": -45, "axis": "y", "origin": [8, -0.4, 8]},
			"faces": {
				"north": {"uv": [0, 0, 1, 1], "texture": "#3"},
				"east": {"uv": [0, 0, 1, 1], "texture": "#3"},
				"south": {"uv": [0, 0, 1, 1], "texture": "#3"},
				"west": {"uv": [0, 0, 1, 1], "texture": "#3"},
				"up": {"uv": [0, 0, 1, 1], "texture": "#3"},
				"down": {"uv": [0, 0, 1, 1], "texture": "#3"}
			}
		},
		{
			"name": "hexadecagon",
			"from": [6.11033, -0.9, -1.5],
			"to": [9.88967, 0.1, 0.5],
			"rotation": {"angle": -22.5, "axis": "y", "origin": [8, -0.4, 8]},
			"faces": {
				"north": {"uv": [0, 0, 1, 1], "texture": "#3"},
				"east": {"uv": [0, 0, 1, 1], "texture": "#3"},
				"south": {"uv": [0, 0, 1, 1], "texture": "#3"},
				"west": {"uv": [0, 0, 1, 1], "texture": "#3"},
				"up": {"uv": [0, 0, 1, 1], "texture": "#3"},
				"down": {"uv": [0, 0, 1, 1], "texture": "#3"}
			}
		},
		{
			"name": "hexadecagon",
			"from": [6.11033, -0.9, -1.5],
			"to": [9.88967, 0.1, 0.5],
			"rotation": {"angle": 0, "axis": "y", "origin": [8, -0.4, 8]},
			"faces": {
				"north": {"uv": [0, 0, 1, 1], "texture": "#3"},
				"east": {"uv": [0, 0, 1, 1], "texture": "#3"},
				"south": {"uv": [0, 0, 1, 1], "texture": "#3"},
				"west": {"uv": [0, 0, 1, 1], "texture": "#3"},
				"up": {"uv": [0, 0, 1, 1], "texture": "#3"},
				"down": {"uv": [0, 0, 1, 1], "texture": "#3"}
			}
		},
		{
			"name": "hexadecagon",
			"from": [6.11033, -0.9, -1.5],
			"to": [9.88967, 0.1, 0.5],
			"rotation": {"angle": 22.5, "axis": "y", "origin": [8, -0.4, 8]},
			"faces": {
				"north": {"uv": [0, 0, 1, 1], "texture": "#3"},
				"east": {"uv": [0, 0, 1, 1], "texture": "#3"},
				"south": {"uv": [0, 0, 1, 1], "texture": "#3"},
				"west": {"uv": [0, 0, 1, 1], "texture": "#3"},
				"up": {"uv": [0, 0, 1, 1], "texture": "#3"},
				"down": {"uv": [0, 0, 1, 1], "texture": "#3"}
			}
		},
		{
			"name": "hexadecagon",
			"from": [6.11033, -0.9, -1.5],
			"to": [9.88967, 0.1, 0.5],
			"rotation": {"angle": 45, "axis": "y", "origin": [8, -0.4, 8]},
			"faces": {
				"north": {"uv": [0, 0, 1, 1], "texture": "#3"},
				"east": {"uv": [0, 0, 1, 1], "texture": "#3"},
				"south": {"uv": [0, 0, 1, 1], "texture": "#3"},
				"west": {"uv": [0, 0, 1, 1], "texture": "#3"},
				"up": {"uv": [0, 0, 1, 1], "texture": "#3"},
				"down": {"uv": [0, 0, 1, 1], "texture": "#3"}
			}
		},
		{
			"name": "hexadecagon",
			"from": [6.11033, -0.9, 15.5],
			"to": [9.88967, 0.1, 17.5],
			"rotation": {"angle": -45, "axis": "y", "origin": [8, -0.4, 8]},
			"faces": {
				"north": {"uv": [0, 0, 1, 1], "texture": "#3"},
				"east": {"uv": [0, 0, 1, 1], "texture": "#3"},
				"south": {"uv": [0, 0, 1, 1], "texture": "#3"},
				"west": {"uv": [0, 0, 1, 1], "texture": "#3"},
				"up": {"uv": [0, 0, 1, 1], "texture": "#3"},
				"down": {"uv": [0, 0, 1, 1], "texture": "#3"}
			}
		},
		{
			"name": "hexadecagon",
			"from": [6.11033, -0.9, 15.5],
			"to": [9.88967, 0.1, 17.5],
			"rotation": {"angle": -22.5, "axis": "y", "origin": [8, -0.4, 8]},
			"faces": {
				"north": {"uv": [0, 0, 1, 1], "texture": "#3"},
				"east": {"uv": [0, 0, 1, 1], "texture": "#3"},
				"south": {"uv": [0, 0, 1, 1], "texture": "#3"},
				"west": {"uv": [0, 0, 1, 1], "texture": "#3"},
				"up": {"uv": [0, 0, 1, 1], "texture": "#3"},
				"down": {"uv": [0, 0, 1, 1], "texture": "#3"}
			}
		},
		{
			"name": "hexadecagon",
			"from": [6.11033, -0.9, 15.5],
			"to": [9.88967, 0.1, 17.5],
			"rotation": {"angle": 0, "axis": "y", "origin": [8, -0.4, 8]},
			"faces": {
				"north": {"uv": [0, 0, 1, 1], "texture": "#3"},
				"east": {"uv": [0, 0, 1, 1], "texture": "#3"},
				"south": {"uv": [0, 0, 1, 1], "texture": "#3"},
				"west": {"uv": [0, 0, 1, 1], "texture": "#3"},
				"up": {"uv": [0, 0, 1, 1], "texture": "#3"},
				"down": {"uv": [0, 0, 1, 1], "texture": "#3"}
			}
		},
		{
			"name": "hexadecagon",
			"from": [6.11033, -0.9, 15.5],
			"to": [9.88967, 0.1, 17.5],
			"rotation": {"angle": 22.5, "axis": "y", "origin": [8, -0.4, 8]},
			"faces": {
				"north": {"uv": [0, 0, 1, 1], "texture": "#3"},
				"east": {"uv": [0, 0, 1, 1], "texture": "#3"},
				"south": {"uv": [0, 0, 1, 1], "texture": "#3"},
				"west": {"uv": [0, 0, 1, 1], "texture": "#3"},
				"up": {"uv": [0, 0, 1, 1], "texture": "#3"},
				"down": {"uv": [0, 0, 1, 1], "texture": "#3"}
			}
		},
		{
			"name": "hexadecagon",
			"from": [6.11033, -0.9, 15.5],
			"to": [9.88967, 0.1, 17.5],
			"rotation": {"angle": 45, "axis": "y", "origin": [8, -0.4, 8]},
			"faces": {
				"north": {"uv": [0, 0, 1, 1], "texture": "#3"},
				"east": {"uv": [0, 0, 1, 1], "texture": "#3"},
				"south": {"uv": [0, 0, 1, 1], "texture": "#3"},
				"west": {"uv": [0, 0, 1, 1], "texture": "#3"},
				"up": {"uv": [0, 0, 1, 1], "texture": "#3"},
				"down": {"uv": [0, 0, 1, 1], "texture": "#3"}
			}
		},
		{
			"name": "hexadecagon",
			"from": [-1.5, -0.9, 6.11033],
			"to": [0.5, 0.1, 9.88967],
			"rotation": {"angle": -22.5, "axis": "y", "origin": [8, -0.4, 8]},
			"faces": {
				"north": {"uv": [0, 0, 1, 1], "texture": "#3"},
				"east": {"uv": [0, 0, 1, 1], "texture": "#3"},
				"south": {"uv": [0, 0, 1, 1], "texture": "#3"},
				"west": {"uv": [0, 0, 1, 1], "texture": "#3"},
				"up": {"uv": [0, 0, 1, 1], "texture": "#3"},
				"down": {"uv": [0, 0, 1, 1], "texture": "#3"}
			}
		},
		{
			"name": "hexadecagon",
			"from": [-1.5, -0.9, 6.11033],
			"to": [0.5, 0.1, 9.88967],
			"rotation": {"angle": 0, "axis": "y", "origin": [8, -0.4, 8]},
			"faces": {
				"north": {"uv": [0, 0, 1, 1], "texture": "#3"},
				"east": {"uv": [0, 0, 1, 1], "texture": "#3"},
				"south": {"uv": [0, 0, 1, 1], "texture": "#3"},
				"west": {"uv": [0, 0, 1, 1], "texture": "#3"},
				"up": {"uv": [0, 0, 1, 1], "texture": "#3"},
				"down": {"uv": [0, 0, 1, 1], "texture": "#3"}
			}
		},
		{
			"name": "hexadecagon",
			"from": [-1.5, -0.9, 6.11033],
			"to": [0.5, 0.1, 9.88967],
			"rotation": {"angle": 22.5, "axis": "y", "origin": [8, -0.4, 8]},
			"faces": {
				"north": {"uv": [0, 0, 1, 1], "texture": "#3"},
				"east": {"uv": [0, 0, 1, 1], "texture": "#3"},
				"south": {"uv": [0, 0, 1, 1], "texture": "#3"},
				"west": {"uv": [0, 0, 1, 1], "texture": "#3"},
				"up": {"uv": [0, 0, 1, 1], "texture": "#3"},
				"down": {"uv": [0, 0, 1, 1], "texture": "#3"}
			}
		},
		{
			"name": "hexadecagon",
			"from": [15.5, -0.9, 6.11033],
			"to": [17.5, 0.1, 9.88967],
			"rotation": {"angle": -22.5, "axis": "y", "origin": [8, -0.4, 8]},
			"faces": {
				"north": {"uv": [0, 0, 1, 1], "texture": "#3"},
				"east": {"uv": [0, 0, 1, 1], "texture": "#3"},
				"south": {"uv": [0, 0, 1, 1], "texture": "#3"},
				"west": {"uv": [0, 0, 1, 1], "texture": "#3"},
				"up": {"uv": [0, 0, 1, 1], "texture": "#3"},
				"down": {"uv": [0, 0, 1, 1], "texture": "#3"}
			}
		},
		{
			"name": "hexadecagon",
			"from": [15.5, -0.9, 6.11033],
			"to": [17.5, 0.1, 9.88967],
			"rotation": {"angle": 0, "axis": "y", "origin": [8, -0.4, 8]},
			"faces": {
				"north": {"uv": [0, 0, 1, 1], "texture": "#3"},
				"east": {"uv": [0, 0, 1, 1], "texture": "#3"},
				"south": {"uv": [0, 0, 1, 1], "texture": "#3"},
				"west": {"uv": [0, 0, 1, 1], "texture": "#3"},
				"up": {"uv": [0, 0, 1, 1], "texture": "#3"},
				"down": {"uv": [0, 0, 1, 1], "texture": "#3"}
			}
		},
		{
			"name": "hexadecagon",
			"from": [15.5, -0.9, 6.11033],
			"to": [17.5, 0.1, 9.88967],
			"rotation": {"angle": 22.5, "axis": "y", "origin": [8, -0.4, 8]},
			"faces": {
				"north": {"uv": [0, 0, 1, 1], "texture": "#3"},
				"east": {"uv": [0, 0, 1, 1], "texture": "#3"},
				"south": {"uv": [0, 0, 1, 1], "texture": "#3"},
				"west": {"uv": [0, 0, 1, 1], "texture": "#3"},
				"up": {"uv": [0, 0, 1, 1], "texture": "#3"},
				"down": {"uv": [0, 0, 1, 1], "texture": "#3"}
			}
		},
		{
			"name": "hexadecagon",
			"from": [6.11033, -10.8, -1.5],
			"to": [9.88967, -9.8, 0.5],
			"rotation": {"angle": -45, "axis": "y", "origin": [8, -10.3, 8]},
			"faces": {
				"north": {"uv": [0, 0, 1, 1], "texture": "#2"},
				"east": {"uv": [0, 0, 1, 1], "texture": "#2"},
				"south": {"uv": [0, 0, 1, 1], "texture": "#2"},
				"west": {"uv": [0, 0, 1, 1], "texture": "#2"},
				"up": {"uv": [0, 0, 1, 1], "texture": "#2"},
				"down": {"uv": [0, 0, 1, 1], "texture": "#2"}
			}
		},
		{
			"name": "hexadecagon",
			"from": [6.11033, -10.8, -1.5],
			"to": [9.88967, -9.8, 0.5],
			"rotation": {"angle": -22.5, "axis": "y", "origin": [8, -10.3, 8]},
			"faces": {
				"north": {"uv": [0, 0, 1, 1], "texture": "#2"},
				"east": {"uv": [0, 0, 1, 1], "texture": "#2"},
				"south": {"uv": [0, 0, 1, 1], "texture": "#2"},
				"west": {"uv": [0, 0, 1, 1], "texture": "#2"},
				"up": {"uv": [0, 0, 1, 1], "texture": "#2"},
				"down": {"uv": [0, 0, 1, 1], "texture": "#2"}
			}
		},
		{
			"name": "hexadecagon",
			"from": [6.11033, -10.8, -1.5],
			"to": [9.88967, -9.8, 0.5],
			"rotation": {"angle": 0, "axis": "y", "origin": [8, -10.3, 8]},
			"faces": {
				"north": {"uv": [0, 0, 1, 1], "texture": "#2"},
				"east": {"uv": [0, 0, 1, 1], "texture": "#2"},
				"south": {"uv": [0, 0, 1, 1], "texture": "#2"},
				"west": {"uv": [0, 0, 1, 1], "texture": "#2"},
				"up": {"uv": [0, 0, 1, 1], "texture": "#2"},
				"down": {"uv": [0, 0, 1, 1], "texture": "#2"}
			}
		},
		{
			"name": "hexadecagon",
			"from": [6.11033, -10.8, -1.5],
			"to": [9.88967, -9.8, 0.5],
			"rotation": {"angle": 22.5, "axis": "y", "origin": [8, -10.3, 8]},
			"faces": {
				"north": {"uv": [0, 0, 1, 1], "texture": "#2"},
				"east": {"uv": [0, 0, 1, 1], "texture": "#2"},
				"south": {"uv": [0, 0, 1, 1], "texture": "#2"},
				"west": {"uv": [0, 0, 1, 1], "texture": "#2"},
				"up": {"uv": [0, 0, 1, 1], "texture": "#2"},
				"down": {"uv": [0, 0, 1, 1], "texture": "#2"}
			}
		},
		{
			"name": "hexadecagon",
			"from": [6.11033, -10.8, -1.5],
			"to": [9.88967, -9.8, 0.5],
			"rotation": {"angle": 45, "axis": "y", "origin": [8, -10.3, 8]},
			"faces": {
				"north": {"uv": [0, 0, 1, 1], "texture": "#2"},
				"east": {"uv": [0, 0, 1, 1], "texture": "#2"},
				"south": {"uv": [0, 0, 1, 1], "texture": "#2"},
				"west": {"uv": [0, 0, 1, 1], "texture": "#2"},
				"up": {"uv": [0, 0, 1, 1], "texture": "#2"},
				"down": {"uv": [0, 0, 1, 1], "texture": "#2"}
			}
		},
		{
			"name": "hexadecagon",
			"from": [6.11033, -10.8, 15.5],
			"to": [9.88967, -9.8, 17.5],
			"rotation": {"angle": -45, "axis": "y", "origin": [8, -10.3, 8]},
			"faces": {
				"north": {"uv": [0, 0, 1, 1], "texture": "#2"},
				"east": {"uv": [0, 0, 1, 1], "texture": "#2"},
				"south": {"uv": [0, 0, 1, 1], "texture": "#2"},
				"west": {"uv": [0, 0, 1, 1], "texture": "#2"},
				"up": {"uv": [0, 0, 1, 1], "texture": "#2"},
				"down": {"uv": [0, 0, 1, 1], "texture": "#2"}
			}
		},
		{
			"name": "hexadecagon",
			"from": [6.11033, -10.8, 15.5],
			"to": [9.88967, -9.8, 17.5],
			"rotation": {"angle": -22.5, "axis": "y", "origin": [8, -10.3, 8]},
			"faces": {
				"north": {"uv": [0, 0, 1, 1], "texture": "#2"},
				"east": {"uv": [0, 0, 1, 1], "texture": "#2"},
				"south": {"uv": [0, 0, 1, 1], "texture": "#2"},
				"west": {"uv": [0, 0, 1, 1], "texture": "#2"},
				"up": {"uv": [0, 0, 1, 1], "texture": "#2"},
				"down": {"uv": [0, 0, 1, 1], "texture": "#2"}
			}
		},
		{
			"name": "hexadecagon",
			"from": [6.11033, -10.8, 15.5],
			"to": [9.88967, -9.8, 17.5],
			"rotation": {"angle": 0, "axis": "y", "origin": [8, -10.3, 8]},
			"faces": {
				"north": {"uv": [0, 0, 1, 1], "texture": "#2"},
				"east": {"uv": [0, 0, 1, 1], "texture": "#2"},
				"south": {"uv": [0, 0, 1, 1], "texture": "#2"},
				"west": {"uv": [0, 0, 1, 1], "texture": "#2"},
				"up": {"uv": [0, 0, 1, 1], "texture": "#2"},
				"down": {"uv": [0, 0, 1, 1], "texture": "#2"}
			}
		},
		{
			"name": "hexadecagon",
			"from": [6.11033, -10.8, 15.5],
			"to": [9.88967, -9.8, 17.5],
			"rotation": {"angle": 22.5, "axis": "y", "origin": [8, -10.3, 8]},
			"faces": {
				"north": {"uv": [0, 0, 1, 1], "texture": "#2"},
				"east": {"uv": [0, 0, 1, 1], "texture": "#2"},
				"south": {"uv": [0, 0, 1, 1], "texture": "#2"},
				"west": {"uv": [0, 0, 1, 1], "texture": "#2"},
				"up": {"uv": [0, 0, 1, 1], "texture": "#2"},
				"down": {"uv": [0, 0, 1, 1], "texture": "#2"}
			}
		},
		{
			"name": "hexadecagon",
			"from": [6.11033, -10.8, 15.5],
			"to": [9.88967, -9.8, 17.5],
			"rotation": {"angle": 45, "axis": "y", "origin": [8, -10.3, 8]},
			"faces": {
				"north": {"uv": [0, 0, 1, 1], "texture": "#2"},
				"east": {"uv": [0, 0, 1, 1], "texture": "#2"},
				"south": {"uv": [0, 0, 1, 1], "texture": "#2"},
				"west": {"uv": [0, 0, 1, 1], "texture": "#2"},
				"up": {"uv": [0, 0, 1, 1], "texture": "#2"},
				"down": {"uv": [0, 0, 1, 1], "texture": "#2"}
			}
		},
		{
			"name": "hexadecagon",
			"from": [-1.5, -10.8, 6.11033],
			"to": [0.5, -9.8, 9.88967],
			"rotation": {"angle": -22.5, "axis": "y", "origin": [8, -10.3, 8]},
			"faces": {
				"north": {"uv": [0, 0, 1, 1], "texture": "#2"},
				"east": {"uv": [0, 0, 1, 1], "texture": "#2"},
				"south": {"uv": [0, 0, 1, 1], "texture": "#2"},
				"west": {"uv": [0, 0, 1, 1], "texture": "#2"},
				"up": {"uv": [0, 0, 1, 1], "texture": "#2"},
				"down": {"uv": [0, 0, 1, 1], "texture": "#2"}
			}
		},
		{
			"name": "hexadecagon",
			"from": [-1.5, -10.8, 6.11033],
			"to": [0.5, -9.8, 9.88967],
			"rotation": {"angle": 0, "axis": "y", "origin": [8, -10.3, 8]},
			"faces": {
				"north": {"uv": [0, 0, 1, 1], "texture": "#2"},
				"east": {"uv": [0, 0, 1, 1], "texture": "#2"},
				"south": {"uv": [0, 0, 1, 1], "texture": "#2"},
				"west": {"uv": [0, 0, 1, 1], "texture": "#2"},
				"up": {"uv": [0, 0, 1, 1], "texture": "#2"},
				"down": {"uv": [0, 0, 1, 1], "texture": "#2"}
			}
		},
		{
			"name": "hexadecagon",
			"from": [-1.5, -10.8, 6.11033],
			"to": [0.5, -9.8, 9.88967],
			"rotation": {"angle": 22.5, "axis": "y", "origin": [8, -10.3, 8]},
			"faces": {
				"north": {"uv": [0, 0, 1, 1], "texture": "#2"},
				"east": {"uv": [0, 0, 1, 1], "texture": "#2"},
				"south": {"uv": [0, 0, 1, 1], "texture": "#2"},
				"west": {"uv": [0, 0, 1, 1], "texture": "#2"},
				"up": {"uv": [0, 0, 1, 1], "texture": "#2"},
				"down": {"uv": [0, 0, 1, 1], "texture": "#2"}
			}
		},
		{
			"name": "hexadecagon",
			"from": [15.5, -10.8, 6.11033],
			"to": [17.5, -9.8, 9.88967],
			"rotation": {"angle": -22.5, "axis": "y", "origin": [8, -10.3, 8]},
			"faces": {
				"north": {"uv": [0, 0, 1, 1], "texture": "#2"},
				"east": {"uv": [0, 0, 1, 1], "texture": "#2"},
				"south": {"uv": [0, 0, 1, 1], "texture": "#2"},
				"west": {"uv": [0, 0, 1, 1], "texture": "#2"},
				"up": {"uv": [0, 0, 1, 1], "texture": "#2"},
				"down": {"uv": [0, 0, 1, 1], "texture": "#2"}
			}
		},
		{
			"name": "hexadecagon",
			"from": [15.5, -10.8, 6.11033],
			"to": [17.5, -9.8, 9.88967],
			"rotation": {"angle": 0, "axis": "y", "origin": [8, -10.3, 8]},
			"faces": {
				"north": {"uv": [0, 0, 1, 1], "texture": "#2"},
				"east": {"uv": [0, 0, 1, 1], "texture": "#2"},
				"south": {"uv": [0, 0, 1, 1], "texture": "#2"},
				"west": {"uv": [0, 0, 1, 1], "texture": "#2"},
				"up": {"uv": [0, 0, 1, 1], "texture": "#2"},
				"down": {"uv": [0, 0, 1, 1], "texture": "#2"}
			}
		},
		{
			"name": "hexadecagon",
			"from": [15.5, -10.8, 6.11033],
			"to": [17.5, -9.8, 9.88967],
			"rotation": {"angle": 22.5, "axis": "y", "origin": [8, -10.3, 8]},
			"faces": {
				"north": {"uv": [0, 0, 1, 1], "texture": "#2"},
				"east": {"uv": [0, 0, 1, 1], "texture": "#2"},
				"south": {"uv": [0, 0, 1, 1], "texture": "#2"},
				"west": {"uv": [0, 0, 1, 1], "texture": "#2"},
				"up": {"uv": [0, 0, 1, 1], "texture": "#2"},
				"down": {"uv": [0, 0, 1, 1], "texture": "#2"}
			}
		}
	],
	"display": {
		"thirdperson_righthand": {
			"translation": [0, 2.5, 0],
			"scale": [0.18, 0.18, 0.18]
		},
		"thirdperson_lefthand": {
			"translation": [0, 2.5, 0],
			"scale": [0.18, 0.18, 0.18]
		},
		"firstperson_righthand": {
			"rotation": [0, 132, 0],
			"translation": [0, 3.5, 0],
			"scale": [0.17, 0.17, 0.17]
		},
		"firstperson_lefthand": {
			"rotation": [0, 132, 0],
			"translation": [0, 3.5, 0],
			"scale": [0.17, 0.17, 0.17]
		},
		"ground": {
			"scale": [0.18, 0.18, 0.18]
		},
		"gui": {
			"rotation": [30, 151, 14],
			"translation": [0, 0.75, 0],
			"scale": [0.33, 0.33, 0.33]
		},
		"head": {
			"translation": [0, 12, 0],
			"scale": [0.24, 0.24, 0.24]
		},
		"fixed": {
			"rotation": [-90, 0, 0],
			"translation": [0, 0, -9.25],
			"scale": [0.48, 0.48, 0.48]
		}
	},
	"groups": [
		{
			"name": "steve",
			"origin": [8, 8, 8],
			"children": [0, 1, 2, 3, 4, 5]
		},
		{
			"name": "golden_sword",
			"origin": [8, 8, 8],
			"children": [6, 7, 8, 9, 10, 11, 12, 13, 14, 15, 16, 17, 18, 19, 20, 21, 22, 23, 24]
		}, 25, 26, 27, 28, 29, 30, 31, 32, 33, 34, 35, 36, 37, 38, 39,
		{
			"name": "hexadecagon",
			"origin": [8, 8, 8],
			"children": []
		},
		{
			"name": "hexadecagon",
			"origin": [8, 8, 8],
			"children": [40, 41, 42, 43, 44, 45, 46, 47, 48, 49, 50, 51, 52, 53, 54, 55]
		},
		{
			"name": "hexadecagon",
			"origin": [8, 8, 8],
			"children": [56, 57, 58, 59, 60, 61, 62, 63, 64, 65, 66, 67, 68, 69, 70, 71]
		},
		{
			"name": "hexadecagon",
			"origin": [8, 8, 8],
			"children": [72, 73, 74, 75, 76, 77, 78, 79, 80, 81, 82, 83, 84, 85, 86, 87]
		}
	]
}