{
	"credit": "Made by DrVECKER",
	"texture_size": [32, 32],
	"textures": {
		"0": "pass/pass2",
		"1": "pass/pass1",
		"2": "pass/pass",
		"particle": "pass/pass2"
	},
	"elements": [
		{
			"from": [7, 0, 4],
			"to": [7.2, 10, 11],
			"faces": {
				"north": {"uv": [0, 0, 0.34491, 16], "texture": "#1"},
				"east": {"uv": [0, 0, 0.18982, 16], "texture": "#1"},
				"south": {"uv": [0, 0, 0.5, 16], "texture": "#1"},
				"west": {"uv": [0, 0, 16, 16], "texture": "#1"},
				"up": {"uv": [0, 0, 0.5, 16], "texture": "#1"},
				"down": {"uv": [0, 0, 0.5, 16], "texture": "#1"}
			}
		},
		{
			"from": [7.2, 0, 3.8],
			"to": [7.7, 10, 4],
			"faces": {
				"north": {"uv": [0, 0, 1, 10], "texture": "#0"},
				"east": {"uv": [1, 0, 2, 10], "texture": "#0"},
				"south": {"uv": [2, 0, 3, 10], "texture": "#0"},
				"west": {"uv": [3, 0, 4, 10], "texture": "#0"},
				"up": {"uv": [5, 1, 4, 0], "texture": "#0"},
				"down": {"uv": [5, 1, 4, 2], "texture": "#0"}
			}
		},
		{
			"from": [7.2, 0.1, 4],
			"to": [7.7, 9.9, 10.9],
			"faces": {
				"north": {"uv": [0, 5, 0.5, 10], "texture": "#2"},
				"east": {"uv": [0, 0, 3.5, 5], "texture": "#2"},
				"south": {"uv": [0.5, 5, 1, 10], "texture": "#2"},
				"west": {"uv": [3.5, 0, 7, 5], "texture": "#2"},
				"up": {"uv": [1.5, 8.5, 1, 5], "texture": "#2"},
				"down": {"uv": [2, 5, 1.5, 8.5], "texture": "#2"}
			}
		},
		{
			"from": [7.7, 0, 4],
			"to": [7.9, 10, 11],
			"faces": {
				"north": {"uv": [0, 0, 0.5, 16], "texture": "#1"},
				"east": {"uv": [0, 0, 16, 16], "texture": "#1"},
				"south": {"uv": [0, 0, 0.5, 16], "texture": "#1"},
				"west": {"uv": [0, 0, 0.5, 16], "texture": "#1"},
				"up": {"uv": [0, 0, 0.5, 16], "texture": "#1"},
				"down": {"uv": [0, 0, 0.5, 16], "texture": "#1"}
			}
		}
	],
	"display": {
		"thirdperson_righthand": {
			"rotation": [-4, 49, 0],
			"translation": [-1.25, 3, -0.75],
			"scale": [0.56, 0.56, 0.56]
		},
		"thirdperson_lefthand": {
			"rotation": [-4, 49, 0],
			"translation": [-1.25, 1.75, -0.75],
			"scale": [-0.56, 0.56, -0.56]
		},
		"firstperson_righthand": {
			"translation": [0.25, 4.75, 0],
			"scale": [0.73, 0.73, 0.73]
		},
		"firstperson_lefthand": {
			"translation": [0.25, 4.75, 0],
			"scale": [0.73, 0.73, 0.73]
		},
		"ground": {
			"rotation": [0, 0, 90],
			"translation": [-1.75, 0.5, 0],
			"scale": [0.59, 0.59, 0.59]
		},
		"gui": {
			"rotation": [31, 55, 1],
			"translation": [0.75, 3, 0],
			"scale": [1.16, 1.16, 1.16]
		},
		"fixed": {
			"rotation": [0, -90, 0],
			"translation": [-0.5, 3.5, 0],
			"scale": [1.21, 1.21, 1.21]
		}
	}
}