{
	"credit": "Made by DrVECKER",
	"textures": {
		"0": "hats/cut_sandstone",
		"1": "hats/message",
		"4": "hats/emodji/light_gray_wool",
		"5": "hats/card_a",
		"6": "hats/card_b",
		"particle": "hats/cut_sandstone"
	},
	"elements": [
		{
			"from": [2, 0, 5],
			"to": [12, 6.496, 10],
			"rotation": {"angle": 0, "axis": "x", "origin": [8, 9.28, 13]},
			"faces": {
				"north": {"uv": [4, 9.504, 14, 16], "texture": "#0"},
				"east": {"uv": [5.5, 9.5, 10.5, 15.996], "texture": "#0"},
				"south": {"uv": [2, 9.504, 12, 16], "texture": "#0"},
				"west": {"uv": [5, 9.504, 10, 16], "texture": "#0"},
				"up": {"uv": [2, 5, 12, 10], "rotation": 180, "texture": "#0"},
				"down": {"uv": [2, 11, 12, 16], "texture": "#0"}
			}
		},
		{
			"from": [2.375, 0.425, 4.925],
			"to": [5.525, 3.696, 4.925],
			"rotation": {"angle": 0, "axis": "x", "origin": [8, 9.28, 13]},
			"faces": {
				"north": {"uv": [0, 0.004, 16, 16], "texture": "#1"},
				"east": {"uv": [5.5, 9.5, 10.5, 15.996], "texture": "#0"},
				"south": {"uv": [0, 0, 0.5, 16], "texture": "#1"},
				"west": {"uv": [5, 9.504, 10, 16], "texture": "#0"},
				"up": {"uv": [2, 5, 12, 10], "rotation": 180, "texture": "#0"},
				"down": {"uv": [2, 11, 12, 16], "texture": "#0"}
			}
		},
		{
			"from": [2.375, 0.425, 10.025],
			"to": [5.525, 3.696, 10.025],
			"rotation": {"angle": 0, "axis": "x", "origin": [8, 9.28, 13]},
			"faces": {
				"north": {"uv": [0, 0.004, 0.5, 16], "texture": "#1"},
				"east": {"uv": [5.5, 9.5, 10.5, 15.996], "texture": "#0"},
				"south": {"uv": [0, 0, 16, 16], "texture": "#1"},
				"west": {"uv": [5, 9.504, 10, 16], "texture": "#0"},
				"up": {"uv": [2, 5, 12, 10], "rotation": 180, "texture": "#0"},
				"down": {"uv": [2, 11, 12, 16], "texture": "#0"}
			}
		},
		{
			"from": [7.28, 6.4566, 5],
			"to": [7.46, 6.727, 6.26],
			"rotation": {"angle": 0, "axis": "x", "origin": [8, 9.055, 13]},
			"faces": {
				"north": {"uv": [0, 0, 1, 1], "rotation": 180, "texture": "#4"},
				"east": {"uv": [0, 0, 1, 7], "rotation": 270, "texture": "#4"},
				"south": {"uv": [0, 0, 1, 1], "texture": "#4"},
				"west": {"uv": [0, 0, 1, 7], "rotation": 90, "texture": "#4"},
				"up": {"uv": [0, 0, 1, 7], "rotation": 180, "texture": "#4"},
				"down": {"uv": [0, 0, 1, 7], "texture": "#4"}
			}
		},
		{
			"from": [6.93, 6.4566, 7.7],
			"to": [7.11, 6.727, 10.01],
			"rotation": {"angle": 0, "axis": "x", "origin": [8, 9.055, 13]},
			"faces": {
				"north": {"uv": [0, 0, 1, 1], "rotation": 180, "texture": "#4"},
				"east": {"uv": [0, 0, 1, 7], "rotation": 270, "texture": "#4"},
				"south": {"uv": [0, 0, 1, 1], "texture": "#4"},
				"west": {"uv": [0, 0, 1, 7], "rotation": 90, "texture": "#4"},
				"up": {"uv": [0, 0, 1, 7], "rotation": 180, "texture": "#4"},
				"down": {"uv": [0, 0, 1, 7], "texture": "#4"}
			}
		},
		{
			"from": [6.365, 6.4496, 7.565],
			"to": [10.175, 6.72, 7.745],
			"rotation": {"angle": 0, "axis": "x", "origin": [8, 9.28, 13]},
			"faces": {
				"north": {"uv": [0, 0, 1, 14], "rotation": 90, "texture": "#4"},
				"east": {"uv": [0, 0, 1, 1], "texture": "#4"},
				"south": {"uv": [0, 0, 1, 14], "rotation": 270, "texture": "#4"},
				"west": {"uv": [0, 0, 1, 1], "rotation": 180, "texture": "#4"},
				"up": {"uv": [0, 0, 1, 14], "rotation": 90, "texture": "#4"},
				"down": {"uv": [0, 0, 1, 7], "rotation": 90, "texture": "#4"}
			}
		},
		{
			"from": [7.115, -0.2384, 7.565],
			"to": [10.175, 0.232, 7.745],
			"rotation": {"angle": 0, "axis": "x", "origin": [8, 9.28, 13]},
			"faces": {
				"north": {"uv": [0, 0, 1, 14], "rotation": 90, "texture": "#4"},
				"east": {"uv": [0, 0, 1, 1], "texture": "#4"},
				"south": {"uv": [0, 0, 1, 14], "rotation": 270, "texture": "#4"},
				"west": {"uv": [0, 0, 1, 1], "rotation": 180, "texture": "#4"},
				"up": {"uv": [0, 0, 1, 14], "rotation": 90, "texture": "#4"},
				"down": {"uv": [0, 0, 1, 7], "rotation": 90, "texture": "#4"}
			}
		},
		{
			"from": [1.99, 6.4496, 7.865],
			"to": [5.175, 6.72, 8.045],
			"rotation": {"angle": 0, "axis": "x", "origin": [8, 9.28, 13]},
			"faces": {
				"north": {"uv": [0, 0, 1, 14], "rotation": 90, "texture": "#4"},
				"east": {"uv": [0, 0, 1, 1], "texture": "#4"},
				"south": {"uv": [0, 0, 1, 14], "rotation": 270, "texture": "#4"},
				"west": {"uv": [0, 0, 1, 1], "rotation": 180, "texture": "#4"},
				"up": {"uv": [0, 0, 1, 14], "rotation": 90, "texture": "#4"},
				"down": {"uv": [0, 0, 1, 7], "rotation": 90, "texture": "#4"}
			}
		},
		{
			"from": [2.015, -0.2384, 7.865],
			"to": [5.175, 0.232, 8.045],
			"rotation": {"angle": 0, "axis": "x", "origin": [8, 9.28, 13]},
			"faces": {
				"north": {"uv": [0, 0, 1, 14], "rotation": 90, "texture": "#4"},
				"east": {"uv": [0, 0, 1, 1], "texture": "#4"},
				"south": {"uv": [0, 0, 1, 14], "rotation": 270, "texture": "#4"},
				"west": {"uv": [0, 0, 1, 1], "rotation": 180, "texture": "#4"},
				"up": {"uv": [0, 0, 1, 14], "rotation": 90, "texture": "#4"},
				"down": {"uv": [0, 0, 1, 7], "rotation": 90, "texture": "#4"}
			}
		},
		{
			"from": [10.165, 6.4496, 7.39],
			"to": [12.075, 6.72, 7.57],
			"rotation": {"angle": 0, "axis": "x", "origin": [8, 9.28, 13]},
			"faces": {
				"north": {"uv": [0, 0, 1, 8], "rotation": 90, "texture": "#4"},
				"east": {"uv": [0, 0, 1, 1], "texture": "#4"},
				"south": {"uv": [0, 0, 1, 8], "rotation": 270, "texture": "#4"},
				"west": {"uv": [0, 0, 1, 1], "rotation": 180, "texture": "#4"},
				"up": {"uv": [0, 0, 1, 8], "rotation": 90, "texture": "#4"},
				"down": {"uv": [0, 0, 1, 7], "rotation": 90, "texture": "#4"}
			}
		},
		{
			"from": [10.165, -0.2384, 7.39],
			"to": [12.075, 0.232, 7.57],
			"rotation": {"angle": 0, "axis": "x", "origin": [8, 9.28, 13]},
			"faces": {
				"north": {"uv": [0, 0, 1, 8], "rotation": 90, "texture": "#4"},
				"east": {"uv": [0, 0, 1, 1], "texture": "#4"},
				"south": {"uv": [0, 0, 1, 8], "rotation": 270, "texture": "#4"},
				"west": {"uv": [0, 0, 1, 1], "rotation": 180, "texture": "#4"},
				"up": {"uv": [0, 0, 1, 8], "rotation": 90, "texture": "#4"},
				"down": {"uv": [0, 0, 1, 7], "rotation": 90, "texture": "#4"}
			}
		},
		{
			"from": [12.03, -0.0176, 7.39],
			"to": [12.21, 6.4032, 7.57],
			"rotation": {"angle": 0, "axis": "x", "origin": [8, 9.28, 13]},
			"faces": {
				"north": {"uv": [0, 0, 1, 12], "texture": "#4"},
				"east": {"uv": [0, 0, 1, 12], "texture": "#4"},
				"south": {"uv": [0, 0, 1, 12], "texture": "#4"},
				"west": {"uv": [0, 0, 1, 8], "texture": "#4"},
				"up": {"uv": [0, 0, 1, 1], "rotation": 270, "texture": "#4"},
				"down": {"uv": [0, 0, 1, 1], "rotation": 90, "texture": "#4"}
			}
		},
		{
			"from": [1.83, -0.1176, 7.89],
			"to": [2.01, 6.4782, 8.07],
			"rotation": {"angle": 0, "axis": "x", "origin": [8, 9.28, 13]},
			"faces": {
				"north": {"uv": [0, 0, 1, 12], "texture": "#4"},
				"east": {"uv": [0, 0, 1, 4], "texture": "#4"},
				"south": {"uv": [0, 0, 1, 12], "texture": "#4"},
				"west": {"uv": [0, 0, 1, 12], "texture": "#4"},
				"up": {"uv": [0, 0, 1, 1], "rotation": 270, "texture": "#4"},
				"down": {"uv": [0, 0, 1, 1], "rotation": 90, "texture": "#4"}
			}
		},
		{
			"from": [5.165, 6.4496, 7.69],
			"to": [7.075, 6.72, 7.87],
			"rotation": {"angle": 0, "axis": "x", "origin": [8, 9.28, 13]},
			"faces": {
				"north": {"uv": [0, 0, 1, 8], "rotation": 90, "texture": "#4"},
				"east": {"uv": [0, 0, 1, 1], "texture": "#4"},
				"south": {"uv": [0, 0, 1, 8], "rotation": 270, "texture": "#4"},
				"west": {"uv": [0, 0, 1, 1], "rotation": 180, "texture": "#4"},
				"up": {"uv": [0, 0, 1, 8], "rotation": 90, "texture": "#4"},
				"down": {"uv": [0, 0, 1, 7], "rotation": 90, "texture": "#4"}
			}
		},
		{
			"from": [5.165, -0.2384, 7.69],
			"to": [7.125, 0.232, 7.87],
			"rotation": {"angle": 0, "axis": "x", "origin": [8, 9.28, 13]},
			"faces": {
				"north": {"uv": [0, 0, 1, 8], "rotation": 90, "texture": "#4"},
				"east": {"uv": [0, 0, 1, 1], "texture": "#4"},
				"south": {"uv": [0, 0, 1, 8], "rotation": 270, "texture": "#4"},
				"west": {"uv": [0, 0, 1, 1], "rotation": 180, "texture": "#4"},
				"up": {"uv": [0, 0, 1, 8], "rotation": 90, "texture": "#4"},
				"down": {"uv": [0, 0, 1, 7], "rotation": 90, "texture": "#4"}
			}
		},
		{
			"from": [7.28, -0.1704, 5],
			"to": [7.46, 0, 7.26],
			"rotation": {"angle": 0, "axis": "x", "origin": [8, 9.28, 13]},
			"faces": {
				"north": {"uv": [0, 0, 1, 1], "rotation": 180, "texture": "#4"},
				"east": {"uv": [0, 0, 1, 7], "rotation": 270, "texture": "#4"},
				"south": {"uv": [0, 0, 1, 1], "texture": "#4"},
				"west": {"uv": [0, 0, 1, 7], "rotation": 90, "texture": "#4"},
				"up": {"uv": [0, 0, 1, 7], "rotation": 180, "texture": "#4"},
				"down": {"uv": [0, 0, 1, 7], "texture": "#4"}
			}
		},
		{
			"from": [7.105, -0.1704, 7.25],
			"to": [7.285, 0, 9.51],
			"rotation": {"angle": 0, "axis": "x", "origin": [8, 9.28, 13]},
			"faces": {
				"north": {"uv": [0, 0, 1, 1], "rotation": 180, "texture": "#4"},
				"east": {"uv": [0, 0, 1, 7], "rotation": 270, "texture": "#4"},
				"south": {"uv": [0, 0, 1, 1], "texture": "#4"},
				"west": {"uv": [0, 0, 1, 7], "rotation": 90, "texture": "#4"},
				"up": {"uv": [0, 0, 1, 7], "rotation": 180, "texture": "#4"},
				"down": {"uv": [0, 0, 1, 7], "texture": "#4"}
			}
		},
		{
			"from": [6.93, -0.1704, 9.525],
			"to": [7.11, 0, 10.01],
			"rotation": {"angle": 0, "axis": "x", "origin": [8, 9.28, 13]},
			"faces": {
				"north": {"uv": [0, 0, 1, 1], "rotation": 180, "texture": "#4"},
				"east": {"uv": [0, 0, 2, 3], "rotation": 270, "texture": "#4"},
				"south": {"uv": [0, 0, 1, 1], "texture": "#4"},
				"west": {"uv": [0, 0, 2, 3], "rotation": 90, "texture": "#4"},
				"up": {"uv": [0, 0, 1, 7], "rotation": 180, "texture": "#4"},
				"down": {"uv": [0, 0, 2, 3], "texture": "#4"}
			}
		},
		{
			"from": [7.28, -0.0464, 4.75],
			"to": [7.46, 6.528, 5.01],
			"rotation": {"angle": 0, "axis": "x", "origin": [8, 9.28, 13]},
			"faces": {
				"north": {"uv": [0, 0, 1, 12], "texture": "#4"},
				"east": {"uv": [0, 0, 1, 12], "texture": "#4"},
				"south": {"uv": [0, 0, 1, 1], "texture": "#4"},
				"west": {"uv": [0, 0, 1, 12], "texture": "#4"},
				"up": {"uv": [0, 0, 1, 1], "rotation": 180, "texture": "#4"},
				"down": {"uv": [0, 6, 1, 7], "texture": "#4"}
			}
		},
		{
			"from": [6.93, -0.0464, 9.925],
			"to": [7.11, 6.578, 10.185],
			"rotation": {"angle": 0, "axis": "x", "origin": [8, 9.28, 13]},
			"faces": {
				"north": {"uv": [0, 0, 1, 1], "rotation": 180, "texture": "#4"},
				"east": {"uv": [0, 0, 1, 12], "texture": "#4"},
				"south": {"uv": [0, 0, 1, 12], "texture": "#4"},
				"west": {"uv": [0, 0, 1, 12], "texture": "#4"},
				"up": {"uv": [0, 0, 1, 1], "rotation": 180, "texture": "#4"},
				"down": {"uv": [0, 6, 1, 7], "texture": "#4"}
			}
		},
		{
			"from": [7.1, 6.4566, 6.26],
			"to": [7.28, 6.727, 7.595],
			"rotation": {"angle": 0, "axis": "x", "origin": [8, 9.055, 13]},
			"faces": {
				"north": {"uv": [0, 0, 1, 1], "rotation": 180, "texture": "#4"},
				"east": {"uv": [0, 0, 1, 7], "rotation": 270, "texture": "#4"},
				"south": {"uv": [0, 0, 1, 1], "texture": "#4"},
				"west": {"uv": [0, 0, 1, 7], "rotation": 90, "texture": "#4"},
				"up": {"uv": [0, 0, 1, 7], "rotation": 180, "texture": "#4"},
				"down": {"uv": [0, 0, 1, 7], "texture": "#4"}
			}
		},
		{
			"from": [7.09, 6.8566, 5.9],
			"to": [7.27, 7.127, 7.52],
			"rotation": {"angle": 22.5, "axis": "x", "origin": [6.83021, 6.59201, 6.70958]},
			"faces": {
				"north": {"uv": [0, 0, 1, 1], "rotation": 180, "texture": "#4"},
				"east": {"uv": [0, 0, 1, 9], "rotation": 270, "texture": "#4"},
				"south": {"uv": [0, 0, 1, 1], "texture": "#4"},
				"west": {"uv": [0, 0, 1, 9], "rotation": 90, "texture": "#4"},
				"up": {"uv": [0, 0, 1, 9], "rotation": 180, "texture": "#4"},
				"down": {"uv": [0, 0, 1, 9], "texture": "#4"}
			}
		},
		{
			"from": [5.5, 6.475, 6.8],
			"to": [8.5, 6.575, 8.8],
			"rotation": {"angle": -22.5, "axis": "y", "origin": [7.00223, 6.52361, 7.79916]},
			"faces": {
				"north": {"uv": [0.25, 3.625, 0.625, 12.875], "rotation": 90, "texture": "#6"},
				"east": {"uv": [0.25, 3.625, 0.625, 12.875], "rotation": 270, "texture": "#6"},
				"south": {"uv": [0.25, 3.625, 0.625, 12.875], "rotation": 90, "texture": "#6"},
				"west": {"uv": [0.25, 3.625, 0.625, 12.875], "rotation": 90, "texture": "#6"},
				"up": {"uv": [0.25, 3.625, 16, 12.875], "rotation": 180, "texture": "#5"},
				"down": {"uv": [0.25, 3.625, 16, 12.875], "texture": "#6"}
			}
		}
	],
	"display": {
		"thirdperson_righthand": {
			"rotation": [0, 144, 0],
			"translation": [-2.75, 3.75, 0],
			"scale": [0.6, 0.6, 0.6]
		},
		"thirdperson_lefthand": {
			"rotation": [0, 144, 0],
			"translation": [-2.75, 3.75, 0],
			"scale": [0.6, 0.6, 0.6]
		},
		"firstperson_righthand": {
			"rotation": [20, 145, -22],
			"translation": [-2.5, 7, 0],
			"scale": [0.75, 0.75, 0.75]
		},
		"firstperson_lefthand": {
			"rotation": [20, 145, -22],
			"translation": [-1.5, 7, 0],
			"scale": [0.75, 0.75, 0.75]
		},
		"ground": {
			"rotation": [-1, 0, 0],
			"translation": [0, 1.75, 0.75],
			"scale": [0.67, 0.67, 0.67]
		},
		"gui": {
			"rotation": [24, 139, 6],
			"translation": [0, 6.25, 0],
			"scale": [1.35, 1.35, 1.35]
		},
		"fixed": {
			"rotation": [-90, 0, 0],
			"translation": [2, 1, -17.75],
			"scale": [2.46, 2.46, 2.46]
		}
	},
	"groups": [0, 1, 2,
		{
			"name": "group",
			"origin": [8, 8, 8],
			"children": [3, 4, 5, 6, 7, 8, 9, 10, 11, 12, 13, 14, 15, 16, 17, 18, 19, 20, 21]
		}, 22]
}