{
	"credit": "Made by DrVECKER",
	"textures": {
		"4": "hats/emodji/red_concrete",
		"6": "hats/emodji/white_concrete1",
		"8": "hats/emodji/brown_wool",
		"particle": "hats/emodji/blue_concrete"
	},
	"elements": [
		{
			"from": [7.3, 5, 7.3],
			"to": [8.7, 9.3, 8.7],
			"rotation": {"angle": 0, "axis": "y", "origin": [8.003, 8.27873, 8.00398]},
			"faces": {
				"north": {"uv": [0, 0, 1.4, 5.3], "texture": "#4"},
				"east": {"uv": [0, 0, 1.4, 5.3], "texture": "#4"},
				"south": {"uv": [0, 0, 1.4, 5.3], "texture": "#4"},
				"west": {"uv": [0, 0, 1.4, 5.3], "texture": "#4"},
				"up": {"uv": [0, 0, 1.4, 1.4], "texture": "#4"},
				"down": {"uv": [0, 0, 1.4, 1.4], "texture": "#4"}
			}
		},
		{
			"from": [7.3, 11.7, 7.3],
			"to": [8.7, 12.3, 8.7],
			"rotation": {"angle": 0, "axis": "y", "origin": [8.003, 8.27873, 8.00398]},
			"faces": {
				"north": {"uv": [0, 0, 1.4, 0.6], "texture": "#8"},
				"east": {"uv": [0, 0, 1.4, 0.6], "texture": "#8"},
				"south": {"uv": [0, 0, 1.4, 0.6], "texture": "#8"},
				"west": {"uv": [0, 0, 1.4, 0.6], "texture": "#8"},
				"up": {"uv": [0, 0, 1.4, 1.4], "texture": "#8"},
				"down": {"uv": [0, 0, 1.4, 1.4], "texture": "#8"}
			}
		},
		{
			"from": [7, 5, 7],
			"to": [7.3, 12, 9],
			"rotation": {"angle": 0, "axis": "y", "origin": [8.003, 8.27873, 8.00398]},
			"faces": {
				"north": {"uv": [0, 0, 0.3, 7], "texture": "#6"},
				"east": {"uv": [0, 0, 2, 7], "texture": "#6"},
				"south": {"uv": [0, 0, 0.3, 7], "texture": "#6"},
				"west": {"uv": [0, 0, 2, 7], "texture": "#6"},
				"up": {"uv": [0, 0, 0.3, 2], "texture": "#6"},
				"down": {"uv": [0, 0, 0.3, 2], "texture": "#6"}
			}
		},
		{
			"from": [8.7, 5, 7],
			"to": [9, 12, 9],
			"rotation": {"angle": 0, "axis": "y", "origin": [8.003, 8.27873, 8.00398]},
			"faces": {
				"north": {"uv": [0, 0, 0.3, 7], "texture": "#6"},
				"east": {"uv": [0, 0, 2, 7], "texture": "#6"},
				"south": {"uv": [0, 0, 0.3, 7], "texture": "#6"},
				"west": {"uv": [0, 0, 2, 7], "texture": "#6"},
				"up": {"uv": [0, 0, 0.3, 2], "texture": "#6"},
				"down": {"uv": [0, 0, 0.3, 2], "texture": "#6"}
			}
		},
		{
			"from": [7.3, 5, 8.7],
			"to": [8.7, 12, 9],
			"rotation": {"angle": 0, "axis": "y", "origin": [8.003, 8.27873, 8.00398]},
			"faces": {
				"north": {"uv": [0, 0, 1.4, 7], "texture": "#6"},
				"east": {"uv": [0, 0, 0.3, 7], "texture": "#6"},
				"south": {"uv": [0, 0, 1.4, 7], "texture": "#6"},
				"west": {"uv": [0, 0, 0.3, 7], "texture": "#6"},
				"up": {"uv": [0, 0, 1.4, 0.3], "texture": "#6"},
				"down": {"uv": [0, 0, 1.4, 0.3], "texture": "#6"}
			}
		},
		{
			"from": [7.3, 5, 7],
			"to": [8.7, 12, 7.3],
			"rotation": {"angle": 0, "axis": "y", "origin": [8.003, 8.27873, 8.00398]},
			"faces": {
				"north": {"uv": [0, 0, 1.4, 7], "texture": "#6"},
				"east": {"uv": [0, 0, 0.3, 7], "texture": "#6"},
				"south": {"uv": [0, 0, 1.4, 7], "texture": "#6"},
				"west": {"uv": [0, 0, 0.3, 7], "texture": "#6"},
				"up": {"uv": [0, 0, 1.4, 0.3], "texture": "#6"},
				"down": {"uv": [0, 0, 1.4, 0.3], "texture": "#6"}
			}
		},
		{
			"from": [7.3, 4.7, 7.3],
			"to": [8.7, 5, 8.7],
			"rotation": {"angle": 0, "axis": "y", "origin": [8.003, 8.27873, 8.00398]},
			"faces": {
				"north": {"uv": [0, 0, 1.4, 0.3], "texture": "#6"},
				"east": {"uv": [0, 0, 1.4, 0.3], "texture": "#6"},
				"south": {"uv": [0, 0, 1.4, 0.3], "texture": "#6"},
				"west": {"uv": [0, 0, 1.4, 0.3], "texture": "#6"},
				"up": {"uv": [0, 0, 1.4, 1.4], "texture": "#6"},
				"down": {"uv": [0, 0, 1.4, 1.4], "texture": "#6"}
			}
		}
	],
	"display": {
		"thirdperson_righthand": {
			"rotation": [0, -45, 0],
			"translation": [0.25, 1, 0],
			"scale": [0.68, 0.68, 0.68]
		},
		"thirdperson_lefthand": {
			"rotation": [0, -45, 0],
			"translation": [-0.25, 1, 0],
			"scale": [0.68, 0.68, 0.68]
		},
		"firstperson_righthand": {
			"rotation": [0, -45, 0],
			"translation": [2, 2, 0],
			"scale": [0.72, 0.72, 0.72]
		},
		"firstperson_lefthand": {
			"rotation": [0, -45, 0],
			"translation": [2, 2, 0],
			"scale": [-0.72, 0.72, 0.72]
		},
		"ground": {
			"rotation": [90, 0, 0],
			"translation": [0, -1.5, 0],
			"scale": [0.73, 0.73, 0.73]
		},
		"gui": {
			"rotation": [37, 22, -44],
			"translation": [-0.5, -0.5, 0],
			"scale": [1.72, 1.72, 1.72]
		},
		"head": {
			"rotation": [0, -180, 0],
			"translation": [0, 13, 0],
			"scale": [0.84, 0.84, 0.84]
		},
		"fixed": {
			"translation": [0, 0, -1.75],
			"scale": [2, 2, 2]
		}
	},
	"groups": [
		{
			"name": "group",
			"origin": [8, 8, 8],
			"children": [0, 1, 2, 3, 4, 5, 6]
		}
	]
}