{
	"credit": "Made by MrVECKER (vk.com/vecker)",
	"textures": {
		"0": "hats/emodji/red_concrete",
		"1": "hats/emodji/white_concrete",
		"2": "hats/dark_oak_planks",
		"particle": "hats/emodji/red_concrete"
	},
	"elements": [
		{
			"from": [8.55, 7.05, 7.825],
			"to": [9.05, 9.45, 8.15],
			"rotation": {"angle": -22.5, "axis": "z", "origin": [7.5, 7.9, 8]},
			"faces": {
				"north": {"uv": [0, 0, 0.5, 2.4], "texture": "#0"},
				"east": {"uv": [0, 0, 0.375, 2.4], "texture": "#0"},
				"south": {"uv": [0, 0, 0.5, 2.4], "texture": "#0"},
				"west": {"uv": [0, 0, 0.375, 2.4], "texture": "#0"},
				"up": {"uv": [0, 0, 0.5, 0.375], "texture": "#0"},
				"down": {"uv": [0, 0, 0.5, 0.375], "texture": "#0"}
			}
		},
		{
			"from": [8.14479, 5.01288, 7.8],
			"to": [8.59479, 6.71288, 8.175],
			"faces": {
				"north": {"uv": [0, 0, 0.45, 1.7], "texture": "#0"},
				"east": {"uv": [0, 0, 0.375, 1.7], "texture": "#0"},
				"south": {"uv": [0, 0, 0.45, 1.7], "texture": "#0"},
				"west": {"uv": [0, 0, 0.375, 1.7], "texture": "#0"},
				"up": {"uv": [0, 0, 0.45, 0.375], "texture": "#0"},
				"down": {"uv": [0, 0, 0.45, 0.375], "texture": "#0"}
			}
		},
		{
			"from": [7.29944, 5.01481, 7.8],
			"to": [7.77444, 6.71481, 8.175],
			"faces": {
				"north": {"uv": [0, 0, 0.475, 1.7], "texture": "#0"},
				"east": {"uv": [0, 0, 0.375, 1.7], "texture": "#0"},
				"south": {"uv": [0, 0, 0.475, 1.7], "texture": "#0"},
				"west": {"uv": [0, 0, 0.375, 1.7], "texture": "#0"},
				"up": {"uv": [0, 0, 0.475, 0.375], "texture": "#0"},
				"down": {"uv": [0, 0, 0.475, 0.375], "texture": "#0"}
			}
		},
		{
			"from": [6.8, 6.7, 7.825],
			"to": [7.3, 9.2, 8.15],
			"rotation": {"angle": 22.5, "axis": "z", "origin": [7.5, 7.9, 8]},
			"faces": {
				"north": {"uv": [0, 0, 0.5, 2.5], "texture": "#0"},
				"east": {"uv": [0, 0, 0.375, 2.5], "texture": "#0"},
				"south": {"uv": [0, 0, 0.5, 2.5], "texture": "#0"},
				"west": {"uv": [0, 0, 0.375, 2.5], "texture": "#0"},
				"up": {"uv": [0, 0, 0.5, 0.375], "texture": "#0"},
				"down": {"uv": [0, 0, 0.5, 0.375], "texture": "#0"}
			}
		},
		{
			"from": [6.9, 8.225, 7.8],
			"to": [8.95, 8.725, 8.175],
			"faces": {
				"north": {"uv": [0, 0, 0.5, 2.05], "rotation": 270, "texture": "#0"},
				"east": {"uv": [0, 0, 0.5, 0.375], "rotation": 270, "texture": "#0"},
				"south": {"uv": [0, 0, 0.5, 2.05], "rotation": 90, "texture": "#0"},
				"west": {"uv": [0, 0, 0.5, 0.375], "rotation": 270, "texture": "#0"},
				"up": {"uv": [0, 0, 0.375, 2.05], "rotation": 90, "texture": "#0"},
				"down": {"uv": [0, 0, 0.375, 2.05], "rotation": 270, "texture": "#0"}
			}
		},
		{
			"from": [7.85, 9.35, 7.85],
			"to": [8.35, 10.95, 8.125],
			"rotation": {"angle": -45, "axis": "z", "origin": [7.5, 7.9, 8]},
			"faces": {
				"north": {"uv": [0, 0, 0.5, 1.6], "texture": "#0"},
				"east": {"uv": [0, 0, 0.375, 1.6], "texture": "#0"},
				"south": {"uv": [0, 0, 0.5, 1.6], "texture": "#0"},
				"west": {"uv": [0, 0, 0.375, 1.6], "texture": "#0"},
				"up": {"uv": [0, 0, 0.5, 0.375], "texture": "#0"},
				"down": {"uv": [0, 0, 0.5, 0.375], "texture": "#0"}
			}
		},
		{
			"from": [7.31274, 8.67071, 7.85],
			"to": [7.81274, 10.37071, 8.125],
			"rotation": {"angle": 45, "axis": "z", "origin": [7.51274, 7.97071, 8]},
			"faces": {
				"north": {"uv": [0, 0, 0.5, 1.7], "texture": "#0"},
				"east": {"uv": [0, 0, 0.375, 1.7], "rotation": 180, "texture": "#0"},
				"south": {"uv": [0, 0, 0.5, 1.7], "texture": "#0"},
				"west": {"uv": [0, 0, 0.375, 1.7], "rotation": 180, "texture": "#0"},
				"up": {"uv": [0, 0, 0.5, 0.375], "rotation": 180, "texture": "#0"},
				"down": {"uv": [0, 0, 0.5, 0.375], "rotation": 180, "texture": "#0"}
			}
		},
		{
			"from": [6.7146, 9.19622, 7.8],
			"to": [7.2146, 10.69622, 8.175],
			"rotation": {"angle": 22.5, "axis": "z", "origin": [5.3646, 6.74622, 8]},
			"faces": {
				"north": {"uv": [0, 0, 0.5, 1.5], "texture": "#0"},
				"east": {"uv": [0, 0, 0.375, 1.5], "rotation": 180, "texture": "#0"},
				"south": {"uv": [0, 0, 0.5, 1.5], "texture": "#0"},
				"west": {"uv": [0, 0, 0.375, 1.5], "rotation": 180, "texture": "#0"},
				"up": {"uv": [0, 0, 0.5, 0.375], "rotation": 180, "texture": "#0"},
				"down": {"uv": [0, 0, 0.5, 0.375], "rotation": 180, "texture": "#0"}
			}
		},
		{
			"from": [5.10024, 10.91216, 7.825],
			"to": [5.60024, 12.71216, 8.15],
			"faces": {
				"north": {"uv": [0, 0, 0.5, 1.8], "texture": "#0"},
				"east": {"uv": [0, 0, 0.375, 1.8], "rotation": 180, "texture": "#0"},
				"south": {"uv": [0, 0, 0.5, 1.8], "texture": "#0"},
				"west": {"uv": [0, 0, 0.375, 1.8], "rotation": 180, "texture": "#0"},
				"up": {"uv": [0, 0, 0.5, 0.375], "rotation": 180, "texture": "#0"},
				"down": {"uv": [0, 0, 0.5, 0.375], "rotation": 180, "texture": "#0"}
			}
		},
		{
			"from": [8.96096, 10.35009, 7.8],
			"to": [9.46096, 11.85009, 8.175],
			"rotation": {"angle": -22.5, "axis": "z", "origin": [7.61096, 7.90009, 8]},
			"faces": {
				"north": {"uv": [0, 0, 0.5, 1.5], "texture": "#0"},
				"east": {"uv": [0, 0, 0.375, 1.5], "rotation": 180, "texture": "#0"},
				"south": {"uv": [0, 0, 0.5, 1.5], "texture": "#0"},
				"west": {"uv": [0, 0, 0.375, 1.5], "rotation": 180, "texture": "#0"},
				"up": {"uv": [0, 0, 0.5, 0.375], "rotation": 180, "texture": "#0"},
				"down": {"uv": [0, 0, 0.5, 0.375], "rotation": 180, "texture": "#0"}
			}
		},
		{
			"from": [10.33174, 10.84145, 7.825],
			"to": [10.83174, 12.64145, 8.15],
			"faces": {
				"north": {"uv": [0, 0, 0.5, 1.8], "texture": "#0"},
				"east": {"uv": [0, 0, 0.375, 1.8], "rotation": 180, "texture": "#0"},
				"south": {"uv": [0, 0, 0.5, 1.8], "texture": "#0"},
				"west": {"uv": [0, 0, 0.375, 1.8], "rotation": 180, "texture": "#0"},
				"up": {"uv": [0, 0, 0.5, 0.375], "rotation": 180, "texture": "#0"},
				"down": {"uv": [0, 0, 0.5, 0.375], "rotation": 180, "texture": "#0"}
			}
		},
		{
			"from": [6.80563, 14.72936, 7.8],
			"to": [9.05563, 15.22936, 8.175],
			"faces": {
				"north": {"uv": [0, 0, 0.5, 2.25], "rotation": 270, "texture": "#0"},
				"east": {"uv": [0, 0, 0.5, 0.375], "rotation": 270, "texture": "#0"},
				"south": {"uv": [0, 0, 0.5, 2.25], "rotation": 90, "texture": "#0"},
				"west": {"uv": [0, 0, 0.5, 0.375], "rotation": 270, "texture": "#0"},
				"up": {"uv": [0, 0, 0.375, 2.25], "rotation": 90, "texture": "#0"},
				"down": {"uv": [0, 0, 0.375, 2.25], "rotation": 270, "texture": "#0"}
			}
		},
		{
			"from": [4.75147, 14.77017, 7.825],
			"to": [5.25147, 16.37017, 8.15],
			"rotation": {"angle": -45, "axis": "z", "origin": [4.40147, 13.32017, 8]},
			"faces": {
				"north": {"uv": [0, 0, 0.5, 1.6], "texture": "#0"},
				"east": {"uv": [0, 0, 0.375, 1.6], "texture": "#0"},
				"south": {"uv": [0, 0, 0.5, 1.6], "texture": "#0"},
				"west": {"uv": [0, 0, 0.375, 1.6], "texture": "#0"},
				"up": {"uv": [0, 0, 0.5, 0.375], "texture": "#0"},
				"down": {"uv": [0, 0, 0.5, 0.375], "texture": "#0"}
			}
		},
		{
			"from": [4.26543, 13.41528, 7.8],
			"to": [4.76543, 14.91528, 8.175],
			"rotation": {"angle": -22.5, "axis": "z", "origin": [2.91543, 10.96528, 8]},
			"faces": {
				"north": {"uv": [0, 0, 0.5, 1.5], "texture": "#0"},
				"east": {"uv": [0, 0, 0.375, 1.5], "rotation": 180, "texture": "#0"},
				"south": {"uv": [0, 0, 0.5, 1.5], "texture": "#0"},
				"west": {"uv": [0, 0, 0.375, 1.5], "rotation": 180, "texture": "#0"},
				"up": {"uv": [0, 0, 0.5, 0.375], "rotation": 180, "texture": "#0"},
				"down": {"uv": [0, 0, 0.5, 0.375], "rotation": 180, "texture": "#0"}
			}
		},
		{
			"from": [10.34056, 14.02017, 7.825],
			"to": [10.84056, 15.72017, 8.15],
			"rotation": {"angle": 45, "axis": "z", "origin": [10.54056, 13.32017, 8]},
			"faces": {
				"north": {"uv": [0, 0, 0.5, 1.7], "texture": "#0"},
				"east": {"uv": [0, 0, 0.375, 1.7], "rotation": 180, "texture": "#0"},
				"south": {"uv": [0, 0, 0.5, 1.7], "texture": "#0"},
				"west": {"uv": [0, 0, 0.375, 1.7], "rotation": 180, "texture": "#0"},
				"up": {"uv": [0, 0, 0.5, 0.375], "rotation": 180, "texture": "#0"},
				"down": {"uv": [0, 0, 0.5, 0.375], "rotation": 180, "texture": "#0"}
			}
		},
		{
			"from": [11.41014, 12.11999, 7.8],
			"to": [11.91014, 13.61999, 8.175],
			"rotation": {"angle": 22.5, "axis": "z", "origin": [10.06014, 9.66999, 8]},
			"faces": {
				"north": {"uv": [0, 0, 0.5, 1.5], "texture": "#0"},
				"east": {"uv": [0, 0, 0.375, 1.5], "rotation": 180, "texture": "#0"},
				"south": {"uv": [0, 0, 0.5, 1.5], "texture": "#0"},
				"west": {"uv": [0, 0, 0.375, 1.5], "rotation": 180, "texture": "#0"},
				"up": {"uv": [0, 0, 0.5, 0.375], "rotation": 180, "texture": "#0"},
				"down": {"uv": [0, 0, 0.5, 0.375], "rotation": 180, "texture": "#0"}
			}
		},
		{
			"from": [7.2, 5, 7.2],
			"to": [8.7, 5.6, 8.775],
			"faces": {
				"north": {"uv": [0, 0, 1.5, 0.6], "texture": "#0"},
				"east": {"uv": [0, 0, 1.575, 0.6], "texture": "#0"},
				"south": {"uv": [0, 0, 1.5, 0.6], "texture": "#0"},
				"west": {"uv": [0, 0, 1.575, 0.6], "texture": "#0"},
				"up": {"uv": [0, 0, 1.5, 1.575], "texture": "#0"},
				"down": {"uv": [0, 0, 1.5, 1.575], "texture": "#0"}
			}
		},
		{
			"from": [7.2, 0, 7.2],
			"to": [8.7, 0.6, 8.775],
			"faces": {
				"north": {"uv": [0, 0, 1.5, 0.6], "texture": "#0"},
				"east": {"uv": [0, 0, 1.575, 0.6], "texture": "#0"},
				"south": {"uv": [0, 0, 1.5, 0.6], "texture": "#0"},
				"west": {"uv": [0, 0, 1.575, 0.6], "texture": "#0"},
				"up": {"uv": [0, 0, 1.5, 1.575], "texture": "#0"},
				"down": {"uv": [0, 0, 1.5, 1.575], "texture": "#0"}
			}
		},
		{
			"from": [7.10024, 8.71216, 8],
			"to": [7.20024, 14.81216, 8.075],
			"faces": {
				"north": {"uv": [0, 0, 0.1, 6.1], "texture": "#1"},
				"east": {"uv": [0, 0, 0.075, 6.1], "rotation": 180, "texture": "#1"},
				"south": {"uv": [0, 0, 0.1, 6.1], "texture": "#1"},
				"west": {"uv": [0, 0, 0.075, 6.1], "rotation": 180, "texture": "#1"},
				"up": {"uv": [0, 0, 0.1, 0.075], "rotation": 180, "texture": "#1"},
				"down": {"uv": [0, 0, 0.1, 0.075], "rotation": 180, "texture": "#1"}
			}
		},
		{
			"from": [7.50024, 8.71216, 8],
			"to": [7.60024, 14.81216, 8.075],
			"faces": {
				"north": {"uv": [0, 0, 0.1, 6.1], "texture": "#1"},
				"east": {"uv": [0, 0, 0.075, 6.1], "rotation": 180, "texture": "#1"},
				"south": {"uv": [0, 0, 0.1, 6.1], "texture": "#1"},
				"west": {"uv": [0, 0, 0.075, 6.1], "rotation": 180, "texture": "#1"},
				"up": {"uv": [0, 0, 0.1, 0.075], "rotation": 180, "texture": "#1"},
				"down": {"uv": [0, 0, 0.1, 0.075], "rotation": 180, "texture": "#1"}
			}
		},
		{
			"from": [7.90024, 8.71216, 8],
			"to": [8.00024, 14.81216, 8.075],
			"faces": {
				"north": {"uv": [0, 0, 0.1, 6.1], "texture": "#1"},
				"east": {"uv": [0, 0, 0.075, 6.1], "rotation": 180, "texture": "#1"},
				"south": {"uv": [0, 0, 0.1, 6.1], "texture": "#1"},
				"west": {"uv": [0, 0, 0.075, 6.1], "rotation": 180, "texture": "#1"},
				"up": {"uv": [0, 0, 0.1, 0.075], "rotation": 180, "texture": "#1"},
				"down": {"uv": [0, 0, 0.1, 0.075], "rotation": 180, "texture": "#1"}
			}
		},
		{
			"from": [8.30024, 8.71216, 8],
			"to": [8.40024, 14.81216, 8.075],
			"faces": {
				"north": {"uv": [0, 0, 0.1, 6.1], "texture": "#1"},
				"east": {"uv": [0, 0, 0.075, 6.1], "rotation": 180, "texture": "#1"},
				"south": {"uv": [0, 0, 0.1, 6.1], "texture": "#1"},
				"west": {"uv": [0, 0, 0.075, 6.1], "rotation": 180, "texture": "#1"},
				"up": {"uv": [0, 0, 0.1, 0.075], "rotation": 180, "texture": "#1"},
				"down": {"uv": [0, 0, 0.1, 0.075], "rotation": 180, "texture": "#1"}
			}
		},
		{
			"from": [8.70024, 8.71216, 8],
			"to": [8.80024, 14.81216, 8.075],
			"faces": {
				"north": {"uv": [0, 0, 0.1, 6.1], "texture": "#1"},
				"east": {"uv": [0, 0, 0.075, 6.1], "rotation": 180, "texture": "#1"},
				"south": {"uv": [0, 0, 0.1, 6.1], "texture": "#1"},
				"west": {"uv": [0, 0, 0.075, 6.1], "rotation": 180, "texture": "#1"},
				"up": {"uv": [0, 0, 0.1, 0.075], "rotation": 180, "texture": "#1"},
				"down": {"uv": [0, 0, 0.1, 0.075], "rotation": 180, "texture": "#1"}
			}
		},
		{
			"from": [9.10024, 8.71216, 8],
			"to": [9.20024, 14.81216, 8.075],
			"faces": {
				"north": {"uv": [0, 0, 0.1, 6.1], "texture": "#1"},
				"east": {"uv": [0, 0, 0.075, 6.1], "rotation": 180, "texture": "#1"},
				"south": {"uv": [0, 0, 0.1, 6.1], "texture": "#1"},
				"west": {"uv": [0, 0, 0.075, 6.1], "rotation": 180, "texture": "#1"},
				"up": {"uv": [0, 0, 0.1, 0.075], "rotation": 180, "texture": "#1"},
				"down": {"uv": [0, 0, 0.1, 0.075], "rotation": 180, "texture": "#1"}
			}
		},
		{
			"from": [6.30024, 8.91216, 8],
			"to": [6.40024, 14.71216, 8.075],
			"faces": {
				"north": {"uv": [0, 0, 0.1, 5.8], "texture": "#1"},
				"east": {"uv": [0, 0, 0.075, 5.8], "rotation": 180, "texture": "#1"},
				"south": {"uv": [0, 0, 0.1, 5.8], "texture": "#1"},
				"west": {"uv": [0, 0, 0.075, 5.8], "rotation": 180, "texture": "#1"},
				"up": {"uv": [0, 0, 0.1, 0.075], "rotation": 180, "texture": "#1"},
				"down": {"uv": [0, 0, 0.1, 0.075], "rotation": 180, "texture": "#1"}
			}
		},
		{
			"from": [6.70024, 8.71216, 8],
			"to": [6.80024, 14.81216, 8.075],
			"faces": {
				"north": {"uv": [0, 0, 0.1, 6.1], "texture": "#1"},
				"east": {"uv": [0, 0, 0.075, 6.1], "rotation": 180, "texture": "#1"},
				"south": {"uv": [0, 0, 0.1, 6.1], "texture": "#1"},
				"west": {"uv": [0, 0, 0.075, 6.1], "rotation": 180, "texture": "#1"},
				"up": {"uv": [0, 0, 0.1, 0.075], "rotation": 180, "texture": "#1"},
				"down": {"uv": [0, 0, 0.1, 0.075], "rotation": 180, "texture": "#1"}
			}
		},
		{
			"from": [9.50024, 8.91216, 8],
			"to": [9.60024, 14.61216, 8.075],
			"faces": {
				"north": {"uv": [0, 0, 0.1, 5.7], "texture": "#1"},
				"east": {"uv": [0, 0, 0.075, 5.7], "rotation": 180, "texture": "#1"},
				"south": {"uv": [0, 0, 0.1, 5.7], "texture": "#1"},
				"west": {"uv": [0, 0, 0.075, 5.7], "rotation": 180, "texture": "#1"},
				"up": {"uv": [0, 0, 0.1, 0.075], "rotation": 180, "texture": "#1"},
				"down": {"uv": [0, 0, 0.1, 0.075], "rotation": 180, "texture": "#1"}
			}
		},
		{
			"from": [9.90024, 9.51216, 8],
			"to": [10.00024, 13.91216, 8.075],
			"faces": {
				"north": {"uv": [0, 0, 0.1, 4.4], "texture": "#1"},
				"east": {"uv": [0, 0, 0.075, 4.4], "rotation": 180, "texture": "#1"},
				"south": {"uv": [0, 0, 0.1, 4.4], "texture": "#1"},
				"west": {"uv": [0, 0, 0.075, 4.4], "rotation": 180, "texture": "#1"},
				"up": {"uv": [0, 0, 0.1, 0.075], "rotation": 180, "texture": "#1"},
				"down": {"uv": [0, 0, 0.1, 0.075], "rotation": 180, "texture": "#1"}
			}
		},
		{
			"from": [5.90024, 9.51216, 8],
			"to": [6.00024, 13.91216, 8.075],
			"faces": {
				"north": {"uv": [0, 0, 0.1, 4.4], "texture": "#1"},
				"east": {"uv": [0, 0, 0.075, 4.4], "rotation": 180, "texture": "#1"},
				"south": {"uv": [0, 0, 0.1, 4.4], "texture": "#1"},
				"west": {"uv": [0, 0, 0.075, 4.4], "rotation": 180, "texture": "#1"},
				"up": {"uv": [0, 0, 0.1, 0.075], "rotation": 180, "texture": "#1"},
				"down": {"uv": [0, 0, 0.1, 0.075], "rotation": 180, "texture": "#1"}
			}
		},
		{
			"from": [6.70024, 14.41216, 8],
			"to": [9.20024, 14.51216, 8.075],
			"faces": {
				"north": {"uv": [0, 0, 2.5, 0.1], "texture": "#1"},
				"east": {"uv": [0, 0, 0.075, 0.1], "rotation": 180, "texture": "#1"},
				"south": {"uv": [0, 0, 2.5, 0.1], "texture": "#1"},
				"west": {"uv": [0, 0, 0.075, 0.1], "rotation": 180, "texture": "#1"},
				"up": {"uv": [0, 0, 2.5, 0.075], "rotation": 180, "texture": "#1"},
				"down": {"uv": [0, 0, 2.5, 0.075], "rotation": 180, "texture": "#1"}
			}
		},
		{
			"from": [6.30024, 14.01216, 8],
			"to": [9.60024, 14.11216, 8.075],
			"faces": {
				"north": {"uv": [0, 0, 3.3, 0.1], "texture": "#1"},
				"east": {"uv": [0, 0, 0.075, 0.1], "rotation": 180, "texture": "#1"},
				"south": {"uv": [0, 0, 3.3, 0.1], "texture": "#1"},
				"west": {"uv": [0, 0, 0.075, 0.1], "rotation": 180, "texture": "#1"},
				"up": {"uv": [0, 0, 3.3, 0.075], "rotation": 180, "texture": "#1"},
				"down": {"uv": [0, 0, 3.3, 0.075], "rotation": 180, "texture": "#1"}
			}
		},
		{
			"from": [5.90024, 13.61216, 8],
			"to": [10.10024, 13.71216, 8.075],
			"faces": {
				"north": {"uv": [0, 0, 4.2, 0.1], "texture": "#1"},
				"east": {"uv": [0, 0, 0.075, 0.1], "rotation": 180, "texture": "#1"},
				"south": {"uv": [0, 0, 4.2, 0.1], "texture": "#1"},
				"west": {"uv": [0, 0, 0.075, 0.1], "rotation": 180, "texture": "#1"},
				"up": {"uv": [0, 0, 4.2, 0.075], "rotation": 180, "texture": "#1"},
				"down": {"uv": [0, 0, 4.2, 0.075], "rotation": 180, "texture": "#1"}
			}
		},
		{
			"from": [5.80024, 13.21216, 8],
			"to": [10.20024, 13.31216, 8.075],
			"faces": {
				"north": {"uv": [0, 0, 4.4, 0.1], "texture": "#1"},
				"east": {"uv": [0, 0, 0.075, 0.1], "rotation": 180, "texture": "#1"},
				"south": {"uv": [0, 0, 4.4, 0.1], "texture": "#1"},
				"west": {"uv": [0, 0, 0.075, 0.1], "rotation": 180, "texture": "#1"},
				"up": {"uv": [0, 0, 4.4, 0.075], "rotation": 180, "texture": "#1"},
				"down": {"uv": [0, 0, 4.4, 0.075], "rotation": 180, "texture": "#1"}
			}
		},
		{
			"from": [5.60024, 12.81216, 8],
			"to": [10.30024, 12.91216, 8.075],
			"faces": {
				"north": {"uv": [0, 0, 4.7, 0.1], "texture": "#1"},
				"east": {"uv": [0, 0, 0.075, 0.1], "rotation": 180, "texture": "#1"},
				"south": {"uv": [0, 0, 4.7, 0.1], "texture": "#1"},
				"west": {"uv": [0, 0, 0.075, 0.1], "rotation": 180, "texture": "#1"},
				"up": {"uv": [0, 0, 4.7, 0.075], "rotation": 180, "texture": "#1"},
				"down": {"uv": [0, 0, 4.7, 0.075], "rotation": 180, "texture": "#1"}
			}
		},
		{
			"from": [5.50024, 12.41216, 8],
			"to": [10.40024, 12.51216, 8.075],
			"faces": {
				"north": {"uv": [0, 0, 4.9, 0.1], "texture": "#1"},
				"east": {"uv": [0, 0, 0.075, 0.1], "rotation": 180, "texture": "#1"},
				"south": {"uv": [0, 0, 4.9, 0.1], "texture": "#1"},
				"west": {"uv": [0, 0, 0.075, 0.1], "rotation": 180, "texture": "#1"},
				"up": {"uv": [0, 0, 4.9, 0.075], "rotation": 180, "texture": "#1"},
				"down": {"uv": [0, 0, 4.9, 0.075], "rotation": 180, "texture": "#1"}
			}
		},
		{
			"from": [5.50024, 12.01216, 8],
			"to": [10.40024, 12.11216, 8.075],
			"faces": {
				"north": {"uv": [0, 0, 4.9, 0.1], "texture": "#1"},
				"east": {"uv": [0, 0, 0.075, 0.1], "rotation": 180, "texture": "#1"},
				"south": {"uv": [0, 0, 4.9, 0.1], "texture": "#1"},
				"west": {"uv": [0, 0, 0.075, 0.1], "rotation": 180, "texture": "#1"},
				"up": {"uv": [0, 0, 4.9, 0.075], "rotation": 180, "texture": "#1"},
				"down": {"uv": [0, 0, 4.9, 0.075], "rotation": 180, "texture": "#1"}
			}
		},
		{
			"from": [5.50024, 11.61216, 8],
			"to": [10.40024, 11.71216, 8.075],
			"faces": {
				"north": {"uv": [0, 0, 4.9, 0.1], "texture": "#1"},
				"east": {"uv": [0, 0, 0.075, 0.1], "rotation": 180, "texture": "#1"},
				"south": {"uv": [0, 0, 4.9, 0.1], "texture": "#1"},
				"west": {"uv": [0, 0, 0.075, 0.1], "rotation": 180, "texture": "#1"},
				"up": {"uv": [0, 0, 4.9, 0.075], "rotation": 180, "texture": "#1"},
				"down": {"uv": [0, 0, 4.9, 0.075], "rotation": 180, "texture": "#1"}
			}
		},
		{
			"from": [5.50024, 11.21216, 8],
			"to": [10.40024, 11.31216, 8.075],
			"faces": {
				"north": {"uv": [0, 0, 4.9, 0.1], "texture": "#1"},
				"east": {"uv": [0, 0, 0.075, 0.1], "rotation": 180, "texture": "#1"},
				"south": {"uv": [0, 0, 4.9, 0.1], "texture": "#1"},
				"west": {"uv": [0, 0, 0.075, 0.1], "rotation": 180, "texture": "#1"},
				"up": {"uv": [0, 0, 4.9, 0.075], "rotation": 180, "texture": "#1"},
				"down": {"uv": [0, 0, 4.9, 0.075], "rotation": 180, "texture": "#1"}
			}
		},
		{
			"from": [5.60024, 10.81216, 8],
			"to": [10.30024, 10.91216, 8.075],
			"faces": {
				"north": {"uv": [0, 0, 4.7, 0.1], "texture": "#1"},
				"east": {"uv": [0, 0, 0.075, 0.1], "rotation": 180, "texture": "#1"},
				"south": {"uv": [0, 0, 4.7, 0.1], "texture": "#1"},
				"west": {"uv": [0, 0, 0.075, 0.1], "rotation": 180, "texture": "#1"},
				"up": {"uv": [0, 0, 4.7, 0.075], "rotation": 180, "texture": "#1"},
				"down": {"uv": [0, 0, 4.7, 0.075], "rotation": 180, "texture": "#1"}
			}
		},
		{
			"from": [5.90024, 10.01216, 8],
			"to": [10.10024, 10.11216, 8.075],
			"faces": {
				"north": {"uv": [0, 0, 4.2, 0.1], "texture": "#1"},
				"east": {"uv": [0, 0, 0.075, 0.1], "rotation": 180, "texture": "#1"},
				"south": {"uv": [0, 0, 4.2, 0.1], "texture": "#1"},
				"west": {"uv": [0, 0, 0.075, 0.1], "rotation": 180, "texture": "#1"},
				"up": {"uv": [0, 0, 4.2, 0.075], "rotation": 180, "texture": "#1"},
				"down": {"uv": [0, 0, 4.2, 0.075], "rotation": 180, "texture": "#1"}
			}
		},
		{
			"from": [5.80024, 10.41216, 8],
			"to": [10.20024, 10.51216, 8.075],
			"faces": {
				"north": {"uv": [0, 0, 4.4, 0.1], "texture": "#1"},
				"east": {"uv": [0, 0, 0.075, 0.1], "rotation": 180, "texture": "#1"},
				"south": {"uv": [0, 0, 4.4, 0.1], "texture": "#1"},
				"west": {"uv": [0, 0, 0.075, 0.1], "rotation": 180, "texture": "#1"},
				"up": {"uv": [0, 0, 4.4, 0.075], "rotation": 180, "texture": "#1"},
				"down": {"uv": [0, 0, 4.4, 0.075], "rotation": 180, "texture": "#1"}
			}
		},
		{
			"from": [6.70024, 8.81216, 8],
			"to": [9.20024, 8.91216, 8.075],
			"faces": {
				"north": {"uv": [0, 0, 2.5, 0.1], "texture": "#1"},
				"east": {"uv": [0, 0, 0.075, 0.1], "rotation": 180, "texture": "#1"},
				"south": {"uv": [0, 0, 2.5, 0.1], "texture": "#1"},
				"west": {"uv": [0, 0, 0.075, 0.1], "rotation": 180, "texture": "#1"},
				"up": {"uv": [0, 0, 2.5, 0.075], "rotation": 180, "texture": "#1"},
				"down": {"uv": [0, 0, 2.5, 0.075], "rotation": 180, "texture": "#1"}
			}
		},
		{
			"from": [6.30024, 9.21216, 8],
			"to": [9.60024, 9.31216, 8.075],
			"faces": {
				"north": {"uv": [0, 0, 3.3, 0.1], "texture": "#1"},
				"east": {"uv": [0, 0, 0.075, 0.1], "rotation": 180, "texture": "#1"},
				"south": {"uv": [0, 0, 3.3, 0.1], "texture": "#1"},
				"west": {"uv": [0, 0, 0.075, 0.1], "rotation": 180, "texture": "#1"},
				"up": {"uv": [0, 0, 3.3, 0.075], "rotation": 180, "texture": "#1"},
				"down": {"uv": [0, 0, 3.3, 0.075], "rotation": 180, "texture": "#1"}
			}
		},
		{
			"from": [5.90024, 9.61216, 8],
			"to": [10.10024, 9.71216, 8.075],
			"faces": {
				"north": {"uv": [0, 0, 4.2, 0.1], "texture": "#1"},
				"east": {"uv": [0, 0, 0.075, 0.1], "rotation": 180, "texture": "#1"},
				"south": {"uv": [0, 0, 4.2, 0.1], "texture": "#1"},
				"west": {"uv": [0, 0, 0.075, 0.1], "rotation": 180, "texture": "#1"},
				"up": {"uv": [0, 0, 4.2, 0.075], "rotation": 180, "texture": "#1"},
				"down": {"uv": [0, 0, 4.2, 0.075], "rotation": 180, "texture": "#1"}
			}
		},
		{
			"from": [7.3, 0.6, 7.5],
			"to": [8.6, 5.3, 8.475],
			"faces": {
				"north": {"uv": [0, 0, 4.974, 14.7], "texture": "#2"},
				"east": {"uv": [0, 0, 4.974, 14.7], "texture": "#2"},
				"south": {"uv": [0, 0, 4.974, 14.7], "texture": "#2"},
				"west": {"uv": [0, 0, 4.974, 14.7], "texture": "#2"},
				"up": {"uv": [0, 0, 1.3, 0.975], "texture": "#2"},
				"down": {"uv": [0, 0, 1.3, 0.975], "texture": "#2"}
			}
		},
		{
			"from": [7.5, 0.6, 7.3],
			"to": [8.375, 5.3, 8.675],
			"faces": {
				"north": {"uv": [0, 0, 4.974, 14.7], "texture": "#2"},
				"east": {"uv": [0, 0, 4.974, 14.7], "texture": "#2"},
				"south": {"uv": [0, 0, 4.974, 14.7], "texture": "#2"},
				"west": {"uv": [0, 0, 4.974, 14.7], "texture": "#2"},
				"up": {"uv": [0, 0, 0.875, 1.375], "texture": "#2"},
				"down": {"uv": [0, 0, 0.875, 1.375], "texture": "#2"}
			}
		},
		{
			"from": [7.4, 0.6, 7.4],
			"to": [8.475, 5.3, 8.575],
			"faces": {
				"north": {"uv": [0, 0, 4.974, 14.7], "texture": "#2"},
				"east": {"uv": [0, 0, 4.974, 14.7], "texture": "#2"},
				"south": {"uv": [0, 0, 4.974, 14.7], "texture": "#2"},
				"west": {"uv": [0, 0, 4.974, 14.7], "texture": "#2"},
				"up": {"uv": [0, 0, 1.075, 1.175], "texture": "#2"},
				"down": {"uv": [0, 0, 1.075, 1.175], "texture": "#2"}
			}
		}
	],
	"display": {
		"thirdperson_righthand": {
			"rotation": [0, -24, 0],
			"translation": [0, 3.5, 1.5],
			"scale": [1.08, 1.08, 1.08]
		},
		"thirdperson_lefthand": {
			"rotation": [0, -24, 0],
			"translation": [0, 3.5, 1.5],
			"scale": [1.08, 1.08, 1.08]
		},
		"firstperson_righthand": {
			"rotation": [0, 6, 0],
			"translation": [0, 4.75, 1.5],
			"scale": [1.08, 1.08, 1.08]
		},
		"firstperson_lefthand": {
			"rotation": [0, 6, 0],
			"translation": [0, 4.75, 1.5],
			"scale": [1.08, 1.08, 1.08]
		},
		"ground": {
			"rotation": [89, 3, 0],
			"translation": [-0.5, -2.5, 0],
			"scale": [0.6, 0.6, 0.6]
		},
		"gui": {
			"rotation": [35, -6, -37],
			"scale": [1.33, 1.33, 1.33]
		},
		"fixed": {
			"scale": [1.18, 1.18, 1.18]
		}
	},
	"groups": [
		{
			"name": "group",
			"children": [0, 1, 2, 3, 4, 5, 6, 7, 8, 9, 10, 11, 12, 13, 14, 15, 16, 17,
				{
					"name": "group",
					"children": [18, 19, 20, 21, 22, 23, 24, 25, 26, 27, 28, 29, 30, 31, 32, 33, 34, 35, 36, 37, 38, 39, 40, 41, 42, 43]
				}
			]
		},
		{
			"name": "group",
			"children": [44, 45, 46]
		}
	]
}