{
	"credit": "Made by DrVECKER",
	"textures": {
		"0": "hats/smartphone",
		"1": "hats/emodji/black_concrete",
		"2": "hats/emodji/blue_terracotta",
		"3": "hats/emodji/gray_concrete",
		"6": "hats/emodji/yellow_concrete",
		"particle": "hats/smartphone"
	},
	"elements": [
		{
			"from": [3.3, 2, 8],
			"to": [9.7, 14.6, 8.7],
			"faces": {
				"north": {"uv": [3.5, 0, 12.463, 14.788], "texture": "#0"},
				"east": {"uv": [0, 0, 0.7, 12.6], "texture": "#missing"},
				"south": {"uv": [0, 0, 6.4, 12.6], "texture": "#missing"},
				"west": {"uv": [0, 0, 0.7, 12.6], "texture": "#missing"},
				"up": {"uv": [0, 0, 6.4, 0.7], "texture": "#missing"},
				"down": {"uv": [0, 0, 6.4, 0.7], "texture": "#missing"}
			}
		},
		{
			"from": [2.5, 0.7, 7.9],
			"to": [3.3, 15.8, 8.7],
			"faces": {
				"north": {"uv": [0, 0, 0.8, 15.1], "texture": "#1"},
				"east": {"uv": [0, 0, 0.8, 15.1], "texture": "#1"},
				"south": {"uv": [0, 0, 0.8, 15.1], "texture": "#1"},
				"west": {"uv": [0, 0, 0.8, 15.1], "texture": "#1"},
				"up": {"uv": [0, 0, 0.8, 0.8], "texture": "#1"},
				"down": {"uv": [0, 0, 0.8, 0.8], "texture": "#1"}
			}
		},
		{
			"from": [3.3, 14.6, 7.9],
			"to": [9.7, 15.8, 8.7],
			"faces": {
				"north": {"uv": [0, 0, 6.4, 1.2], "texture": "#1"},
				"east": {"uv": [0, 0, 0.8, 1.2], "texture": "#1"},
				"south": {"uv": [0, 0, 6.4, 1.2], "texture": "#1"},
				"west": {"uv": [0, 0, 0.8, 1.2], "texture": "#1"},
				"up": {"uv": [0, 0, 6.4, 0.8], "texture": "#1"},
				"down": {"uv": [0, 0, 6.4, 0.8], "texture": "#1"}
			}
		},
		{
			"from": [9.7, 0.7, 7.9],
			"to": [10.5, 15.8, 8.7],
			"faces": {
				"north": {"uv": [0, 0, 0.8, 15.1], "texture": "#1"},
				"east": {"uv": [0, 0, 0.8, 15.1], "texture": "#1"},
				"south": {"uv": [0, 0, 0.8, 15.1], "texture": "#1"},
				"west": {"uv": [0, 0, 0.8, 15.1], "texture": "#1"},
				"up": {"uv": [0, 0, 0.8, 0.8], "texture": "#1"},
				"down": {"uv": [0, 0, 0.8, 0.8], "texture": "#1"}
			}
		},
		{
			"from": [3.3, 0.7, 7.9],
			"to": [9.7, 2, 8.7],
			"faces": {
				"north": {"uv": [0, 0, 6.4, 1.3], "texture": "#1"},
				"east": {"uv": [0, 0, 0.8, 1.3], "texture": "#1"},
				"south": {"uv": [0, 0, 6.4, 1.3], "texture": "#1"},
				"west": {"uv": [0, 0, 0.8, 1.3], "texture": "#1"},
				"up": {"uv": [0, 0, 6.4, 0.8], "texture": "#1"},
				"down": {"uv": [0, 0, 6.4, 0.8], "texture": "#1"}
			}
		},
		{
			"from": [2.5, 3.3, 8.8],
			"to": [10.5, 15.8, 9],
			"faces": {
				"north": {"uv": [0, 0, 8, 12.5], "texture": "#1"},
				"east": {"uv": [0, 0, 0.2, 12.5], "texture": "#1"},
				"south": {"uv": [0, 0, 8, 12.5], "texture": "#1"},
				"west": {"uv": [0, 0, 0.2, 12.5], "texture": "#1"},
				"up": {"uv": [0, 0, 8, 0.2], "texture": "#1"},
				"down": {"uv": [0, 0, 8, 0.2], "texture": "#1"}
			}
		},
		{
			"from": [2.5, 0.6, 8.8],
			"to": [10.5, 2.4, 9],
			"faces": {
				"north": {"uv": [0, 0, 8, 1.8], "texture": "#1"},
				"east": {"uv": [0, 0, 0.2, 1.8], "texture": "#1"},
				"south": {"uv": [0, 0, 8, 1.8], "texture": "#1"},
				"west": {"uv": [0, 0, 0.2, 1.8], "texture": "#1"},
				"up": {"uv": [0, 0, 8, 0.2], "texture": "#1"},
				"down": {"uv": [0, 0, 8, 0.2], "texture": "#1"}
			}
		},
		{
			"from": [2.5, 2.4, 8.8],
			"to": [7.5, 3.3, 9],
			"faces": {
				"north": {"uv": [0, 0, 5, 0.9], "texture": "#1"},
				"east": {"uv": [0, 0, 0.2, 0.9], "texture": "#1"},
				"south": {"uv": [0, 0, 5, 0.9], "texture": "#1"},
				"west": {"uv": [0, 0, 0.2, 0.9], "texture": "#1"},
				"up": {"uv": [0, 0, 5, 0.2], "texture": "#1"},
				"down": {"uv": [0, 0, 5, 0.2], "texture": "#1"}
			}
		},
		{
			"from": [9.5, 2.4, 8.8],
			"to": [10.5, 3.3, 9],
			"faces": {
				"north": {"uv": [0, 0, 1, 0.9], "texture": "#1"},
				"east": {"uv": [0, 0, 0.2, 0.9], "texture": "#1"},
				"south": {"uv": [0, 0, 1, 0.9], "texture": "#1"},
				"west": {"uv": [0, 0, 0.2, 0.9], "texture": "#1"},
				"up": {"uv": [0, 0, 1, 0.2], "texture": "#1"},
				"down": {"uv": [0, 0, 1, 0.2], "texture": "#1"}
			}
		},
		{
			"from": [7.5, 2.5, 8.8],
			"to": [9.5, 2.6, 9],
			"faces": {
				"north": {"uv": [0, 0, 2, 0.1], "texture": "#1"},
				"east": {"uv": [0, 0, 0.2, 0.1], "texture": "#1"},
				"south": {"uv": [0, 0, 2, 0.1], "texture": "#1"},
				"west": {"uv": [0, 0, 0.2, 0.1], "texture": "#1"},
				"up": {"uv": [0, 0, 2, 0.2], "texture": "#1"},
				"down": {"uv": [0, 0, 2, 0.2], "texture": "#1"}
			}
		},
		{
			"from": [7.5, 2.9, 8.8],
			"to": [9.5, 3, 9],
			"rotation": {"angle": 0, "axis": "y", "origin": [8, 8.4, 8]},
			"faces": {
				"north": {"uv": [0, 0, 2, 0.1], "texture": "#1"},
				"east": {"uv": [0, 0, 0.2, 0.1], "texture": "#1"},
				"south": {"uv": [0, 0, 2, 0.1], "texture": "#1"},
				"west": {"uv": [0, 0, 0.2, 0.1], "texture": "#1"},
				"up": {"uv": [0, 0, 2, 0.2], "texture": "#1"},
				"down": {"uv": [0, 0, 2, 0.2], "texture": "#1"}
			}
		},
		{
			"from": [7.5, 2.7, 8.8],
			"to": [9.5, 2.8, 9],
			"faces": {
				"north": {"uv": [0, 0, 2, 0.1], "texture": "#1"},
				"east": {"uv": [0, 0, 0.2, 0.1], "texture": "#1"},
				"south": {"uv": [0, 0, 2, 0.1], "texture": "#1"},
				"west": {"uv": [0, 0, 0.2, 0.1], "texture": "#1"},
				"up": {"uv": [0, 0, 2, 0.2], "texture": "#1"},
				"down": {"uv": [0, 0, 2, 0.2], "texture": "#1"}
			}
		},
		{
			"from": [7.5, 3.1, 8.8],
			"to": [9.5, 3.2, 9],
			"rotation": {"angle": 0, "axis": "y", "origin": [8, 8.4, 8]},
			"faces": {
				"north": {"uv": [0, 0, 2, 0.1], "texture": "#1"},
				"east": {"uv": [0, 0, 0.2, 0.1], "texture": "#1"},
				"south": {"uv": [0, 0, 2, 0.1], "texture": "#1"},
				"west": {"uv": [0, 0, 0.2, 0.1], "texture": "#1"},
				"up": {"uv": [0, 0, 2, 0.2], "texture": "#1"},
				"down": {"uv": [0, 0, 2, 0.2], "texture": "#1"}
			}
		},
		{
			"from": [2.5, 0.5, 8.1],
			"to": [10.5, 15.9, 8.8],
			"faces": {
				"north": {"uv": [0, 0, 8, 15.4], "texture": "#3"},
				"east": {"uv": [0, 0, 0.7, 15.4], "texture": "#3"},
				"south": {"uv": [0, 0, 8, 15.4], "texture": "#3"},
				"west": {"uv": [0, 0, 0.7, 15.4], "texture": "#3"},
				"up": {"uv": [0, 0, 8, 0.7], "texture": "#3"},
				"down": {"uv": [0, 0, 8, 0.7], "texture": "#3"}
			}
		},
		{
			"from": [2.4, 0.6, 8.1],
			"to": [10.6, 15.8, 8.8],
			"faces": {
				"north": {"uv": [0, 0, 8.2, 15.2], "texture": "#3"},
				"east": {"uv": [0, 0, 0.7, 15.2], "texture": "#3"},
				"south": {"uv": [0, 0, 8.2, 15.2], "texture": "#3"},
				"west": {"uv": [0, 0, 0.7, 15.2], "texture": "#3"},
				"up": {"uv": [0, 0, 8.2, 0.7], "texture": "#3"},
				"down": {"uv": [0, 0, 8.2, 0.7], "texture": "#3"}
			}
		},
		{
			"from": [6, 0.9, 7.8],
			"to": [7, 1.8, 8],
			"faces": {
				"north": {"uv": [0, 0, 1, 0.9], "texture": "#3"},
				"east": {"uv": [0, 0, 0.2, 0.9], "texture": "#3"},
				"south": {"uv": [0, 0, 1, 0.9], "texture": "#3"},
				"west": {"uv": [0, 0, 0.2, 0.9], "texture": "#3"},
				"up": {"uv": [0, 0, 1, 0.2], "texture": "#3"},
				"down": {"uv": [0, 0, 1, 0.2], "texture": "#3"}
			}
		},
		{
			"from": [3, 12.6, 8.4],
			"to": [4.2, 15.5, 9.1],
			"rotation": {"angle": 0, "axis": "y", "origin": [8, 8.7, 8]},
			"faces": {
				"north": {"uv": [0, 0, 1.2, 2.9], "texture": "#3"},
				"east": {"uv": [0, 0, 0.7, 2.9], "texture": "#3"},
				"south": {"uv": [0, 0, 1.2, 2.9], "texture": "#3"},
				"west": {"uv": [0, 0, 0.7, 2.9], "texture": "#3"},
				"up": {"uv": [0, 0, 1.2, 0.7], "texture": "#3"},
				"down": {"uv": [0, 0, 1.2, 0.7], "texture": "#3"}
			}
		},
		{
			"from": [3.2, 14.5, 8.5],
			"to": [4, 15.3, 9.2],
			"rotation": {"angle": 0, "axis": "y", "origin": [8, 8.7, 8]},
			"faces": {
				"north": {"uv": [0, 0, 0.8, 0.8], "texture": "#2"},
				"east": {"uv": [0, 0, 0.7, 0.8], "texture": "#2"},
				"south": {"uv": [0, 0, 0.8, 0.8], "texture": "#2"},
				"west": {"uv": [0, 0, 0.7, 0.8], "texture": "#2"},
				"up": {"uv": [0, 0, 0.8, 0.7], "texture": "#2"},
				"down": {"uv": [0, 0, 0.8, 0.7], "texture": "#2"}
			}
		},
		{
			"from": [3.2, 12.9, 8.5],
			"to": [4, 13.7, 9.2],
			"rotation": {"angle": 0, "axis": "y", "origin": [8, 8.7, 8]},
			"faces": {
				"north": {"uv": [0, 0, 0.8, 0.8], "texture": "#2"},
				"east": {"uv": [0, 0, 0.7, 0.8], "texture": "#2"},
				"south": {"uv": [0, 0, 0.8, 0.8], "texture": "#2"},
				"west": {"uv": [0, 0, 0.7, 0.8], "texture": "#2"},
				"up": {"uv": [0, 0, 0.8, 0.7], "texture": "#2"},
				"down": {"uv": [0, 0, 0.8, 0.7], "texture": "#2"}
			}
		},
		{
			"from": [3.5, 14.8, 7.8],
			"to": [3.8, 15.1, 8.2],
			"faces": {
				"north": {"uv": [0, 0, 0.3, 0.3], "texture": "#2"},
				"east": {"uv": [0, 0, 0.4, 0.3], "texture": "#2"},
				"south": {"uv": [0, 0, 0.3, 0.3], "texture": "#2"},
				"west": {"uv": [0, 0, 0.4, 0.3], "texture": "#2"},
				"up": {"uv": [0, 0, 0.3, 0.4], "texture": "#2"},
				"down": {"uv": [0, 0, 0.3, 0.4], "texture": "#2"}
			}
		},
		{
			"from": [4, 14.8, 7.8],
			"to": [4.3, 15.1, 8.2],
			"faces": {
				"north": {"uv": [0, 0, 0.3, 0.3], "texture": "#2"},
				"east": {"uv": [0, 0, 0.4, 0.3], "texture": "#2"},
				"south": {"uv": [0, 0, 0.3, 0.3], "texture": "#2"},
				"west": {"uv": [0, 0, 0.4, 0.3], "texture": "#2"},
				"up": {"uv": [0, 0, 0.3, 0.4], "texture": "#2"},
				"down": {"uv": [0, 0, 0.3, 0.4], "texture": "#2"}
			}
		},
		{
			"from": [6.2, 10.4, 8.7],
			"to": [6.6, 10.5, 9.1],
			"rotation": {"angle": 0, "axis": "y", "origin": [14.3, 15.4, 4.1]},
			"faces": {
				"north": {"uv": [0, 0, 0.4, 0.1], "texture": "#6"},
				"east": {"uv": [0, 0, 0.4, 0.1], "texture": "#6"},
				"south": {"uv": [0, 0, 0.4, 0.1], "texture": "#6"},
				"west": {"uv": [0, 0, 0.4, 0.1], "texture": "#6"},
				"up": {"uv": [0, 0, 0.4, 0.4], "texture": "#6"},
				"down": {"uv": [0, 0, 0.4, 0.4], "texture": "#6"}
			}
		},
		{
			"from": [6.3, 10.6, 8.7],
			"to": [6.6, 10.7, 9.1],
			"rotation": {"angle": 0, "axis": "y", "origin": [14.3, 15.4, 4.1]},
			"faces": {
				"north": {"uv": [0, 0, 0.3, 0.1], "texture": "#6"},
				"east": {"uv": [0, 0, 0.4, 0.1], "texture": "#6"},
				"south": {"uv": [0, 0, 0.3, 0.1], "texture": "#6"},
				"west": {"uv": [0, 0, 0.4, 0.1], "texture": "#6"},
				"up": {"uv": [0, 0, 0.3, 0.4], "texture": "#6"},
				"down": {"uv": [0, 0, 0.3, 0.4], "texture": "#6"}
			}
		},
		{
			"from": [6.9, 10.6, 8.7],
			"to": [7.2, 10.7, 9.1],
			"rotation": {"angle": 0, "axis": "y", "origin": [14.9, 15.4, 4.1]},
			"faces": {
				"north": {"uv": [0, 0, 0.3, 0.1], "texture": "#6"},
				"east": {"uv": [0, 0, 0.4, 0.1], "texture": "#6"},
				"south": {"uv": [0, 0, 0.3, 0.1], "texture": "#6"},
				"west": {"uv": [0, 0, 0.4, 0.1], "texture": "#6"},
				"up": {"uv": [0, 0, 0.3, 0.4], "texture": "#6"},
				"down": {"uv": [0, 0, 0.3, 0.4], "texture": "#6"}
			}
		},
		{
			"from": [6.3, 10.8, 8.7],
			"to": [6.7, 10.9, 9.1],
			"rotation": {"angle": 0, "axis": "y", "origin": [14.3, 15.4, 4.1]},
			"faces": {
				"north": {"uv": [0, 0, 0.4, 0.1], "texture": "#6"},
				"east": {"uv": [0, 0, 0.4, 0.1], "texture": "#6"},
				"south": {"uv": [0, 0, 0.4, 0.1], "texture": "#6"},
				"west": {"uv": [0, 0, 0.4, 0.1], "texture": "#6"},
				"up": {"uv": [0, 0, 0.4, 0.4], "texture": "#6"},
				"down": {"uv": [0, 0, 0.4, 0.4], "texture": "#6"}
			}
		},
		{
			"from": [6.9, 10.8, 8.7],
			"to": [7.2, 10.9, 9.1],
			"rotation": {"angle": 0, "axis": "y", "origin": [14.9, 15.4, 4.1]},
			"faces": {
				"north": {"uv": [0, 0, 0.3, 0.1], "texture": "#6"},
				"east": {"uv": [0, 0, 0.4, 0.1], "texture": "#6"},
				"south": {"uv": [0, 0, 0.3, 0.1], "texture": "#6"},
				"west": {"uv": [0, 0, 0.4, 0.1], "texture": "#6"},
				"up": {"uv": [0, 0, 0.3, 0.4], "texture": "#6"},
				"down": {"uv": [0, 0, 0.3, 0.4], "texture": "#6"}
			}
		},
		{
			"from": [6.8, 10.4, 8.7],
			"to": [6.9, 10.9, 9.1],
			"rotation": {"angle": 0, "axis": "y", "origin": [14.3, 15.4, 4.1]},
			"faces": {
				"north": {"uv": [0, 0, 0.1, 0.5], "texture": "#6"},
				"east": {"uv": [0, 0, 0.4, 0.5], "texture": "#6"},
				"south": {"uv": [0, 0, 0.1, 0.5], "texture": "#6"},
				"west": {"uv": [0, 0, 0.4, 0.5], "texture": "#6"},
				"up": {"uv": [0, 0, 0.1, 0.4], "texture": "#6"},
				"down": {"uv": [0, 0, 0.1, 0.4], "texture": "#6"}
			}
		},
		{
			"from": [6.2, 10.7, 8.7],
			"to": [6.3, 10.8, 9.1],
			"rotation": {"angle": 0, "axis": "y", "origin": [14.3, 15.4, 4.1]},
			"faces": {
				"north": {"uv": [0, 0, 0.1, 0.1], "texture": "#6"},
				"east": {"uv": [0, 0, 0.4, 0.1], "texture": "#6"},
				"south": {"uv": [0, 0, 0.1, 0.1], "texture": "#6"},
				"west": {"uv": [0, 0, 0.4, 0.1], "texture": "#6"},
				"up": {"uv": [0, 0, 0.1, 0.4], "texture": "#6"},
				"down": {"uv": [0, 0, 0.1, 0.4], "texture": "#6"}
			}
		},
		{
			"from": [7.2, 10.7, 8.7],
			"to": [7.3, 10.8, 9.1],
			"rotation": {"angle": 0, "axis": "y", "origin": [14.3, 15.4, 4.1]},
			"faces": {
				"north": {"uv": [0, 0, 0.1, 0.1], "texture": "#6"},
				"east": {"uv": [0, 0, 0.4, 0.1], "texture": "#6"},
				"south": {"uv": [0, 0, 0.1, 0.1], "texture": "#6"},
				"west": {"uv": [0, 0, 0.4, 0.1], "texture": "#6"},
				"up": {"uv": [0, 0, 0.1, 0.4], "texture": "#6"},
				"down": {"uv": [0, 0, 0.1, 0.4], "texture": "#6"}
			}
		},
		{
			"from": [6.6, 10.5, 8.7],
			"to": [6.7, 10.6, 9.1],
			"rotation": {"angle": 0, "axis": "y", "origin": [14.3, 15.4, 4.1]},
			"faces": {
				"north": {"uv": [0, 0, 0.1, 0.1], "texture": "#6"},
				"east": {"uv": [0, 0, 0.4, 0.1], "texture": "#6"},
				"south": {"uv": [0, 0, 0.1, 0.1], "texture": "#6"},
				"west": {"uv": [0, 0, 0.4, 0.1], "texture": "#6"},
				"up": {"uv": [0, 0, 0.1, 0.4], "texture": "#6"},
				"down": {"uv": [0, 0, 0.1, 0.4], "texture": "#6"}
			}
		}
	],
	"display": {
		"thirdperson_righthand": {
			"rotation": [0, 154, 0],
			"translation": [-2.5, 0, -0.25],
			"scale": [0.34, 0.34, 0.34]
		},
		"thirdperson_lefthand": {
			"rotation": [0, 154, 0],
			"translation": [-2, 0, -0.25],
			"scale": [0.34, 0.34, 0.34]
		},
		"firstperson_righthand": {
			"rotation": [0, 154, 0],
			"translation": [0, 3.25, -0.25],
			"scale": [0.54, 0.54, 0.54]
		},
		"firstperson_lefthand": {
			"rotation": [0, 154, 0],
			"translation": [2.25, 3.25, -0.25],
			"scale": [0.54, 0.54, 0.54]
		},
		"ground": {
			"rotation": [90, 0, 0],
			"translation": [0, -1.75, 0],
			"scale": [0.39, 0.39, 0.39]
		},
		"gui": {
			"rotation": [-23, 156, 8],
			"translation": [-1.25, 0, 0],
			"scale": [0.97, 0.97, 0.97]
		},
		"fixed": {
			"rotation": [-6, 0, 0],
			"translation": [1.75, -0.25, -1.25]
		}
	},
	"groups": [0,
		{
			"name": "group",
			"origin": [8, 8, 8],
			"children": [1, 2, 3, 4, 5, 6, 7, 8, 9, 10, 11, 12]
		},
		{
			"name": "group",
			"origin": [8, 8, 8],
			"children": [13, 14, 15, 16]
		},
		{
			"name": "group",
			"origin": [8, 8, 8],
			"children": [17, 18, 19, 20]
		},
		{
			"name": "group",
			"origin": [8, 8, 8],
			"children": [21, 22, 23, 24, 25, 26, 27, 28, 29]
		}
	]
}