{
	"credit": "Made by DrVECKER",
	"textures": {
		"3": "hats/emodji/lime_concrete",
		"4": "hats/emodji/red_concrete",
		"5": "hats/emodji/cyan_concrete",
		"6": "hats/emodji/white_concrete1",
		"8": "hats/emodji/brown_wool",
		"9": "hats/emodji/pink_concrete",
		"10": "hats/emodji/white_concrete",
		"11": "hats/emodji/yellow_concrete",
		"12": "hats/emodji/gray_concrete",
		"13": "hats/pic/stone_andesite_smooth",
		"14": "hats/emodji/light_white",
		"particle": "hats/emodji/blue_concrete"
	},
	"elements": [
		{
			"from": [0, 0, 0],
			"to": [16, 1.05, 16],
			"faces": {
				"north": {"uv": [0, 0, 16, 1], "rotation": 180, "texture": "#13"},
				"east": {"uv": [15, 0, 16, 16], "rotation": 90, "texture": "#13"},
				"south": {"uv": [0, 15, 16, 16], "texture": "#13"},
				"west": {"uv": [0, 0, 1, 16], "rotation": 270, "texture": "#13"},
				"up": {"uv": [0, 0, 16, 16], "texture": "#13"},
				"down": {"uv": [0, 0, 16, 13], "texture": "#13"}
			}
		},
		{
			"from": [0, 1, 2],
			"to": [1, 7, 13],
			"faces": {
				"north": {"uv": [0, 0, 1, 6], "texture": "#10"},
				"east": {"uv": [0, 0, 11, 6], "texture": "#10"},
				"south": {"uv": [0, 0, 1, 6], "texture": "#10"},
				"west": {"uv": [0, 0, 11, 6], "texture": "#10"},
				"up": {"uv": [0, 0, 1, 11], "texture": "#10"},
				"down": {"uv": [0, 0, 1, 11], "texture": "#10"}
			}
		},
		{
			"from": [0, 7, 2],
			"to": [1, 8, 12],
			"rotation": {"angle": 0, "axis": "y", "origin": [8, 14, 8]},
			"faces": {
				"north": {"uv": [0, 0, 1, 1], "texture": "#10"},
				"east": {"uv": [0, 0, 10, 1], "texture": "#10"},
				"south": {"uv": [0, 0, 1, 1], "texture": "#10"},
				"west": {"uv": [0, 0, 10, 1], "texture": "#10"},
				"up": {"uv": [0, 0, 1, 10], "texture": "#10"},
				"down": {"uv": [0, 0, 1, 10], "texture": "#10"}
			}
		},
		{
			"from": [0, 8, 2],
			"to": [1, 9, 11],
			"rotation": {"angle": 0, "axis": "y", "origin": [8, 15, 8]},
			"faces": {
				"north": {"uv": [0, 0, 1, 1], "texture": "#10"},
				"east": {"uv": [0, 0, 9, 1], "texture": "#10"},
				"south": {"uv": [0, 0, 1, 1], "texture": "#10"},
				"west": {"uv": [0, 0, 9, 1], "texture": "#10"},
				"up": {"uv": [0, 0, 1, 9], "texture": "#10"},
				"down": {"uv": [0, 0, 1, 9], "texture": "#10"}
			}
		},
		{
			"from": [0, 9, 2],
			"to": [1, 10, 10],
			"rotation": {"angle": 0, "axis": "y", "origin": [8, 16, 8]},
			"faces": {
				"north": {"uv": [0, 0, 1, 1], "texture": "#10"},
				"east": {"uv": [0, 0, 8, 1], "texture": "#10"},
				"south": {"uv": [0, 0, 1, 1], "texture": "#10"},
				"west": {"uv": [0, 0, 8, 1], "texture": "#10"},
				"up": {"uv": [0, 0, 1, 8], "texture": "#10"},
				"down": {"uv": [0, 0, 1, 8], "texture": "#10"}
			}
		},
		{
			"from": [0, 10, 2],
			"to": [1, 11, 9],
			"rotation": {"angle": 0, "axis": "y", "origin": [8, 17, 8]},
			"faces": {
				"north": {"uv": [0, 0, 1, 1], "texture": "#10"},
				"east": {"uv": [0, 0, 7, 1], "texture": "#10"},
				"south": {"uv": [0, 0, 1, 1], "texture": "#10"},
				"west": {"uv": [0, 0, 7, 1], "texture": "#10"},
				"up": {"uv": [0, 0, 1, 7], "texture": "#10"},
				"down": {"uv": [0, 0, 1, 7], "texture": "#10"}
			}
		},
		{
			"from": [0, 11, 2],
			"to": [1, 12, 8],
			"rotation": {"angle": 0, "axis": "y", "origin": [8, 18, 8]},
			"faces": {
				"north": {"uv": [0, 0, 1, 1], "texture": "#10"},
				"east": {"uv": [0, 0, 6, 1], "texture": "#10"},
				"south": {"uv": [0, 0, 1, 1], "texture": "#10"},
				"west": {"uv": [0, 0, 6, 1], "texture": "#10"},
				"up": {"uv": [0, 0, 1, 6], "texture": "#10"},
				"down": {"uv": [0, 0, 1, 6], "texture": "#10"}
			}
		},
		{
			"from": [0, 9.02513, 6.76777],
			"to": [1, 10.02513, 13.86777],
			"rotation": {"angle": 45, "axis": "x", "origin": [8, 9.52513, 9.76777]},
			"faces": {
				"north": {"uv": [0, 0, 1, 1], "texture": "#10"},
				"east": {"uv": [0, 0, 7.1, 1], "texture": "#10"},
				"south": {"uv": [0, 0, 1, 1], "texture": "#10"},
				"west": {"uv": [0, 0, 7.1, 1], "texture": "#10"},
				"up": {"uv": [0, 0, 1, 7.1], "texture": "#10"},
				"down": {"uv": [0, 0, 1, 7.1], "texture": "#10"}
			}
		},
		{
			"from": [15, 1, 2],
			"to": [16, 7, 13],
			"faces": {
				"north": {"uv": [0, 0, 1, 6], "texture": "#10"},
				"east": {"uv": [0, 0, 11, 6], "texture": "#10"},
				"south": {"uv": [0, 0, 1, 6], "texture": "#10"},
				"west": {"uv": [0, 0, 11, 6], "texture": "#10"},
				"up": {"uv": [0, 0, 1, 11], "texture": "#10"},
				"down": {"uv": [0, 0, 1, 11], "texture": "#10"}
			}
		},
		{
			"from": [15, 7, 2],
			"to": [16, 8, 12],
			"rotation": {"angle": 0, "axis": "y", "origin": [8, 14, 8]},
			"faces": {
				"north": {"uv": [0, 0, 1, 1], "texture": "#10"},
				"east": {"uv": [0, 0, 10, 1], "texture": "#10"},
				"south": {"uv": [0, 0, 1, 1], "texture": "#10"},
				"west": {"uv": [0, 0, 10, 1], "texture": "#10"},
				"up": {"uv": [0, 0, 1, 10], "texture": "#10"},
				"down": {"uv": [0, 0, 1, 10], "texture": "#10"}
			}
		},
		{
			"from": [15, 8, 2],
			"to": [16, 9, 11],
			"rotation": {"angle": 0, "axis": "y", "origin": [8, 15, 8]},
			"faces": {
				"north": {"uv": [0, 0, 1, 1], "texture": "#10"},
				"east": {"uv": [0, 0, 9, 1], "texture": "#10"},
				"south": {"uv": [0, 0, 1, 1], "texture": "#10"},
				"west": {"uv": [0, 0, 9, 1], "texture": "#10"},
				"up": {"uv": [0, 0, 1, 9], "texture": "#10"},
				"down": {"uv": [0, 0, 1, 9], "texture": "#10"}
			}
		},
		{
			"from": [15, 9, 2],
			"to": [16, 10, 10],
			"rotation": {"angle": 0, "axis": "y", "origin": [8, 16, 8]},
			"faces": {
				"north": {"uv": [0, 0, 1, 1], "texture": "#10"},
				"east": {"uv": [0, 0, 8, 1], "texture": "#10"},
				"south": {"uv": [0, 0, 1, 1], "texture": "#10"},
				"west": {"uv": [0, 0, 8, 1], "texture": "#10"},
				"up": {"uv": [0, 0, 1, 8], "texture": "#10"},
				"down": {"uv": [0, 0, 1, 8], "texture": "#10"}
			}
		},
		{
			"from": [15, 9.02513, 6.76777],
			"to": [16, 10.02513, 13.86777],
			"rotation": {"angle": 45, "axis": "x", "origin": [8, 9.52513, 9.76777]},
			"faces": {
				"north": {"uv": [0, 0, 1, 1], "texture": "#10"},
				"east": {"uv": [0, 0, 7.1, 1], "texture": "#10"},
				"south": {"uv": [0, 0, 1, 1], "texture": "#10"},
				"west": {"uv": [0, 0, 7.1, 1], "texture": "#10"},
				"up": {"uv": [0, 0, 1, 7.1], "texture": "#10"},
				"down": {"uv": [0, 0, 1, 7.1], "texture": "#10"}
			}
		},
		{
			"from": [15, 10, 2],
			"to": [16, 11, 9],
			"rotation": {"angle": 0, "axis": "y", "origin": [8, 17, 8]},
			"faces": {
				"north": {"uv": [0, 0, 1, 1], "texture": "#10"},
				"east": {"uv": [0, 0, 7, 1], "texture": "#10"},
				"south": {"uv": [0, 0, 1, 1], "texture": "#10"},
				"west": {"uv": [0, 0, 7, 1], "texture": "#10"},
				"up": {"uv": [0, 0, 1, 7], "texture": "#10"},
				"down": {"uv": [0, 0, 1, 7], "texture": "#10"}
			}
		},
		{
			"from": [15, 11, 2],
			"to": [16, 12, 8],
			"rotation": {"angle": 0, "axis": "y", "origin": [8, 18, 8]},
			"faces": {
				"north": {"uv": [0, 0, 1, 1], "texture": "#10"},
				"east": {"uv": [0, 0, 6, 1], "texture": "#10"},
				"south": {"uv": [0, 0, 1, 1], "texture": "#10"},
				"west": {"uv": [0, 0, 6, 1], "texture": "#10"},
				"up": {"uv": [0, 0, 1, 6], "texture": "#10"},
				"down": {"uv": [0, 0, 1, 6], "texture": "#10"}
			}
		},
		{
			"from": [2.3, 5, 4.3],
			"to": [3.7, 8.3, 5.7],
			"rotation": {"angle": 0, "axis": "y", "origin": [10, -1, 12]},
			"faces": {
				"north": {"uv": [0, 0, 1.4, 5.3], "texture": "#3"},
				"east": {"uv": [0, 0, 1.4, 5.3], "texture": "#3"},
				"south": {"uv": [0, 0, 1.4, 5.3], "texture": "#3"},
				"west": {"uv": [0, 0, 1.4, 5.3], "texture": "#3"},
				"up": {"uv": [0, 0, 1.4, 1.4], "texture": "#3"},
				"down": {"uv": [0, 0, 1.4, 1.4], "texture": "#3"}
			}
		},
		{
			"from": [2.3, 11.7, 4.3],
			"to": [3.7, 12.3, 5.7],
			"rotation": {"angle": 0, "axis": "y", "origin": [10, -1, 12]},
			"faces": {
				"north": {"uv": [0, 0, 1.4, 0.6], "texture": "#8"},
				"east": {"uv": [0, 0, 1.4, 0.6], "texture": "#8"},
				"south": {"uv": [0, 0, 1.4, 0.6], "texture": "#8"},
				"west": {"uv": [0, 0, 1.4, 0.6], "texture": "#8"},
				"up": {"uv": [0, 0, 1.4, 1.4], "texture": "#8"},
				"down": {"uv": [0, 0, 1.4, 1.4], "texture": "#8"}
			}
		},
		{
			"from": [2, 5, 4],
			"to": [2.3, 12, 6],
			"rotation": {"angle": 0, "axis": "y", "origin": [10, -1, 12]},
			"faces": {
				"north": {"uv": [0, 0, 0.3, 7], "texture": "#6"},
				"east": {"uv": [0, 0, 2, 7], "texture": "#6"},
				"south": {"uv": [0, 0, 0.3, 7], "texture": "#6"},
				"west": {"uv": [0, 0, 2, 7], "texture": "#6"},
				"up": {"uv": [0, 0, 0.3, 2], "texture": "#6"},
				"down": {"uv": [0, 0, 0.3, 2], "texture": "#6"}
			}
		},
		{
			"from": [3.7, 5, 4],
			"to": [4, 12, 6],
			"rotation": {"angle": 0, "axis": "y", "origin": [10, -1, 12]},
			"faces": {
				"north": {"uv": [0, 0, 0.3, 7], "texture": "#6"},
				"east": {"uv": [0, 0, 2, 7], "texture": "#6"},
				"south": {"uv": [0, 0, 0.3, 7], "texture": "#6"},
				"west": {"uv": [0, 0, 2, 7], "texture": "#6"},
				"up": {"uv": [0, 0, 0.3, 2], "texture": "#6"},
				"down": {"uv": [0, 0, 0.3, 2], "texture": "#6"}
			}
		},
		{
			"from": [2.3, 5, 5.7],
			"to": [3.7, 12, 6],
			"rotation": {"angle": 0, "axis": "y", "origin": [10, -1, 12]},
			"faces": {
				"north": {"uv": [0, 0, 1.4, 7], "texture": "#6"},
				"east": {"uv": [0, 0, 0.3, 7], "texture": "#6"},
				"south": {"uv": [0, 0, 1.4, 7], "texture": "#6"},
				"west": {"uv": [0, 0, 0.3, 7], "texture": "#6"},
				"up": {"uv": [0, 0, 1.4, 0.3], "texture": "#6"},
				"down": {"uv": [0, 0, 1.4, 0.3], "texture": "#6"}
			}
		},
		{
			"from": [2.3, 5, 4],
			"to": [3.7, 12, 4.3],
			"rotation": {"angle": 0, "axis": "y", "origin": [10, -1, 12]},
			"faces": {
				"north": {"uv": [0, 0, 1.4, 7], "texture": "#6"},
				"east": {"uv": [0, 0, 0.3, 7], "texture": "#6"},
				"south": {"uv": [0, 0, 1.4, 7], "texture": "#6"},
				"west": {"uv": [0, 0, 0.3, 7], "texture": "#6"},
				"up": {"uv": [0, 0, 1.4, 0.3], "texture": "#6"},
				"down": {"uv": [0, 0, 1.4, 0.3], "texture": "#6"}
			}
		},
		{
			"from": [2.3, 4.7, 4.3],
			"to": [3.7, 5, 5.7],
			"rotation": {"angle": 0, "axis": "y", "origin": [10, -1, 12]},
			"faces": {
				"north": {"uv": [0, 0, 1.4, 0.3], "texture": "#6"},
				"east": {"uv": [0, 0, 1.4, 0.3], "texture": "#6"},
				"south": {"uv": [0, 0, 1.4, 0.3], "texture": "#6"},
				"west": {"uv": [0, 0, 1.4, 0.3], "texture": "#6"},
				"up": {"uv": [0, 0, 1.4, 1.4], "texture": "#6"},
				"down": {"uv": [0, 0, 1.4, 1.4], "texture": "#6"}
			}
		},
		{
			"from": [5.3, 5, 4.3],
			"to": [6.7, 10.3, 5.7],
			"rotation": {"angle": 0, "axis": "y", "origin": [13, -1, 12]},
			"faces": {
				"north": {"uv": [0, 0, 1.4, 5.3], "texture": "#particle"},
				"east": {"uv": [0, 0, 1.4, 5.3], "texture": "#particle"},
				"south": {"uv": [0, 0, 1.4, 5.3], "texture": "#particle"},
				"west": {"uv": [0, 0, 1.4, 5.3], "texture": "#particle"},
				"up": {"uv": [0, 0, 1.4, 1.4], "texture": "#particle"},
				"down": {"uv": [0, 0, 1.4, 1.4], "texture": "#particle"}
			}
		},
		{
			"from": [5.3, 11.7, 4.3],
			"to": [6.7, 12.3, 5.7],
			"rotation": {"angle": 0, "axis": "y", "origin": [13, -1, 12]},
			"faces": {
				"north": {"uv": [0, 0, 1.4, 0.6], "texture": "#8"},
				"east": {"uv": [0, 0, 1.4, 0.6], "texture": "#8"},
				"south": {"uv": [0, 0, 1.4, 0.6], "texture": "#8"},
				"west": {"uv": [0, 0, 1.4, 0.6], "texture": "#8"},
				"up": {"uv": [0, 0, 1.4, 1.4], "texture": "#8"},
				"down": {"uv": [0, 0, 1.4, 1.4], "texture": "#8"}
			}
		},
		{
			"from": [5, 5, 4],
			"to": [5.3, 12, 6],
			"rotation": {"angle": 0, "axis": "y", "origin": [13, -1, 12]},
			"faces": {
				"north": {"uv": [0, 0, 0.3, 7], "texture": "#6"},
				"east": {"uv": [0, 0, 2, 7], "texture": "#6"},
				"south": {"uv": [0, 0, 0.3, 7], "texture": "#6"},
				"west": {"uv": [0, 0, 2, 7], "texture": "#6"},
				"up": {"uv": [0, 0, 0.3, 2], "texture": "#6"},
				"down": {"uv": [0, 0, 0.3, 2], "texture": "#6"}
			}
		},
		{
			"from": [6.7, 5, 4],
			"to": [7, 12, 6],
			"rotation": {"angle": 0, "axis": "y", "origin": [13, -1, 12]},
			"faces": {
				"north": {"uv": [0, 0, 0.3, 7], "texture": "#6"},
				"east": {"uv": [0, 0, 2, 7], "texture": "#6"},
				"south": {"uv": [0, 0, 0.3, 7], "texture": "#6"},
				"west": {"uv": [0, 0, 2, 7], "texture": "#6"},
				"up": {"uv": [0, 0, 0.3, 2], "texture": "#6"},
				"down": {"uv": [0, 0, 0.3, 2], "texture": "#6"}
			}
		},
		{
			"from": [5.3, 5, 5.7],
			"to": [6.7, 12, 6],
			"rotation": {"angle": 0, "axis": "y", "origin": [13, -1, 12]},
			"faces": {
				"north": {"uv": [0, 0, 1.4, 7], "texture": "#6"},
				"east": {"uv": [0, 0, 0.3, 7], "texture": "#6"},
				"south": {"uv": [0, 0, 1.4, 7], "texture": "#6"},
				"west": {"uv": [0, 0, 0.3, 7], "texture": "#6"},
				"up": {"uv": [0, 0, 1.4, 0.3], "texture": "#6"},
				"down": {"uv": [0, 0, 1.4, 0.3], "texture": "#6"}
			}
		},
		{
			"from": [5.3, 5, 4],
			"to": [6.7, 12, 4.3],
			"rotation": {"angle": 0, "axis": "y", "origin": [13, -1, 12]},
			"faces": {
				"north": {"uv": [0, 0, 1.4, 7], "texture": "#6"},
				"east": {"uv": [0, 0, 0.3, 7], "texture": "#6"},
				"south": {"uv": [0, 0, 1.4, 7], "texture": "#6"},
				"west": {"uv": [0, 0, 0.3, 7], "texture": "#6"},
				"up": {"uv": [0, 0, 1.4, 0.3], "texture": "#6"},
				"down": {"uv": [0, 0, 1.4, 0.3], "texture": "#6"}
			}
		},
		{
			"from": [5.3, 4.7, 4.3],
			"to": [6.7, 5, 5.7],
			"rotation": {"angle": 0, "axis": "y", "origin": [13, -1, 12]},
			"faces": {
				"north": {"uv": [0, 0, 1.4, 0.3], "texture": "#6"},
				"east": {"uv": [0, 0, 1.4, 0.3], "texture": "#6"},
				"south": {"uv": [0, 0, 1.4, 0.3], "texture": "#6"},
				"west": {"uv": [0, 0, 1.4, 0.3], "texture": "#6"},
				"up": {"uv": [0, 0, 1.4, 1.4], "texture": "#6"},
				"down": {"uv": [0, 0, 1.4, 1.4], "texture": "#6"}
			}
		},
		{
			"from": [9.3, 5, 4.3],
			"to": [10.7, 8.3, 5.7],
			"rotation": {"angle": 0, "axis": "y", "origin": [17, -1, 12]},
			"faces": {
				"north": {"uv": [0, 0, 1.4, 5.3], "texture": "#4"},
				"east": {"uv": [0, 0, 1.4, 5.3], "texture": "#4"},
				"south": {"uv": [0, 0, 1.4, 5.3], "texture": "#4"},
				"west": {"uv": [0, 0, 1.4, 5.3], "texture": "#4"},
				"up": {"uv": [0, 0, 1.4, 1.4], "texture": "#4"},
				"down": {"uv": [0, 0, 1.4, 1.4], "texture": "#4"}
			}
		},
		{
			"from": [9.3, 11.7, 4.3],
			"to": [10.7, 12.3, 5.7],
			"rotation": {"angle": 0, "axis": "y", "origin": [17, -1, 12]},
			"faces": {
				"north": {"uv": [0, 0, 1.4, 0.6], "texture": "#8"},
				"east": {"uv": [0, 0, 1.4, 0.6], "texture": "#8"},
				"south": {"uv": [0, 0, 1.4, 0.6], "texture": "#8"},
				"west": {"uv": [0, 0, 1.4, 0.6], "texture": "#8"},
				"up": {"uv": [0, 0, 1.4, 1.4], "texture": "#8"},
				"down": {"uv": [0, 0, 1.4, 1.4], "texture": "#8"}
			}
		},
		{
			"from": [9, 5, 4],
			"to": [9.3, 12, 6],
			"rotation": {"angle": 0, "axis": "y", "origin": [17, -1, 12]},
			"faces": {
				"north": {"uv": [0, 0, 0.3, 7], "texture": "#6"},
				"east": {"uv": [0, 0, 2, 7], "texture": "#6"},
				"south": {"uv": [0, 0, 0.3, 7], "texture": "#6"},
				"west": {"uv": [0, 0, 2, 7], "texture": "#6"},
				"up": {"uv": [0, 0, 0.3, 2], "texture": "#6"},
				"down": {"uv": [0, 0, 0.3, 2], "texture": "#6"}
			}
		},
		{
			"from": [10.7, 5, 4],
			"to": [11, 12, 6],
			"rotation": {"angle": 0, "axis": "y", "origin": [17, -1, 12]},
			"faces": {
				"north": {"uv": [0, 0, 0.3, 7], "texture": "#6"},
				"east": {"uv": [0, 0, 2, 7], "texture": "#6"},
				"south": {"uv": [0, 0, 0.3, 7], "texture": "#6"},
				"west": {"uv": [0, 0, 2, 7], "texture": "#6"},
				"up": {"uv": [0, 0, 0.3, 2], "texture": "#6"},
				"down": {"uv": [0, 0, 0.3, 2], "texture": "#6"}
			}
		},
		{
			"from": [9.3, 5, 5.7],
			"to": [10.7, 12, 6],
			"rotation": {"angle": 0, "axis": "y", "origin": [17, -1, 12]},
			"faces": {
				"north": {"uv": [0, 0, 1.4, 7], "texture": "#6"},
				"east": {"uv": [0, 0, 0.3, 7], "texture": "#6"},
				"south": {"uv": [0, 0, 1.4, 7], "texture": "#6"},
				"west": {"uv": [0, 0, 0.3, 7], "texture": "#6"},
				"up": {"uv": [0, 0, 1.4, 0.3], "texture": "#6"},
				"down": {"uv": [0, 0, 1.4, 0.3], "texture": "#6"}
			}
		},
		{
			"from": [9.3, 5, 4],
			"to": [10.7, 12, 4.3],
			"rotation": {"angle": 0, "axis": "y", "origin": [17, -1, 12]},
			"faces": {
				"north": {"uv": [0, 0, 1.4, 7], "texture": "#6"},
				"east": {"uv": [0, 0, 0.3, 7], "texture": "#6"},
				"south": {"uv": [0, 0, 1.4, 7], "texture": "#6"},
				"west": {"uv": [0, 0, 0.3, 7], "texture": "#6"},
				"up": {"uv": [0, 0, 1.4, 0.3], "texture": "#6"},
				"down": {"uv": [0, 0, 1.4, 0.3], "texture": "#6"}
			}
		},
		{
			"from": [9.3, 4.7, 4.3],
			"to": [10.7, 5, 5.7],
			"rotation": {"angle": 0, "axis": "y", "origin": [17, -1, 12]},
			"faces": {
				"north": {"uv": [0, 0, 1.4, 0.3], "texture": "#6"},
				"east": {"uv": [0, 0, 1.4, 0.3], "texture": "#6"},
				"south": {"uv": [0, 0, 1.4, 0.3], "texture": "#6"},
				"west": {"uv": [0, 0, 1.4, 0.3], "texture": "#6"},
				"up": {"uv": [0, 0, 1.4, 1.4], "texture": "#6"},
				"down": {"uv": [0, 0, 1.4, 1.4], "texture": "#6"}
			}
		},
		{
			"from": [12.3, 1.3, 9.3],
			"to": [13.7, 6.6, 10.7],
			"rotation": {"angle": 0, "axis": "y", "origin": [20, -4.7, 17]},
			"faces": {
				"north": {"uv": [0, 0, 1.4, 5.3], "texture": "#11"},
				"east": {"uv": [0, 0, 1.4, 5.3], "texture": "#11"},
				"south": {"uv": [0, 0, 1.4, 5.3], "texture": "#11"},
				"west": {"uv": [0, 0, 1.4, 5.3], "texture": "#11"},
				"up": {"uv": [0, 0, 1.4, 1.4], "texture": "#11"},
				"down": {"uv": [0, 0, 1.4, 1.4], "texture": "#11"}
			}
		},
		{
			"from": [12.3, 8, 9.3],
			"to": [13.7, 8.6, 10.7],
			"rotation": {"angle": 0, "axis": "y", "origin": [20, -4.7, 17]},
			"faces": {
				"north": {"uv": [0, 0, 1.4, 0.6], "texture": "#8"},
				"east": {"uv": [0, 0, 1.4, 0.6], "texture": "#8"},
				"south": {"uv": [0, 0, 1.4, 0.6], "texture": "#8"},
				"west": {"uv": [0, 0, 1.4, 0.6], "texture": "#8"},
				"up": {"uv": [0, 0, 1.4, 1.4], "texture": "#8"},
				"down": {"uv": [0, 0, 1.4, 1.4], "texture": "#8"}
			}
		},
		{
			"from": [12, 1.3, 9],
			"to": [12.3, 8.3, 11],
			"rotation": {"angle": 0, "axis": "y", "origin": [20, -4.7, 17]},
			"faces": {
				"north": {"uv": [0, 0, 0.3, 7], "texture": "#6"},
				"east": {"uv": [0, 0, 2, 7], "texture": "#6"},
				"south": {"uv": [0, 0, 0.3, 7], "texture": "#6"},
				"west": {"uv": [0, 0, 2, 7], "texture": "#6"},
				"up": {"uv": [0, 0, 0.3, 2], "texture": "#6"},
				"down": {"uv": [0, 0, 0.3, 2], "texture": "#6"}
			}
		},
		{
			"from": [13.7, 1.3, 9],
			"to": [14, 8.3, 11],
			"rotation": {"angle": 0, "axis": "y", "origin": [20, -4.7, 17]},
			"faces": {
				"north": {"uv": [0, 0, 0.3, 7], "texture": "#6"},
				"east": {"uv": [0, 0, 2, 7], "texture": "#6"},
				"south": {"uv": [0, 0, 0.3, 7], "texture": "#6"},
				"west": {"uv": [0, 0, 2, 7], "texture": "#6"},
				"up": {"uv": [0, 0, 0.3, 2], "texture": "#6"},
				"down": {"uv": [0, 0, 0.3, 2], "texture": "#6"}
			}
		},
		{
			"from": [12.3, 1.3, 10.7],
			"to": [13.7, 8.3, 11],
			"rotation": {"angle": 0, "axis": "y", "origin": [20, -4.7, 17]},
			"faces": {
				"north": {"uv": [0, 0, 1.4, 7], "texture": "#6"},
				"east": {"uv": [0, 0, 0.3, 7], "texture": "#6"},
				"south": {"uv": [0, 0, 1.4, 7], "texture": "#6"},
				"west": {"uv": [0, 0, 0.3, 7], "texture": "#6"},
				"up": {"uv": [0, 0, 1.4, 0.3], "texture": "#6"},
				"down": {"uv": [0, 0, 1.4, 0.3], "texture": "#6"}
			}
		},
		{
			"from": [12.3, 1.3, 9],
			"to": [13.7, 8.3, 9.3],
			"rotation": {"angle": 0, "axis": "y", "origin": [20, -4.7, 17]},
			"faces": {
				"north": {"uv": [0, 0, 1.4, 7], "texture": "#6"},
				"east": {"uv": [0, 0, 0.3, 7], "texture": "#6"},
				"south": {"uv": [0, 0, 1.4, 7], "texture": "#6"},
				"west": {"uv": [0, 0, 0.3, 7], "texture": "#6"},
				"up": {"uv": [0, 0, 1.4, 0.3], "texture": "#6"},
				"down": {"uv": [0, 0, 1.4, 0.3], "texture": "#6"}
			}
		},
		{
			"from": [12.3, 1, 9.3],
			"to": [13.7, 1.3, 10.7],
			"rotation": {"angle": 0, "axis": "y", "origin": [20, -4.7, 17]},
			"faces": {
				"north": {"uv": [0, 0, 1.4, 0.3], "texture": "#6"},
				"east": {"uv": [0, 0, 1.4, 0.3], "texture": "#6"},
				"south": {"uv": [0, 0, 1.4, 0.3], "texture": "#6"},
				"west": {"uv": [0, 0, 1.4, 0.3], "texture": "#6"},
				"up": {"uv": [0, 0, 1.4, 1.4], "texture": "#6"},
				"down": {"uv": [0, 0, 1.4, 1.4], "texture": "#6"}
			}
		},
		{
			"from": [9.3, 1.3, 9.3],
			"to": [10.7, 5.6, 10.7],
			"rotation": {"angle": 0, "axis": "y", "origin": [17, -4.7, 17]},
			"faces": {
				"north": {"uv": [1, 12, 2, 16], "texture": "#5"},
				"east": {"uv": [1, 12, 2, 16], "texture": "#5"},
				"south": {"uv": [1, 12, 2, 16], "texture": "#5"},
				"west": {"uv": [1, 12, 2, 16], "texture": "#5"},
				"up": {"uv": [1, 12, 2, 13], "texture": "#5"},
				"down": {"uv": [1, 15, 2, 16], "texture": "#5"}
			}
		},
		{
			"from": [9.3, 8, 9.3],
			"to": [10.7, 8.6, 10.7],
			"rotation": {"angle": 0, "axis": "y", "origin": [17, -4.7, 17]},
			"faces": {
				"north": {"uv": [0, 0, 1.4, 0.6], "texture": "#8"},
				"east": {"uv": [0, 0, 1.4, 0.6], "texture": "#8"},
				"south": {"uv": [0, 0, 1.4, 0.6], "texture": "#8"},
				"west": {"uv": [0, 0, 1.4, 0.6], "texture": "#8"},
				"up": {"uv": [0, 0, 1.4, 1.4], "texture": "#8"},
				"down": {"uv": [0, 0, 1.4, 1.4], "texture": "#8"}
			}
		},
		{
			"from": [9, 1.3, 9],
			"to": [9.3, 8.3, 11],
			"rotation": {"angle": 0, "axis": "y", "origin": [17, -4.7, 17]},
			"faces": {
				"north": {"uv": [0, 0, 0.3, 7], "texture": "#14"},
				"east": {"uv": [0, 0, 2, 7], "texture": "#14"},
				"south": {"uv": [0, 0, 0.3, 7], "texture": "#14"},
				"west": {"uv": [0, 0, 2, 7], "texture": "#14"},
				"up": {"uv": [0, 0, 0.3, 2], "texture": "#14"},
				"down": {"uv": [0, 0, 0.3, 2], "texture": "#14"}
			}
		},
		{
			"from": [10.7, 1.3, 9],
			"to": [11, 8.3, 11],
			"rotation": {"angle": 0, "axis": "y", "origin": [17, -4.7, 17]},
			"faces": {
				"north": {"uv": [0, 0, 0.3, 7], "texture": "#14"},
				"east": {"uv": [0, 0, 2, 7], "texture": "#14"},
				"south": {"uv": [0, 0, 0.3, 7], "texture": "#14"},
				"west": {"uv": [0, 0, 2, 7], "texture": "#14"},
				"up": {"uv": [0, 0, 0.3, 2], "texture": "#14"},
				"down": {"uv": [0, 0, 0.3, 2], "texture": "#14"}
			}
		},
		{
			"from": [9.3, 1.3, 10.7],
			"to": [10.7, 8.3, 11],
			"rotation": {"angle": 0, "axis": "y", "origin": [17, -4.7, 17]},
			"faces": {
				"north": {"uv": [0, 0, 1.4, 7], "texture": "#14"},
				"east": {"uv": [0, 0, 0.3, 7], "texture": "#14"},
				"south": {"uv": [0, 0, 1.4, 7], "texture": "#14"},
				"west": {"uv": [0, 0, 0.3, 7], "texture": "#14"},
				"up": {"uv": [0, 0, 1.4, 0.3], "texture": "#14"},
				"down": {"uv": [0, 0, 1.4, 0.3], "texture": "#14"}
			}
		},
		{
			"from": [9.3, 1.3, 9],
			"to": [10.7, 8.3, 9.3],
			"rotation": {"angle": 0, "axis": "y", "origin": [17, -4.7, 17]},
			"faces": {
				"north": {"uv": [0, 0, 1.4, 7], "texture": "#14"},
				"east": {"uv": [0, 0, 0.3, 7], "texture": "#14"},
				"south": {"uv": [0, 0, 1.4, 7], "texture": "#14"},
				"west": {"uv": [0, 0, 0.3, 7], "texture": "#14"},
				"up": {"uv": [0, 0, 1.4, 0.3], "texture": "#14"},
				"down": {"uv": [0, 0, 1.4, 0.3], "texture": "#14"}
			}
		},
		{
			"from": [9.3, 1, 9.3],
			"to": [10.7, 1.3, 10.7],
			"rotation": {"angle": 0, "axis": "y", "origin": [17, -4.7, 17]},
			"faces": {
				"north": {"uv": [0, 0, 1.4, 0.3], "texture": "#14"},
				"east": {"uv": [0, 0, 1.4, 0.3], "texture": "#14"},
				"south": {"uv": [0, 0, 1.4, 0.3], "texture": "#14"},
				"west": {"uv": [0, 0, 1.4, 0.3], "texture": "#14"},
				"up": {"uv": [0, 0, 1.4, 1.4], "texture": "#14"},
				"down": {"uv": [0, 0, 1.4, 1.4], "texture": "#14"}
			}
		},
		{
			"from": [2.3, 1.3, 9.3],
			"to": [3.7, 2.6, 10.7],
			"rotation": {"angle": 0, "axis": "y", "origin": [10, -4.7, 17]},
			"faces": {
				"north": {"uv": [0, 0, 1.4, 5.3], "texture": "#9"},
				"east": {"uv": [0, 0, 1.4, 5.3], "texture": "#9"},
				"south": {"uv": [0, 0, 1.4, 5.3], "texture": "#9"},
				"west": {"uv": [0, 0, 1.4, 5.3], "texture": "#9"},
				"up": {"uv": [0, 0, 1.4, 1.4], "texture": "#9"},
				"down": {"uv": [0, 0, 1.4, 1.4], "texture": "#9"}
			}
		},
		{
			"from": [2.3, 8, 9.3],
			"to": [3.7, 8.6, 10.7],
			"rotation": {"angle": 0, "axis": "y", "origin": [10, -4.7, 17]},
			"faces": {
				"north": {"uv": [0, 0, 1.4, 0.6], "texture": "#8"},
				"east": {"uv": [0, 0, 1.4, 0.6], "texture": "#8"},
				"south": {"uv": [0, 0, 1.4, 0.6], "texture": "#8"},
				"west": {"uv": [0, 0, 1.4, 0.6], "texture": "#8"},
				"up": {"uv": [0, 0, 1.4, 1.4], "texture": "#8"},
				"down": {"uv": [0, 0, 1.4, 1.4], "texture": "#8"}
			}
		},
		{
			"from": [2, 1.3, 9],
			"to": [2.3, 8.3, 11],
			"rotation": {"angle": 0, "axis": "y", "origin": [10, -4.7, 17]},
			"faces": {
				"north": {"uv": [0, 0, 0.3, 7], "texture": "#6"},
				"east": {"uv": [0, 0, 2, 7], "texture": "#6"},
				"south": {"uv": [0, 0, 0.3, 7], "texture": "#6"},
				"west": {"uv": [0, 0, 2, 7], "texture": "#6"},
				"up": {"uv": [0, 0, 0.3, 2], "texture": "#6"},
				"down": {"uv": [0, 0, 0.3, 2], "texture": "#6"}
			}
		},
		{
			"from": [3.7, 1.3, 9],
			"to": [4, 8.3, 11],
			"rotation": {"angle": 0, "axis": "y", "origin": [10, -4.7, 17]},
			"faces": {
				"north": {"uv": [0, 0, 0.3, 7], "texture": "#6"},
				"east": {"uv": [0, 0, 2, 7], "texture": "#6"},
				"south": {"uv": [0, 0, 0.3, 7], "texture": "#6"},
				"west": {"uv": [0, 0, 2, 7], "texture": "#6"},
				"up": {"uv": [0, 0, 0.3, 2], "texture": "#6"},
				"down": {"uv": [0, 0, 0.3, 2], "texture": "#6"}
			}
		},
		{
			"from": [2.3, 1.3, 10.7],
			"to": [3.7, 8.3, 11],
			"rotation": {"angle": 0, "axis": "y", "origin": [10, -4.7, 17]},
			"faces": {
				"north": {"uv": [0, 0, 1.4, 7], "texture": "#6"},
				"east": {"uv": [0, 0, 0.3, 7], "texture": "#6"},
				"south": {"uv": [0, 0, 1.4, 7], "texture": "#6"},
				"west": {"uv": [0, 0, 0.3, 7], "texture": "#6"},
				"up": {"uv": [0, 0, 1.4, 0.3], "texture": "#6"},
				"down": {"uv": [0, 0, 1.4, 0.3], "texture": "#6"}
			}
		},
		{
			"from": [2.3, 1.3, 9],
			"to": [3.7, 8.3, 9.3],
			"rotation": {"angle": 0, "axis": "y", "origin": [10, -4.7, 17]},
			"faces": {
				"north": {"uv": [0, 0, 1.4, 7], "texture": "#6"},
				"east": {"uv": [0, 0, 0.3, 7], "texture": "#6"},
				"south": {"uv": [0, 0, 1.4, 7], "texture": "#6"},
				"west": {"uv": [0, 0, 0.3, 7], "texture": "#6"},
				"up": {"uv": [0, 0, 1.4, 0.3], "texture": "#6"},
				"down": {"uv": [0, 0, 1.4, 0.3], "texture": "#6"}
			}
		},
		{
			"from": [2.3, 1, 9.3],
			"to": [3.7, 1.3, 10.7],
			"rotation": {"angle": 0, "axis": "y", "origin": [10, -4.7, 17]},
			"faces": {
				"north": {"uv": [0, 0, 1.4, 0.3], "texture": "#6"},
				"east": {"uv": [0, 0, 1.4, 0.3], "texture": "#6"},
				"south": {"uv": [0, 0, 1.4, 0.3], "texture": "#6"},
				"west": {"uv": [0, 0, 1.4, 0.3], "texture": "#6"},
				"up": {"uv": [0, 0, 1.4, 1.4], "texture": "#6"},
				"down": {"uv": [0, 0, 1.4, 1.4], "texture": "#6"}
			}
		},
		{
			"from": [1, 6.1, 11],
			"to": [15, 7.1, 12],
			"rotation": {"angle": 0, "axis": "y", "origin": [5, 6.1, 9]},
			"faces": {
				"north": {"uv": [0, 0, 2, 1], "texture": "#12"},
				"east": {"uv": [0, 0, 1, 1], "texture": "#12"},
				"south": {"uv": [0, 0, 2, 1], "texture": "#12"},
				"west": {"uv": [0, 0, 1, 1], "texture": "#12"},
				"up": {"uv": [0, 0, 2, 1], "texture": "#12"},
				"down": {"uv": [0, 0, 2, 1], "texture": "#12"}
			}
		},
		{
			"from": [1, 6.1, 8],
			"to": [15, 7.1, 9],
			"rotation": {"angle": 0, "axis": "y", "origin": [5, 6.1, 6]},
			"faces": {
				"north": {"uv": [0, 0, 2, 1], "texture": "#12"},
				"east": {"uv": [0, 0, 1, 1], "texture": "#12"},
				"south": {"uv": [0, 0, 2, 1], "texture": "#12"},
				"west": {"uv": [0, 0, 1, 1], "texture": "#12"},
				"up": {"uv": [0, 0, 2, 1], "texture": "#12"},
				"down": {"uv": [0, 0, 2, 1], "texture": "#12"}
			}
		},
		{
			"from": [14, 6.1, 9],
			"to": [15, 7.1, 11],
			"rotation": {"angle": 0, "axis": "y", "origin": [14, 6.1, 12]},
			"faces": {
				"north": {"uv": [0, 0, 1, 1], "texture": "#12"},
				"east": {"uv": [0, 0, 4, 1], "texture": "#12"},
				"south": {"uv": [0, 0, 1, 1], "texture": "#12"},
				"west": {"uv": [0, 0, 4, 1], "texture": "#12"},
				"up": {"uv": [0, 0, 1, 4], "texture": "#12"},
				"down": {"uv": [0, 0, 1, 4], "texture": "#12"}
			}
		},
		{
			"from": [11, 6.1, 9],
			"to": [12, 7.1, 11],
			"rotation": {"angle": 0, "axis": "y", "origin": [14, 6.1, 12]},
			"faces": {
				"north": {"uv": [0, 0, 1, 1], "texture": "#12"},
				"east": {"uv": [0, 0, 4, 1], "texture": "#12"},
				"south": {"uv": [0, 0, 1, 1], "texture": "#12"},
				"west": {"uv": [0, 0, 4, 1], "texture": "#12"},
				"up": {"uv": [0, 0, 1, 4], "texture": "#12"},
				"down": {"uv": [0, 0, 1, 4], "texture": "#12"}
			}
		},
		{
			"from": [7, 6.1, 9],
			"to": [9, 7.1, 11],
			"rotation": {"angle": 0, "axis": "y", "origin": [8, 6.1, 12]},
			"faces": {
				"north": {"uv": [0, 0, 2, 1], "texture": "#12"},
				"east": {"uv": [0, 0, 4, 1], "texture": "#12"},
				"south": {"uv": [0, 0, 2, 1], "texture": "#12"},
				"west": {"uv": [0, 0, 4, 1], "texture": "#12"},
				"up": {"uv": [0, 0, 2, 4], "texture": "#12"},
				"down": {"uv": [0, 0, 2, 4], "texture": "#12"}
			}
		},
		{
			"from": [4, 6.1, 9],
			"to": [5, 7.1, 11],
			"rotation": {"angle": 0, "axis": "y", "origin": [8, 6.1, 12]},
			"faces": {
				"north": {"uv": [0, 0, 1, 1], "texture": "#12"},
				"east": {"uv": [0, 0, 4, 1], "texture": "#12"},
				"south": {"uv": [0, 0, 1, 1], "texture": "#12"},
				"west": {"uv": [0, 0, 4, 1], "texture": "#12"},
				"up": {"uv": [0, 0, 1, 4], "texture": "#12"},
				"down": {"uv": [0, 0, 1, 4], "texture": "#12"}
			}
		},
		{
			"from": [1, 6.1, 9],
			"to": [2, 7.1, 11],
			"rotation": {"angle": 0, "axis": "y", "origin": [8, 6.1, 12]},
			"faces": {
				"north": {"uv": [0, 0, 1, 1], "texture": "#12"},
				"east": {"uv": [0, 0, 4, 1], "texture": "#12"},
				"south": {"uv": [0, 0, 1, 1], "texture": "#12"},
				"west": {"uv": [0, 0, 4, 1], "texture": "#12"},
				"up": {"uv": [0, 0, 1, 4], "texture": "#12"},
				"down": {"uv": [0, 0, 1, 4], "texture": "#12"}
			}
		},
		{
			"from": [1, 10, 3],
			"to": [15, 11, 4],
			"rotation": {"angle": 0, "axis": "y", "origin": [8, 10, 1]},
			"faces": {
				"north": {"uv": [0, 0, 2, 1], "texture": "#12"},
				"east": {"uv": [0, 0, 1, 1], "texture": "#12"},
				"south": {"uv": [0, 0, 2, 1], "texture": "#12"},
				"west": {"uv": [0, 0, 1, 1], "texture": "#12"},
				"up": {"uv": [0, 0, 2, 1], "texture": "#12"},
				"down": {"uv": [0, 0, 2, 1], "texture": "#12"}
			}
		},
		{
			"from": [1, 10, 6],
			"to": [15, 11, 7],
			"rotation": {"angle": 0, "axis": "y", "origin": [8, 10, 4]},
			"faces": {
				"north": {"uv": [0, 0, 2, 1], "texture": "#12"},
				"east": {"uv": [0, 0, 1, 1], "texture": "#12"},
				"south": {"uv": [0, 0, 2, 1], "texture": "#12"},
				"west": {"uv": [0, 0, 1, 1], "texture": "#12"},
				"up": {"uv": [0, 0, 2, 1], "texture": "#12"},
				"down": {"uv": [0, 0, 2, 1], "texture": "#12"}
			}
		},
		{
			"from": [14, 10, 4],
			"to": [15, 11, 6],
			"rotation": {"angle": 0, "axis": "y", "origin": [14, 10, 7]},
			"faces": {
				"north": {"uv": [0, 0, 1, 1], "texture": "#12"},
				"east": {"uv": [0, 0, 4, 1], "texture": "#12"},
				"south": {"uv": [0, 0, 1, 1], "texture": "#12"},
				"west": {"uv": [0, 0, 4, 1], "texture": "#12"},
				"up": {"uv": [0, 0, 1, 4], "texture": "#12"},
				"down": {"uv": [0, 0, 1, 4], "texture": "#12"}
			}
		},
		{
			"from": [11, 10, 4],
			"to": [12, 11, 6],
			"rotation": {"angle": 0, "axis": "y", "origin": [14, 10, 7]},
			"faces": {
				"north": {"uv": [0, 0, 1, 1], "texture": "#12"},
				"east": {"uv": [0, 0, 4, 1], "texture": "#12"},
				"south": {"uv": [0, 0, 1, 1], "texture": "#12"},
				"west": {"uv": [0, 0, 4, 1], "texture": "#12"},
				"up": {"uv": [0, 0, 1, 4], "texture": "#12"},
				"down": {"uv": [0, 0, 1, 4], "texture": "#12"}
			}
		},
		{
			"from": [7, 10, 4],
			"to": [9, 11, 6],
			"rotation": {"angle": 0, "axis": "y", "origin": [8, 10, 7]},
			"faces": {
				"north": {"uv": [0, 0, 2, 1], "texture": "#12"},
				"east": {"uv": [0, 0, 4, 1], "texture": "#12"},
				"south": {"uv": [0, 0, 2, 1], "texture": "#12"},
				"west": {"uv": [0, 0, 4, 1], "texture": "#12"},
				"up": {"uv": [0, 0, 2, 4], "texture": "#12"},
				"down": {"uv": [0, 0, 2, 4], "texture": "#12"}
			}
		},
		{
			"from": [4, 10, 4],
			"to": [5, 11, 6],
			"rotation": {"angle": 0, "axis": "y", "origin": [8, 10, 7]},
			"faces": {
				"north": {"uv": [0, 0, 1, 1], "texture": "#12"},
				"east": {"uv": [0, 0, 4, 1], "texture": "#12"},
				"south": {"uv": [0, 0, 1, 1], "texture": "#12"},
				"west": {"uv": [0, 0, 4, 1], "texture": "#12"},
				"up": {"uv": [0, 0, 1, 4], "texture": "#12"},
				"down": {"uv": [0, 0, 1, 4], "texture": "#12"}
			}
		},
		{
			"from": [1, 10, 4],
			"to": [2, 11, 6],
			"rotation": {"angle": 0, "axis": "y", "origin": [8, 10, 7]},
			"faces": {
				"north": {"uv": [0, 0, 1, 1], "texture": "#12"},
				"east": {"uv": [0, 0, 4, 1], "texture": "#12"},
				"south": {"uv": [0, 0, 1, 1], "texture": "#12"},
				"west": {"uv": [0, 0, 4, 1], "texture": "#12"},
				"up": {"uv": [0, 0, 1, 4], "texture": "#12"},
				"down": {"uv": [0, 0, 1, 4], "texture": "#12"}
			}
		}
	],
	"display": {
		"thirdperson_righthand": {
			"rotation": [0, -45, 0],
			"translation": [0, 2.5, 0],
			"scale": [0.45, 0.45, 0.45]
		},
		"thirdperson_lefthand": {
			"rotation": [0, -45, 0],
			"translation": [0, 2.5, 0],
			"scale": [0.45, 0.45, 0.45]
		},
		"firstperson_righthand": {
			"rotation": [0, -45, 0],
			"translation": [0, 2.5, 0],
			"scale": [0.45, 0.45, 0.45]
		},
		"firstperson_lefthand": {
			"rotation": [0, -45, 0],
			"translation": [0, 2.5, 0],
			"scale": [0.45, 0.45, 0.45]
		},
		"ground": {
			"scale": [0.3, 0.3, 0.3]
		},
		"gui": {
			"rotation": [37, 41, 0],
			"translation": [0, 1.25, 0],
			"scale": [0.64, 0.64, 0.64]
		},
		"head": {
			"rotation": [0, -180, 0],
			"translation": [0, 13, 0],
			"scale": [0.84, 0.84, 0.84]
		},
		"fixed": {
			"rotation": [-90, 0, 0],
			"translation": [0, 0, -14],
			"scale": [2, 2, 2]
		}
	},
	"groups": [
		{
			"name": "group",
			"origin": [8, 18, 8],
			"children": [0, 1, 2, 3, 4, 5, 6, 7, 8, 9, 10, 11, 12, 13, 14]
		},
		{
			"name": "group",
			"origin": [8, 8, 8],
			"children": [15, 16, 17, 18, 19, 20, 21]
		},
		{
			"name": "group",
			"origin": [8, 8, 8],
			"children": [22, 23, 24, 25, 26, 27, 28]
		},
		{
			"name": "group",
			"origin": [8, 8, 8],
			"children": [29, 30, 31, 32, 33, 34, 35]
		},
		{
			"name": "group",
			"origin": [8, 8, 8],
			"children": [36, 37, 38, 39, 40, 41, 42]
		},
		{
			"name": "group",
			"origin": [8, 8, 8],
			"children": [43, 44, 45, 46, 47, 48, 49]
		},
		{
			"name": "group",
			"origin": [8, 8, 8],
			"children": [50, 51, 52, 53, 54, 55, 56]
		},
		{
			"name": "perec1",
			"origin": [8, 8, 7],
			"children": [57, 58, 59, 60, 61, 62, 63]
		},
		{
			"name": "perec2",
			"origin": [8, 8, 7],
			"children": [64, 65, 66, 67, 68, 69, 70]
		}
	]
}