{
	"credit": "Made by DrVECKER",
	"textures": {
		"0": "hats/tablet",
		"2": "hats/emodji/blue_terracotta",
		"5": "hats/emodji/white_concrete",
		"6": "hats/emodji/yellow_concrete",
		"particle": "hats/tablet"
	},
	"elements": [
		{
			"from": [-2.7, 1.925, 8],
			"to": [15.4, 14.625, 8.7],
			"faces": {
				"north": {"uv": [0, 3.063, 15.963, 12.913], "texture": "#0"},
				"east": {"uv": [0, 0, 0.7, 12.6], "texture": "#missing"},
				"south": {"uv": [0, 0, 6.4, 12.6], "texture": "#missing"},
				"west": {"uv": [0, 0, 0.7, 12.6], "texture": "#missing"},
				"up": {"uv": [0, 0, 6.4, 0.7], "texture": "#missing"},
				"down": {"uv": [0, 0, 6.4, 0.7], "texture": "#missing"}
			}
		},
		{
			"from": [-3.4, 0.7, 7.9],
			"to": [-2.6, 15.8, 8.7],
			"faces": {
				"north": {"uv": [0, 0, 0.8, 15.1], "texture": "#5"},
				"east": {"uv": [0, 0, 0.8, 15.1], "texture": "#5"},
				"south": {"uv": [0, 0, 0.8, 15.1], "texture": "#5"},
				"west": {"uv": [0, 0, 0.8, 15.1], "texture": "#5"},
				"up": {"uv": [0, 0, 0.8, 0.8], "texture": "#5"},
				"down": {"uv": [0, 0, 0.8, 0.8], "texture": "#5"}
			}
		},
		{
			"from": [-2.6, 14.6, 7.9],
			"to": [15.3, 15.8, 8.7],
			"faces": {
				"north": {"uv": [0, 0, 6.4, 1.2], "texture": "#5"},
				"east": {"uv": [0, 0, 0.8, 1.2], "texture": "#5"},
				"south": {"uv": [0, 0, 6.4, 1.2], "texture": "#5"},
				"west": {"uv": [0, 0, 0.8, 1.2], "texture": "#5"},
				"up": {"uv": [0, 0, 6.4, 0.8], "texture": "#5"},
				"down": {"uv": [0, 0, 6.4, 0.8], "texture": "#5"}
			}
		},
		{
			"from": [15.3, 0.7, 7.9],
			"to": [16.1, 15.8, 8.7],
			"faces": {
				"north": {"uv": [0, 0, 0.8, 15.1], "texture": "#5"},
				"east": {"uv": [0, 0, 0.8, 15.1], "texture": "#5"},
				"south": {"uv": [0, 0, 0.8, 15.1], "texture": "#5"},
				"west": {"uv": [0, 0, 0.8, 15.1], "texture": "#5"},
				"up": {"uv": [0, 0, 0.8, 0.8], "texture": "#5"},
				"down": {"uv": [0, 0, 0.8, 0.8], "texture": "#5"}
			}
		},
		{
			"from": [-2.6, 0.7, 7.9],
			"to": [15.3, 2, 8.7],
			"faces": {
				"north": {"uv": [0, 0, 6.4, 1.3], "texture": "#5"},
				"east": {"uv": [0, 0, 0.8, 1.3], "texture": "#5"},
				"south": {"uv": [0, 0, 6.4, 1.3], "texture": "#5"},
				"west": {"uv": [0, 0, 0.8, 1.3], "texture": "#5"},
				"up": {"uv": [0, 0, 6.4, 0.8], "texture": "#5"},
				"down": {"uv": [0, 0, 6.4, 0.8], "texture": "#5"}
			}
		},
		{
			"from": [-3.4, 3.3, 8.8],
			"to": [16.2, 15.8, 9],
			"faces": {
				"north": {"uv": [0, 0, 8, 12.5], "texture": "#5"},
				"east": {"uv": [0, 0, 0.2, 12.5], "texture": "#5"},
				"south": {"uv": [0, 0, 8, 12.5], "texture": "#5"},
				"west": {"uv": [0, 0, 0.2, 12.5], "texture": "#5"},
				"up": {"uv": [0, 0, 8, 0.2], "texture": "#5"},
				"down": {"uv": [0, 0, 8, 0.2], "texture": "#5"}
			}
		},
		{
			"from": [-3.4, 0.6, 8.8],
			"to": [16.2, 2.4, 9],
			"faces": {
				"north": {"uv": [0, 0, 8, 1.8], "texture": "#5"},
				"east": {"uv": [0, 0, 0.2, 1.8], "texture": "#5"},
				"south": {"uv": [0, 0, 8, 1.8], "texture": "#5"},
				"west": {"uv": [0, 0, 0.2, 1.8], "texture": "#5"},
				"up": {"uv": [0, 0, 8, 0.2], "texture": "#5"},
				"down": {"uv": [0, 0, 8, 0.2], "texture": "#5"}
			}
		},
		{
			"from": [-3.4, 2.4, 8.8],
			"to": [11.4, 3.3, 9],
			"faces": {
				"north": {"uv": [0, 0, 5, 0.9], "texture": "#5"},
				"east": {"uv": [0, 0, 0.2, 0.9], "texture": "#5"},
				"south": {"uv": [0, 0, 5, 0.9], "texture": "#5"},
				"west": {"uv": [0, 0, 0.2, 0.9], "texture": "#5"},
				"up": {"uv": [0, 0, 5, 0.2], "texture": "#5"},
				"down": {"uv": [0, 0, 5, 0.2], "texture": "#5"}
			}
		},
		{
			"from": [14.3, 2.4, 8.8],
			"to": [16.2, 3.3, 9],
			"faces": {
				"north": {"uv": [0, 0, 1, 0.9], "texture": "#5"},
				"east": {"uv": [0, 0, 0.2, 0.9], "texture": "#5"},
				"south": {"uv": [0, 0, 1, 0.9], "texture": "#5"},
				"west": {"uv": [0, 0, 0.2, 0.9], "texture": "#5"},
				"up": {"uv": [0, 0, 1, 0.2], "texture": "#5"},
				"down": {"uv": [0, 0, 1, 0.2], "texture": "#5"}
			}
		},
		{
			"from": [1.6, 2.5, 8.8],
			"to": [15.2, 2.6, 9],
			"faces": {
				"north": {"uv": [0, 0, 2, 0.1], "texture": "#5"},
				"east": {"uv": [0, 0, 0.2, 0.1], "texture": "#5"},
				"south": {"uv": [0, 0, 2, 0.1], "texture": "#5"},
				"west": {"uv": [0, 0, 0.2, 0.1], "texture": "#5"},
				"up": {"uv": [0, 0, 2, 0.2], "texture": "#5"},
				"down": {"uv": [0, 0, 2, 0.2], "texture": "#5"}
			}
		},
		{
			"from": [1.6, 2.9, 8.8],
			"to": [15.2, 3, 9],
			"rotation": {"angle": 0, "axis": "y", "origin": [8, 8.4, 8]},
			"faces": {
				"north": {"uv": [0, 0, 2, 0.1], "texture": "#5"},
				"east": {"uv": [0, 0, 0.2, 0.1], "texture": "#5"},
				"south": {"uv": [0, 0, 2, 0.1], "texture": "#5"},
				"west": {"uv": [0, 0, 0.2, 0.1], "texture": "#5"},
				"up": {"uv": [0, 0, 2, 0.2], "texture": "#5"},
				"down": {"uv": [0, 0, 2, 0.2], "texture": "#5"}
			}
		},
		{
			"from": [1.6, 2.7, 8.8],
			"to": [15.2, 2.8, 9],
			"faces": {
				"north": {"uv": [0, 0, 2, 0.1], "texture": "#5"},
				"east": {"uv": [0, 0, 0.2, 0.1], "texture": "#5"},
				"south": {"uv": [0, 0, 2, 0.1], "texture": "#5"},
				"west": {"uv": [0, 0, 0.2, 0.1], "texture": "#5"},
				"up": {"uv": [0, 0, 2, 0.2], "texture": "#5"},
				"down": {"uv": [0, 0, 2, 0.2], "texture": "#5"}
			}
		},
		{
			"from": [1.6, 3.1, 8.8],
			"to": [15.2, 3.2, 9],
			"rotation": {"angle": 0, "axis": "y", "origin": [8, 8.4, 8]},
			"faces": {
				"north": {"uv": [0, 0, 2, 0.1], "texture": "#5"},
				"east": {"uv": [0, 0, 0.2, 0.1], "texture": "#5"},
				"south": {"uv": [0, 0, 2, 0.1], "texture": "#5"},
				"west": {"uv": [0, 0, 0.2, 0.1], "texture": "#5"},
				"up": {"uv": [0, 0, 2, 0.2], "texture": "#5"},
				"down": {"uv": [0, 0, 2, 0.2], "texture": "#5"}
			}
		},
		{
			"from": [-3.5, 0.5, 8.1],
			"to": [16.2, 15.9, 8.8],
			"faces": {
				"north": {"uv": [0, 0, 8, 15.4], "texture": "#6"},
				"east": {"uv": [0, 0, 0.7, 15.4], "texture": "#6"},
				"south": {"uv": [0, 0, 8, 15.4], "texture": "#6"},
				"west": {"uv": [0, 0, 0.7, 15.4], "texture": "#6"},
				"up": {"uv": [0, 0, 8, 0.7], "texture": "#6"},
				"down": {"uv": [0, 0, 8, 0.7], "texture": "#6"}
			}
		},
		{
			"from": [-3.6, 0.6, 8.1],
			"to": [16.3, 15.8, 8.8],
			"faces": {
				"north": {"uv": [0, 0, 8.2, 15.2], "texture": "#6"},
				"east": {"uv": [0, 0, 0.7, 15.2], "texture": "#6"},
				"south": {"uv": [0, 0, 8.2, 15.2], "texture": "#6"},
				"west": {"uv": [0, 0, 0.7, 15.2], "texture": "#6"},
				"up": {"uv": [0, 0, 8.2, 0.7], "texture": "#6"},
				"down": {"uv": [0, 0, 8.2, 0.7], "texture": "#6"}
			}
		},
		{
			"from": [-3.2, 12.6, 8.4],
			"to": [-2, 15.5, 9.1],
			"rotation": {"angle": 0, "axis": "y", "origin": [1.8, 8.7, 8]},
			"faces": {
				"north": {"uv": [0, 0, 1.2, 2.9], "texture": "#6"},
				"east": {"uv": [0, 0, 0.7, 2.9], "texture": "#6"},
				"south": {"uv": [0, 0, 1.2, 2.9], "texture": "#6"},
				"west": {"uv": [0, 0, 0.7, 2.9], "texture": "#6"},
				"up": {"uv": [0, 0, 1.2, 0.7], "texture": "#6"},
				"down": {"uv": [0, 0, 1.2, 0.7], "texture": "#6"}
			}
		},
		{
			"from": [-3, 14.5, 8.5],
			"to": [-2.2, 15.3, 9.2],
			"rotation": {"angle": 0, "axis": "y", "origin": [1.8, 8.7, 8]},
			"faces": {
				"north": {"uv": [0, 0, 0.8, 0.8], "texture": "#2"},
				"east": {"uv": [0, 0, 0.7, 0.8], "texture": "#2"},
				"south": {"uv": [0, 0, 0.8, 0.8], "texture": "#2"},
				"west": {"uv": [0, 0, 0.7, 0.8], "texture": "#2"},
				"up": {"uv": [0, 0, 0.8, 0.7], "texture": "#2"},
				"down": {"uv": [0, 0, 0.8, 0.7], "texture": "#2"}
			}
		},
		{
			"from": [-3, 12.9, 8.5],
			"to": [-2.2, 13.7, 9.2],
			"rotation": {"angle": 0, "axis": "y", "origin": [1.8, 8.7, 8]},
			"faces": {
				"north": {"uv": [0, 0, 0.8, 0.8], "texture": "#2"},
				"east": {"uv": [0, 0, 0.7, 0.8], "texture": "#2"},
				"south": {"uv": [0, 0, 0.8, 0.8], "texture": "#2"},
				"west": {"uv": [0, 0, 0.7, 0.8], "texture": "#2"},
				"up": {"uv": [0, 0, 0.8, 0.7], "texture": "#2"},
				"down": {"uv": [0, 0, 0.8, 0.7], "texture": "#2"}
			}
		},
		{
			"from": [-3, 15.1, 7.8],
			"to": [-2.7, 15.4, 8.2],
			"rotation": {"angle": 0, "axis": "y", "origin": [1.5, 8.3, 8]},
			"faces": {
				"north": {"uv": [0, 0, 0.3, 0.3], "texture": "#2"},
				"east": {"uv": [0, 0, 0.4, 0.3], "texture": "#2"},
				"south": {"uv": [0, 0, 0.3, 0.3], "texture": "#2"},
				"west": {"uv": [0, 0, 0.4, 0.3], "texture": "#2"},
				"up": {"uv": [0, 0, 0.3, 0.4], "texture": "#2"},
				"down": {"uv": [0, 0, 0.3, 0.4], "texture": "#2"}
			}
		},
		{
			"from": [-2.5, 15.1, 7.8],
			"to": [-2.2, 15.4, 8.2],
			"rotation": {"angle": 0, "axis": "y", "origin": [1.5, 8.3, 8]},
			"faces": {
				"north": {"uv": [0, 0, 0.3, 0.3], "texture": "#2"},
				"east": {"uv": [0, 0, 0.4, 0.3], "texture": "#2"},
				"south": {"uv": [0, 0, 0.3, 0.3], "texture": "#2"},
				"west": {"uv": [0, 0, 0.4, 0.3], "texture": "#2"},
				"up": {"uv": [0, 0, 0.3, 0.4], "texture": "#2"},
				"down": {"uv": [0, 0, 0.3, 0.4], "texture": "#2"}
			}
		},
		{
			"from": [6.2, 10.4, 8.7],
			"to": [6.6, 10.5, 9.1],
			"rotation": {"angle": 0, "axis": "y", "origin": [14.3, 15.4, 4.1]},
			"faces": {
				"north": {"uv": [0, 0, 0.4, 0.1], "texture": "#6"},
				"east": {"uv": [0, 0, 0.4, 0.1], "texture": "#6"},
				"south": {"uv": [0, 0, 0.4, 0.1], "texture": "#6"},
				"west": {"uv": [0, 0, 0.4, 0.1], "texture": "#6"},
				"up": {"uv": [0, 0, 0.4, 0.4], "texture": "#6"},
				"down": {"uv": [0, 0, 0.4, 0.4], "texture": "#6"}
			}
		},
		{
			"from": [6.3, 10.6, 8.7],
			"to": [6.6, 10.7, 9.1],
			"rotation": {"angle": 0, "axis": "y", "origin": [14.3, 15.4, 4.1]},
			"faces": {
				"north": {"uv": [0, 0, 0.3, 0.1], "texture": "#6"},
				"east": {"uv": [0, 0, 0.4, 0.1], "texture": "#6"},
				"south": {"uv": [0, 0, 0.3, 0.1], "texture": "#6"},
				"west": {"uv": [0, 0, 0.4, 0.1], "texture": "#6"},
				"up": {"uv": [0, 0, 0.3, 0.4], "texture": "#6"},
				"down": {"uv": [0, 0, 0.3, 0.4], "texture": "#6"}
			}
		},
		{
			"from": [6.9, 10.6, 8.7],
			"to": [7.2, 10.7, 9.1],
			"rotation": {"angle": 0, "axis": "y", "origin": [14.9, 15.4, 4.1]},
			"faces": {
				"north": {"uv": [0, 0, 0.3, 0.1], "texture": "#6"},
				"east": {"uv": [0, 0, 0.4, 0.1], "texture": "#6"},
				"south": {"uv": [0, 0, 0.3, 0.1], "texture": "#6"},
				"west": {"uv": [0, 0, 0.4, 0.1], "texture": "#6"},
				"up": {"uv": [0, 0, 0.3, 0.4], "texture": "#6"},
				"down": {"uv": [0, 0, 0.3, 0.4], "texture": "#6"}
			}
		},
		{
			"from": [6.3, 10.8, 8.7],
			"to": [6.7, 10.9, 9.1],
			"rotation": {"angle": 0, "axis": "y", "origin": [14.3, 15.4, 4.1]},
			"faces": {
				"north": {"uv": [0, 0, 0.4, 0.1], "texture": "#6"},
				"east": {"uv": [0, 0, 0.4, 0.1], "texture": "#6"},
				"south": {"uv": [0, 0, 0.4, 0.1], "texture": "#6"},
				"west": {"uv": [0, 0, 0.4, 0.1], "texture": "#6"},
				"up": {"uv": [0, 0, 0.4, 0.4], "texture": "#6"},
				"down": {"uv": [0, 0, 0.4, 0.4], "texture": "#6"}
			}
		},
		{
			"from": [6.9, 10.8, 8.7],
			"to": [7.2, 10.9, 9.1],
			"rotation": {"angle": 0, "axis": "y", "origin": [14.9, 15.4, 4.1]},
			"faces": {
				"north": {"uv": [0, 0, 0.3, 0.1], "texture": "#6"},
				"east": {"uv": [0, 0, 0.4, 0.1], "texture": "#6"},
				"south": {"uv": [0, 0, 0.3, 0.1], "texture": "#6"},
				"west": {"uv": [0, 0, 0.4, 0.1], "texture": "#6"},
				"up": {"uv": [0, 0, 0.3, 0.4], "texture": "#6"},
				"down": {"uv": [0, 0, 0.3, 0.4], "texture": "#6"}
			}
		},
		{
			"from": [6.8, 10.4, 8.7],
			"to": [6.9, 10.9, 9.1],
			"rotation": {"angle": 0, "axis": "y", "origin": [14.3, 15.4, 4.1]},
			"faces": {
				"north": {"uv": [0, 0, 0.1, 0.5], "texture": "#6"},
				"east": {"uv": [0, 0, 0.4, 0.5], "texture": "#6"},
				"south": {"uv": [0, 0, 0.1, 0.5], "texture": "#6"},
				"west": {"uv": [0, 0, 0.4, 0.5], "texture": "#6"},
				"up": {"uv": [0, 0, 0.1, 0.4], "texture": "#6"},
				"down": {"uv": [0, 0, 0.1, 0.4], "texture": "#6"}
			}
		},
		{
			"from": [6.2, 10.7, 8.7],
			"to": [6.3, 10.8, 9.1],
			"rotation": {"angle": 0, "axis": "y", "origin": [14.3, 15.4, 4.1]},
			"faces": {
				"north": {"uv": [0, 0, 0.1, 0.1], "texture": "#6"},
				"east": {"uv": [0, 0, 0.4, 0.1], "texture": "#6"},
				"south": {"uv": [0, 0, 0.1, 0.1], "texture": "#6"},
				"west": {"uv": [0, 0, 0.4, 0.1], "texture": "#6"},
				"up": {"uv": [0, 0, 0.1, 0.4], "texture": "#6"},
				"down": {"uv": [0, 0, 0.1, 0.4], "texture": "#6"}
			}
		},
		{
			"from": [7.2, 10.7, 8.7],
			"to": [7.3, 10.8, 9.1],
			"rotation": {"angle": 0, "axis": "y", "origin": [14.3, 15.4, 4.1]},
			"faces": {
				"north": {"uv": [0, 0, 0.1, 0.1], "texture": "#6"},
				"east": {"uv": [0, 0, 0.4, 0.1], "texture": "#6"},
				"south": {"uv": [0, 0, 0.1, 0.1], "texture": "#6"},
				"west": {"uv": [0, 0, 0.4, 0.1], "texture": "#6"},
				"up": {"uv": [0, 0, 0.1, 0.4], "texture": "#6"},
				"down": {"uv": [0, 0, 0.1, 0.4], "texture": "#6"}
			}
		},
		{
			"from": [6.6, 10.5, 8.7],
			"to": [6.7, 10.6, 9.1],
			"rotation": {"angle": 0, "axis": "y", "origin": [14.3, 15.4, 4.1]},
			"faces": {
				"north": {"uv": [0, 0, 0.1, 0.1], "texture": "#6"},
				"east": {"uv": [0, 0, 0.4, 0.1], "texture": "#6"},
				"south": {"uv": [0, 0, 0.1, 0.1], "texture": "#6"},
				"west": {"uv": [0, 0, 0.4, 0.1], "texture": "#6"},
				"up": {"uv": [0, 0, 0.1, 0.4], "texture": "#6"},
				"down": {"uv": [0, 0, 0.1, 0.4], "texture": "#6"}
			}
		},
		{
			"from": [6.32363, 0.8, 7.81386],
			"to": [6.72363, 0.9, 8.21386],
			"rotation": {"angle": 0, "axis": "y", "origin": [6.21181, 1.08126, 8.00693]},
			"faces": {
				"north": {"uv": [0, 0, 0.4, 0.1], "texture": "#6"},
				"east": {"uv": [0, 0, 0.4, 0.1], "texture": "#6"},
				"south": {"uv": [0, 0, 0.4, 0.1], "texture": "#6"},
				"west": {"uv": [0, 0, 0.4, 0.1], "texture": "#6"},
				"up": {"uv": [0, 0, 0.4, 0.4], "rotation": 180, "texture": "#6"},
				"down": {"uv": [0, 0, 0.4, 0.4], "rotation": 180, "texture": "#6"}
			}
		},
		{
			"from": [6.32363, 1, 7.81386],
			"to": [6.62363, 1.1, 8.21386],
			"rotation": {"angle": 0, "axis": "y", "origin": [6.21181, 1.08126, 8.00693]},
			"faces": {
				"north": {"uv": [0, 0, 0.3, 0.1], "texture": "#6"},
				"east": {"uv": [0, 0, 0.4, 0.1], "texture": "#6"},
				"south": {"uv": [0, 0, 0.3, 0.1], "texture": "#6"},
				"west": {"uv": [0, 0, 0.4, 0.1], "texture": "#6"},
				"up": {"uv": [0, 0, 0.3, 0.4], "rotation": 180, "texture": "#6"},
				"down": {"uv": [0, 0, 0.3, 0.4], "rotation": 180, "texture": "#6"}
			}
		},
		{
			"from": [5.72363, 1, 7.81386],
			"to": [6.02363, 1.1, 8.21386],
			"rotation": {"angle": 0, "axis": "y", "origin": [6.21181, 1.08126, 8.00693]},
			"faces": {
				"north": {"uv": [0, 0, 0.3, 0.1], "texture": "#6"},
				"east": {"uv": [0, 0, 0.4, 0.1], "texture": "#6"},
				"south": {"uv": [0, 0, 0.3, 0.1], "texture": "#6"},
				"west": {"uv": [0, 0, 0.4, 0.1], "texture": "#6"},
				"up": {"uv": [0, 0, 0.3, 0.4], "rotation": 180, "texture": "#6"},
				"down": {"uv": [0, 0, 0.3, 0.4], "rotation": 180, "texture": "#6"}
			}
		},
		{
			"from": [6.22363, 1.2, 7.81386],
			"to": [6.62363, 1.3, 8.21386],
			"rotation": {"angle": 0, "axis": "y", "origin": [6.21181, 1.08126, 8.00693]},
			"faces": {
				"north": {"uv": [0, 0, 0.4, 0.1], "texture": "#6"},
				"east": {"uv": [0, 0, 0.4, 0.1], "texture": "#6"},
				"south": {"uv": [0, 0, 0.4, 0.1], "texture": "#6"},
				"west": {"uv": [0, 0, 0.4, 0.1], "texture": "#6"},
				"up": {"uv": [0, 0, 0.4, 0.4], "rotation": 180, "texture": "#6"},
				"down": {"uv": [0, 0, 0.4, 0.4], "rotation": 180, "texture": "#6"}
			}
		},
		{
			"from": [5.72363, 1.2, 7.81386],
			"to": [6.02363, 1.3, 8.21386],
			"rotation": {"angle": 0, "axis": "y", "origin": [6.21181, 1.08126, 8.00693]},
			"faces": {
				"north": {"uv": [0, 0, 0.3, 0.1], "texture": "#6"},
				"east": {"uv": [0, 0, 0.4, 0.1], "texture": "#6"},
				"south": {"uv": [0, 0, 0.3, 0.1], "texture": "#6"},
				"west": {"uv": [0, 0, 0.4, 0.1], "texture": "#6"},
				"up": {"uv": [0, 0, 0.3, 0.4], "rotation": 180, "texture": "#6"},
				"down": {"uv": [0, 0, 0.3, 0.4], "rotation": 180, "texture": "#6"}
			}
		},
		{
			"from": [6.02363, 0.8, 7.81386],
			"to": [6.12363, 1.3, 8.21386],
			"rotation": {"angle": 0, "axis": "y", "origin": [6.21181, 1.08126, 8.00693]},
			"faces": {
				"north": {"uv": [0, 0, 0.1, 0.5], "texture": "#6"},
				"east": {"uv": [0, 0, 0.4, 0.5], "texture": "#6"},
				"south": {"uv": [0, 0, 0.1, 0.5], "texture": "#6"},
				"west": {"uv": [0, 0, 0.4, 0.5], "texture": "#6"},
				"up": {"uv": [0, 0, 0.1, 0.4], "rotation": 180, "texture": "#6"},
				"down": {"uv": [0, 0, 0.1, 0.4], "rotation": 180, "texture": "#6"}
			}
		},
		{
			"from": [6.62363, 1.1, 7.81386],
			"to": [6.72363, 1.2, 8.21386],
			"rotation": {"angle": 0, "axis": "y", "origin": [6.21181, 1.08126, 8.00693]},
			"faces": {
				"north": {"uv": [0, 0, 0.1, 0.1], "texture": "#6"},
				"east": {"uv": [0, 0, 0.4, 0.1], "texture": "#6"},
				"south": {"uv": [0, 0, 0.1, 0.1], "texture": "#6"},
				"west": {"uv": [0, 0, 0.4, 0.1], "texture": "#6"},
				"up": {"uv": [0, 0, 0.1, 0.4], "rotation": 180, "texture": "#6"},
				"down": {"uv": [0, 0, 0.1, 0.4], "rotation": 180, "texture": "#6"}
			}
		},
		{
			"from": [5.62363, 1.1, 7.81386],
			"to": [5.72363, 1.2, 8.21386],
			"rotation": {"angle": 0, "axis": "y", "origin": [6.21181, 1.08126, 8.00693]},
			"faces": {
				"north": {"uv": [0, 0, 0.1, 0.1], "texture": "#6"},
				"east": {"uv": [0, 0, 0.4, 0.1], "texture": "#6"},
				"south": {"uv": [0, 0, 0.1, 0.1], "texture": "#6"},
				"west": {"uv": [0, 0, 0.4, 0.1], "texture": "#6"},
				"up": {"uv": [0, 0, 0.1, 0.4], "rotation": 180, "texture": "#6"},
				"down": {"uv": [0, 0, 0.1, 0.4], "rotation": 180, "texture": "#6"}
			}
		},
		{
			"from": [6.22363, 0.9, 7.81386],
			"to": [6.32363, 1, 8.21386],
			"rotation": {"angle": 0, "axis": "y", "origin": [6.21181, 1.08126, 8.00693]},
			"faces": {
				"north": {"uv": [0, 0, 0.1, 0.1], "texture": "#6"},
				"east": {"uv": [0, 0, 0.4, 0.1], "texture": "#6"},
				"south": {"uv": [0, 0, 0.1, 0.1], "texture": "#6"},
				"west": {"uv": [0, 0, 0.4, 0.1], "texture": "#6"},
				"up": {"uv": [0, 0, 0.1, 0.4], "rotation": 180, "texture": "#6"},
				"down": {"uv": [0, 0, 0.1, 0.4], "rotation": 180, "texture": "#6"}
			}
		}
	],
	"display": {
		"thirdperson_righthand": {
			"rotation": [0, 154, 0],
			"translation": [-4.5, 0, -0.75],
			"scale": [0.34, 0.34, 0.34]
		},
		"thirdperson_lefthand": {
			"rotation": [0, 154, 0],
			"translation": [-3.5, 0, -0.75],
			"scale": [0.34, 0.34, 0.34]
		},
		"firstperson_righthand": {
			"rotation": [0, 154, 0],
			"translation": [0, 3.25, -0.25],
			"scale": [0.54, 0.54, 0.54]
		},
		"firstperson_lefthand": {
			"rotation": [0, 154, 0],
			"translation": [0, 3.25, -0.25],
			"scale": [0.54, 0.54, 0.54]
		},
		"ground": {
			"rotation": [90, 0, 0],
			"translation": [0, -0.5, 0],
			"scale": [0.39, 0.39, 0.39]
		},
		"gui": {
			"rotation": [-23, 156, 8],
			"translation": [-1.25, 0, 0],
			"scale": [0.77, 0.77, 0.77]
		},
		"fixed": {
			"rotation": [-6, 0, 0],
			"translation": [1.75, -0.25, -1.25]
		}
	},
	"groups": [0,
		{
			"name": "group",
			"origin": [8, 8, 8],
			"children": [1, 2, 3, 4, 5, 6, 7, 8, 9, 10, 11, 12]
		},
		{
			"name": "group",
			"origin": [8, 8, 8],
			"children": [13, 14, 15]
		},
		{
			"name": "group",
			"origin": [8, 8, 8],
			"children": [16, 17, 18, 19]
		},
		{
			"name": "group",
			"origin": [8, 8, 8],
			"children": [20, 21, 22, 23, 24, 25, 26, 27, 28]
		},
		{
			"name": "group",
			"origin": [8, 8, 8],
			"children": [29, 30, 31, 32, 33, 34, 35, 36, 37]
		}
	]
}