{
	"credit": "Made by DrVECKER",
	"textures": {
		"0": "hats/papertext",
		"1": "hats/dark_oak_planks",
		"2": "hats/mask/top",
		"particle": "hats/papertext"
	},
	"elements": [
		{
			"from": [7.7, 0, 3],
			"to": [7.9, 13.7, 13],
			"rotation": {"angle": 0, "axis": "y", "origin": [8.7, 8, 8]},
			"faces": {
				"north": {"uv": [15.5, 0, 16, 15.95], "texture": "#0"},
				"east": {"uv": [0, 0, 10.75, 15.95], "texture": "#0"},
				"south": {"uv": [15.5, 0, 16, 15.95], "texture": "#0"},
				"west": {"uv": [0, 0, 10.75, 15.95], "texture": "#0"},
				"up": {"uv": [15.5, 0, 16, 15.95], "texture": "#0"},
				"down": {"uv": [15.5, 0, 16, 15.95], "texture": "#0"}
			}
		},
		{
			"from": [8, 0, 3],
			"to": [8.2, 13.7, 13],
			"rotation": {"angle": 0, "axis": "y", "origin": [8.7, 8, 8]},
			"faces": {
				"north": {"uv": [15.5, 0, 16, 15.95], "texture": "#0"},
				"east": {"uv": [0, 0, 10.75, 15.95], "texture": "#0"},
				"south": {"uv": [15.5, 0, 16, 15.95], "texture": "#0"},
				"west": {"uv": [0, 0, 10.75, 15.95], "texture": "#0"},
				"up": {"uv": [15.5, 0, 16, 15.95], "texture": "#0"},
				"down": {"uv": [15.5, 0, 16, 15.95], "texture": "#0"}
			}
		},
		{
			"from": [8.1, 12.5, 4.5],
			"to": [8.6, 14.9, 11.5],
			"faces": {
				"north": {"uv": [0, 0, 0.5, 2.4], "texture": "#2"},
				"east": {"uv": [0, 0, 7, 2.4], "texture": "#2"},
				"south": {"uv": [0, 0, 0.5, 2.4], "texture": "#2"},
				"west": {"uv": [0, 0, 7, 2.4], "texture": "#2"},
				"up": {"uv": [0, 0, 0.5, 7], "texture": "#2"},
				"down": {"uv": [0, 0, 0.5, 7], "texture": "#2"}
			}
		},
		{
			"from": [7.6, 12.7, 6.7],
			"to": [8.1, 13.9, 9.4],
			"faces": {
				"north": {"uv": [0, 0, 0.5, 1.2], "texture": "#2"},
				"east": {"uv": [0, 0, 2.7, 1.2], "texture": "#2"},
				"south": {"uv": [0, 0, 0.5, 1.2], "texture": "#2"},
				"west": {"uv": [0, 0, 2.7, 1.2], "texture": "#2"},
				"up": {"uv": [0, 0, 0.5, 2.7], "texture": "#2"},
				"down": {"uv": [0, 0, 0.5, 2.7], "texture": "#2"}
			}
		},
		{
			"from": [8.2, -0.7, 2],
			"to": [8.7, 15.5, 14],
			"faces": {
				"north": {"uv": [0, 0, 0.5, 16], "texture": "#1"},
				"east": {"uv": [0, 0, 12, 16], "texture": "#1"},
				"south": {"uv": [0, 0, 0.5, 16], "texture": "#1"},
				"west": {"uv": [0, 0, 12, 16], "texture": "#1"},
				"up": {"uv": [0, 0, 0.5, 12], "texture": "#1"},
				"down": {"uv": [0, 0, 0.5, 12], "texture": "#1"}
			}
		}
	],
	"display": {
		"thirdperson_righthand": {
			"rotation": [0, 39, 0],
			"translation": [-2.25, 0.75, -1.5],
			"scale": [0.6, 0.6, 0.6]
		},
		"thirdperson_lefthand": {
			"rotation": [0, 39, 0],
			"translation": [-2.25, 0.75, -1.5],
			"scale": [-0.6, 0.6, 0.6]
		},
		"firstperson_righthand": {
			"rotation": [0, 39, 0],
			"translation": [1.75, 1.5, -1.5],
			"scale": [0.6, 0.6, 0.6]
		},
		"firstperson_lefthand": {
			"rotation": [0, 39, 0],
			"translation": [1.75, 1.5, -1.5],
			"scale": [-0.6, 0.6, 0.6]
		},
		"ground": {
			"rotation": [0, 0, -90],
			"translation": [0, 0.5, 0],
			"scale": [0.45, 0.45, 0.45]
		},
		"gui": {
			"rotation": [28, 55, -5],
			"translation": [0, 0.5, 0],
			"scale": [0.86, 0.86, 0.86]
		},
		"fixed": {
			"rotation": [-4, -90, 0],
			"translation": [0, 0.75, -1.5],
			"scale": [1.21, 1.21, 1.21]
		}
	}
}