{
	"credit": "Made by DrVECKER",
	"textures": {
		"0": "hats/retrowave",
		"1": "hats/emodji/gray_concrete",
		"particle": "hats/retrowave"
	},
	"elements": [
		{
			"from": [4, 0, 7],
			"to": [12, 0.5, 11],
			"faces": {
				"north": {"uv": [0, 0, 8, 0.5], "texture": "#1"},
				"east": {"uv": [0, 0, 4, 0.5], "texture": "#1"},
				"south": {"uv": [0, 0, 8, 0.5], "texture": "#1"},
				"west": {"uv": [0, 0, 4, 0.5], "texture": "#1"},
				"up": {"uv": [0, 0, 8, 4], "texture": "#1"},
				"down": {"uv": [0, 0, 8, 4], "texture": "#1"}
			}
		},
		{
			"from": [7, 0.5, 10],
			"to": [9, 9, 10.4],
			"rotation": {"angle": 0, "axis": "y", "origin": [8, 8, 9]},
			"faces": {
				"north": {"uv": [0, 0, 2, 8.5], "texture": "#1"},
				"east": {"uv": [0, 0, 0.4, 8.5], "texture": "#1"},
				"south": {"uv": [0, 0, 2, 8.5], "texture": "#1"},
				"west": {"uv": [0, 0, 0.4, 8.5], "texture": "#1"},
				"up": {"uv": [0, 0, 2, 0.4], "texture": "#1"},
				"down": {"uv": [0, 0, 2, 0.4], "texture": "#1"}
			}
		},
		{
			"from": [-3, 1.5, 9.2],
			"to": [20, 15, 9.6],
			"rotation": {"angle": 0, "axis": "y", "origin": [8, 8, 9]},
			"faces": {
				"north": {"uv": [0, 3.5, 16, 12.5], "texture": "#0"},
				"east": {"uv": [0, 0, 0.4, 13.5], "texture": "#1"},
				"south": {"uv": [0, 0, 16, 13.5], "texture": "#1"},
				"west": {"uv": [0, 0, 0.4, 13.5], "texture": "#1"},
				"up": {"uv": [0, 0, 16, 0.4], "texture": "#1"},
				"down": {"uv": [0, 0, 16, 0.4], "texture": "#1"}
			}
		},
		{
			"from": [20, 1.5, 8.9],
			"to": [20.3, 15, 9.4],
			"rotation": {"angle": 0, "axis": "y", "origin": [8, 8, 9]},
			"faces": {
				"north": {"uv": [0, 3.5, 16, 12.5], "texture": "#1"},
				"east": {"uv": [0, 0, 0.4, 13.5], "texture": "#1"},
				"south": {"uv": [0, 0, 16, 13.5], "texture": "#1"},
				"west": {"uv": [0, 0, 0.4, 13.5], "texture": "#1"},
				"up": {"uv": [0, 0, 16, 0.4], "texture": "#1"},
				"down": {"uv": [0, 0, 16, 0.4], "texture": "#1"}
			}
		},
		{
			"from": [-3.3, 1.5, 8.9],
			"to": [-3, 15, 9.4],
			"rotation": {"angle": 0, "axis": "y", "origin": [8, 8, 9]},
			"faces": {
				"north": {"uv": [0, 3.5, 16, 12.5], "texture": "#1"},
				"east": {"uv": [0, 0, 0.4, 13.5], "texture": "#1"},
				"south": {"uv": [0, 0, 16, 13.5], "texture": "#1"},
				"west": {"uv": [0, 0, 0.4, 13.5], "texture": "#1"},
				"up": {"uv": [0, 0, 16, 0.4], "texture": "#1"},
				"down": {"uv": [0, 0, 16, 0.4], "texture": "#1"}
			}
		},
		{
			"from": [-3.3, 15, 8.9],
			"to": [20.3, 15.3, 9.4],
			"rotation": {"angle": 0, "axis": "z", "origin": [3.2, 4, 9]},
			"faces": {
				"north": {"uv": [0, 3.5, 16, 12.5], "rotation": 270, "texture": "#1"},
				"east": {"uv": [0, 0, 16, 0.4], "rotation": 90, "texture": "#1"},
				"south": {"uv": [0, 0, 16, 13.5], "rotation": 90, "texture": "#1"},
				"west": {"uv": [0, 0, 16, 0.4], "rotation": 90, "texture": "#1"},
				"up": {"uv": [0, 0, 0.4, 13.5], "rotation": 90, "texture": "#1"},
				"down": {"uv": [0, 0, 0.4, 13.5], "rotation": 90, "texture": "#1"}
			}
		},
		{
			"from": [-3.3, 1.2, 8.9],
			"to": [20.3, 1.5, 9.4],
			"rotation": {"angle": 0, "axis": "z", "origin": [3.2, 4, 9]},
			"faces": {
				"north": {"uv": [0, 3.5, 16, 12.5], "rotation": 270, "texture": "#1"},
				"east": {"uv": [0, 0, 16, 0.4], "rotation": 90, "texture": "#1"},
				"south": {"uv": [0, 0, 16, 13.5], "rotation": 90, "texture": "#1"},
				"west": {"uv": [0, 0, 16, 0.4], "rotation": 90, "texture": "#1"},
				"up": {"uv": [0, 0, 0.4, 13.5], "rotation": 90, "texture": "#1"},
				"down": {"uv": [0, 0, 0.4, 13.5], "rotation": 90, "texture": "#1"}
			}
		},
		{
			"from": [7.5, 7.6, 9.6],
			"to": [8.5, 8.6, 10],
			"rotation": {"angle": 0, "axis": "y", "origin": [8, 8, 9]},
			"faces": {
				"north": {"uv": [0, 0, 1, 1], "texture": "#1"},
				"east": {"uv": [0, 0, 0.4, 1], "texture": "#1"},
				"south": {"uv": [0, 0, 1, 1], "texture": "#1"},
				"west": {"uv": [0, 0, 0.4, 1], "texture": "#1"},
				"up": {"uv": [0, 0, 1, 0.4], "texture": "#1"},
				"down": {"uv": [0, 0, 1, 0.4], "texture": "#1"}
			}
		}
	],
	"display": {
		"thirdperson_righthand": {
			"rotation": [0, 138, 0],
			"scale": [0.24, 0.24, 0.24]
		},
		"thirdperson_lefthand": {
			"rotation": [0, 138, 0],
			"scale": [0.24, 0.24, 0.24]
		},
		"firstperson_righthand": {
			"rotation": [0, 138, 0],
			"translation": [0, 1.75, 0],
			"scale": [0.42, 0.42, 0.42]
		},
		"firstperson_lefthand": {
			"rotation": [0, 138, 0],
			"translation": [0, 1.75, 0],
			"scale": [0.42, 0.42, 0.42]
		},
		"ground": {
			"translation": [0, 1, 0],
			"scale": [0.68, 0.68, 0.68]
		},
		"gui": {
			"rotation": [23, 138, 0],
			"scale": [0.82, 0.82, 0.82]
		},
		"fixed": {
			"rotation": [-90, 0, 0],
			"translation": [0, -5.25, -31.5],
			"scale": [4, 4, 4]
		}
	}
}