{
	"credit": "Made by DrVECKER",
	"textures": {
		"0": "hats/waidelos",
		"particle": "hats/waidelos"
	},
	"elements": [
		{
			"name": "head",
			"from": [4.152, 17.007, 2.252],
			"to": [11.848, 24.703, 9.948],
			"rotation": {"angle": -22.5, "axis": "x", "origin": [8, 22.126, 8]},
			"faces": {
				"north": {"uv": [2, 2, 4, 4], "texture": "#0"},
				"east": {"uv": [0, 2, 2, 4], "texture": "#0"},
				"south": {"uv": [6, 2, 8, 4], "texture": "#0"},
				"west": {"uv": [4, 2, 6, 4], "texture": "#0"},
				"up": {"uv": [4, 2, 2, 0], "texture": "#0"},
				"down": {"uv": [6, 0, 4, 2], "texture": "#0"}
			}
		},
		{
			"name": "body",
			"from": [5.04, 8.51, 6.52],
			"to": [10.96, 17.39, 9.48],
			"rotation": {"angle": 0, "axis": "y", "origin": [8, 5.92, 8]},
			"faces": {
				"north": {"uv": [5, 5, 7, 8], "texture": "#0"},
				"east": {"uv": [4, 5, 5, 8], "texture": "#0"},
				"south": {"uv": [8, 5, 10, 8], "texture": "#0"},
				"west": {"uv": [7, 5, 8, 8], "texture": "#0"},
				"up": {"uv": [7, 5, 5, 4], "texture": "#0"},
				"down": {"uv": [9, 4, 7, 5], "texture": "#0"}
			}
		},
		{
			"name": "right_arm",
			"from": [10.96, 8.51, 7.22],
			"to": [13.18, 17.39, 10.18],
			"rotation": {"angle": -22.5, "axis": "z", "origin": [10.96, 16.28, 8.7]},
			"faces": {
				"north": {"uv": [11, 5, 11.75, 8], "texture": "#0"},
				"east": {"uv": [10, 5, 11, 8], "texture": "#0"},
				"south": {"uv": [12.75, 5, 13.5, 8], "texture": "#0"},
				"west": {"uv": [11.75, 5, 12.75, 8], "texture": "#0"},
				"up": {"uv": [11.75, 5, 11, 4], "texture": "#0"},
				"down": {"uv": [12.5, 4, 11.75, 5], "texture": "#0"}
			}
		},
		{
			"name": "left_arm",
			"from": [2.82, 8.51, 7.22],
			"to": [5.04, 17.39, 10.18],
			"rotation": {"angle": 22.5, "axis": "z", "origin": [5.04, 16.28, 8.7]},
			"faces": {
				"north": {"uv": [9, 13, 9.75, 16], "texture": "#0"},
				"east": {"uv": [8, 13, 9, 16], "texture": "#0"},
				"south": {"uv": [10.75, 13, 11.5, 16], "texture": "#0"},
				"west": {"uv": [9.75, 13, 10.75, 16], "texture": "#0"},
				"up": {"uv": [9.75, 13, 9, 12], "texture": "#0"},
				"down": {"uv": [10.5, 12, 9.75, 13], "texture": "#0"}
			}
		},
		{
			"name": "right_leg",
			"from": [5.04, -0.37, 6.52],
			"to": [8, 8.51, 9.48],
			"rotation": {"angle": 0, "axis": "y", "origin": [8, 5.92, 8]},
			"faces": {
				"north": {"uv": [5, 13, 6, 16], "texture": "#0"},
				"east": {"uv": [4, 13, 5, 16], "texture": "#0"},
				"south": {"uv": [7, 13, 8, 16], "texture": "#0"},
				"west": {"uv": [6, 13, 7, 16], "texture": "#0"},
				"up": {"uv": [6, 13, 5, 12], "texture": "#0"},
				"down": {"uv": [7, 12, 6, 13], "texture": "#0"}
			}
		},
		{
			"name": "left_leg",
			"from": [8, -0.37, 6.52],
			"to": [10.96, 8.51, 9.48],
			"rotation": {"angle": -22.5, "axis": "x", "origin": [9.48322, 7.77259, 7.99419]},
			"faces": {
				"north": {"uv": [1, 5, 2, 8], "texture": "#0"},
				"east": {"uv": [0, 5, 1, 8], "texture": "#0"},
				"south": {"uv": [3, 5, 4, 8], "texture": "#0"},
				"west": {"uv": [2, 5, 3, 8], "texture": "#0"},
				"up": {"uv": [2, 5, 1, 4], "texture": "#0"},
				"down": {"uv": [3, 4, 2, 5], "texture": "#0"}
			}
		},
		{
			"name": "head_2nd_layer",
			"from": [3.671, 16.526, 1.771],
			"to": [12.329, 25.184, 10.429],
			"rotation": {"angle": -22.5, "axis": "x", "origin": [8, 22.126, 8]},
			"faces": {
				"north": {"uv": [10, 2, 12, 4], "texture": "#0"},
				"east": {"uv": [8, 2, 10, 4], "texture": "#0"},
				"south": {"uv": [14, 2, 16, 4], "texture": "#0"},
				"west": {"uv": [12, 2, 14, 4], "texture": "#0"},
				"up": {"uv": [12, 2, 10, 0], "texture": "#0"},
				"down": {"uv": [14, 0, 12, 2], "texture": "#0"}
			}
		},
		{
			"name": "body_2nd_layer",
			"from": [5.04, 8.1548, 6.1426],
			"to": [10.96, 17.7822, 9.8426],
			"rotation": {"angle": 0, "axis": "y", "origin": [8, 5.92, 8]},
			"faces": {
				"north": {"uv": [5, 9, 7, 12], "texture": "#0"},
				"east": {"uv": [4, 9, 5, 12], "texture": "#0"},
				"south": {"uv": [8, 9, 10, 12], "texture": "#0"},
				"west": {"uv": [7, 9, 8, 12], "texture": "#0"},
				"up": {"uv": [7, 9, 5, 8], "texture": "#0"},
				"down": {"uv": [9, 8, 7, 9], "texture": "#0"}
			}
		},
		{
			"name": "right_arm_2nd_layer",
			"from": [10.59, 8.14, 6.85],
			"to": [13.55, 17.76, 10.55],
			"rotation": {"angle": -22.5, "axis": "z", "origin": [10.96, 16.28, 8.7]},
			"faces": {
				"north": {"uv": [10.75, 9, 11.5, 12], "texture": "#0"},
				"east": {"uv": [10, 9, 11, 12], "texture": "#0"},
				"south": {"uv": [12.75, 9, 13.5, 12], "texture": "#0"},
				"west": {"uv": [11.75, 9, 12.75, 12], "texture": "#0"},
				"up": {"uv": [11.75, 9, 11, 8], "texture": "#0"},
				"down": {"uv": [12.5, 8, 11.75, 9], "texture": "#0"}
			}
		},
		{
			"name": "left_arm_2nd_layer",
			"from": [2.45, 8.14, 6.85],
			"to": [5.41, 17.76, 10.55],
			"rotation": {"angle": 22.5, "axis": "z", "origin": [5.04, 16.28, 8.7]},
			"faces": {
				"north": {"uv": [13, 13, 13.75, 16], "texture": "#0"},
				"east": {"uv": [12, 13, 13, 16], "texture": "#0"},
				"south": {"uv": [14.75, 13, 15.5, 16], "texture": "#0"},
				"west": {"uv": [13.75, 13, 14.75, 16], "texture": "#0"},
				"up": {"uv": [13.75, 13, 13, 12], "texture": "#0"},
				"down": {"uv": [14.5, 12, 13.75, 13], "texture": "#0"}
			}
		},
		{
			"name": "right_leg_2nd_layer",
			"from": [7.63, -0.74, 6.15],
			"to": [11.33, 8.88, 9.85],
			"rotation": {"angle": -22.5, "axis": "x", "origin": [9.48322, 7.77259, 7.99419]},
			"faces": {
				"north": {"uv": [1, 9, 2, 12], "texture": "#0"},
				"east": {"uv": [0, 9, 1, 12], "texture": "#0"},
				"south": {"uv": [3, 9, 4, 12], "texture": "#0"},
				"west": {"uv": [0, 9, 1, 12], "texture": "#0"},
				"up": {"uv": [2, 9, 1, 8], "texture": "#0"},
				"down": {"uv": [3, 8, 2, 9], "texture": "#0"}
			}
		},
		{
			"name": "left_leg_2nd_layer",
			"from": [4.67, -0.74, 6.15],
			"to": [8.37, 8.88, 9.85],
			"rotation": {"angle": 0, "axis": "y", "origin": [8, 5.92, 8]},
			"faces": {
				"north": {"uv": [1, 13, 2, 16], "texture": "#0"},
				"east": {"uv": [0, 13, 1, 16], "texture": "#0"},
				"south": {"uv": [3, 13, 4, 16], "texture": "#0"},
				"west": {"uv": [2, 13, 3, 16], "texture": "#0"},
				"up": {"uv": [2, 13, 1, 12], "texture": "#0"},
				"down": {"uv": [3, 12, 2, 13], "texture": "#0"}
			}
		}
	],
	"display": {
		"thirdperson_righthand": {
			"scale": [0.32, 0.32, 0.32]
		},
		"thirdperson_lefthand": {
			"scale": [0.32, 0.32, 0.32]
		},
		"firstperson_righthand": {
			"rotation": [0, 110, 0],
			"translation": [0, 1, 0],
			"scale": [0.32, 0.32, 0.32]
		},
		"firstperson_lefthand": {
			"rotation": [0, 110, 0],
			"translation": [0, 1, 0],
			"scale": [0.32, 0.32, 0.32]
		},
		"ground": {
			"scale": [0.29, 0.29, 0.29]
		},
		"gui": {
			"rotation": [-13, 154, 44],
			"translation": [-1.25, -2, 0],
			"scale": [0.67, 0.67, 0.67]
		},
		"head": {
			"translation": [0, 13, 0],
			"scale": [0.86, 0.86, 0.86]
		},
		"fixed": {
			"rotation": [-90, 0, 0],
			"translation": [0, 0, -11.75],
			"scale": [1.42, 1.42, 1.42]
		}
	},
	"groups": [
		{
			"name": "alex",
			"origin": [8, 8, 8],
			"children": [0, 1, 2, 3, 4, 5, 6, 7, 8, 9, 10, 11]
		}
	]
}