{
	"credit": "Made by DrVECKER",
	"textures": {
		"0": "hats/emodji/black_concrete",
		"1": "hats/emodji/yellow_concrete",
		"2": "hats/warning",
		"particle": "hats/emodji/black_concrete"
	},
	"elements": [
		{
			"from": [4, 0, 0.5],
			"to": [12, 1, 1],
			"rotation": {"angle": 0, "axis": "y", "origin": [11, 8, 8]},
			"faces": {
				"north": {"uv": [0, 0, 8, 1], "texture": "#0"},
				"east": {"uv": [0, 0, 0.5, 1], "texture": "#0"},
				"south": {"uv": [0, 0, 8, 1], "texture": "#0"},
				"west": {"uv": [0, 0, 0.5, 1], "texture": "#0"},
				"up": {"uv": [0, 0, 8, 0.5], "texture": "#0"},
				"down": {"uv": [0, 0, 8, 0.5], "texture": "#0"}
			}
		},
		{
			"from": [5.58959, 0, 1.09619],
			"to": [10.48959, 1, 1.59619],
			"rotation": {"angle": -45, "axis": "y", "origin": [9.48959, 8, 8.59619]},
			"faces": {
				"north": {"uv": [0, 0, 4.9, 1], "texture": "#0"},
				"east": {"uv": [0, 0, 0.5, 1], "texture": "#0"},
				"south": {"uv": [0, 0, 4.9, 1], "texture": "#0"},
				"west": {"uv": [0, 0, 0.5, 1], "texture": "#0"},
				"up": {"uv": [0, 0, 4.9, 0.5], "texture": "#0"},
				"down": {"uv": [0, 0, 4.9, 0.5], "texture": "#0"}
			}
		},
		{
			"from": [-0.11414, 0, 5.56759],
			"to": [0.38586, 1, 10.46759],
			"rotation": {"angle": -45, "axis": "y", "origin": [8.01759, 0.5, 8.01759]},
			"faces": {
				"north": {"uv": [0, 0, 0.5, 1], "texture": "#0"},
				"east": {"uv": [0, 0, 4.9, 1], "texture": "#0"},
				"south": {"uv": [0, 0, 0.5, 1], "texture": "#0"},
				"west": {"uv": [0, 0, 4.9, 1], "texture": "#0"},
				"up": {"uv": [0, 0, 4.9, 0.5], "rotation": 270, "texture": "#0"},
				"down": {"uv": [0, 0, 4.9, 0.5], "rotation": 90, "texture": "#0"}
			}
		},
		{
			"from": [0.38586, 0, 5.56759],
			"to": [15.68586, 0.575, 10.46759],
			"rotation": {"angle": -45, "axis": "y", "origin": [8.01759, 0.5, 8.01759]},
			"faces": {
				"north": {"uv": [0, 0, 15.3, 0.575], "texture": "#1"},
				"east": {"uv": [0, 0, 4.9, 0.575], "texture": "#1"},
				"south": {"uv": [0, 0, 15.3, 0.575], "texture": "#1"},
				"west": {"uv": [0, 0, 4.9, 0.575], "texture": "#1"},
				"up": {"uv": [0, 0, 4.9, 15.3], "rotation": 270, "texture": "#1"},
				"down": {"uv": [0, 0, 4.9, 15.3], "rotation": 90, "texture": "#1"}
			}
		},
		{
			"from": [0.38586, 0, 5.56759],
			"to": [15.68586, 0.575, 10.46759],
			"rotation": {"angle": 45, "axis": "y", "origin": [8.01759, 0.5, 8.01759]},
			"faces": {
				"north": {"uv": [0, 0, 15.3, 0.575], "texture": "#1"},
				"east": {"uv": [0, 0, 4.9, 0.575], "texture": "#1"},
				"south": {"uv": [0, 0, 15.3, 0.575], "texture": "#1"},
				"west": {"uv": [0, 0, 4.9, 0.575], "texture": "#1"},
				"up": {"uv": [0, 0, 4.9, 15.3], "rotation": 270, "texture": "#1"},
				"down": {"uv": [0, 0, 4.9, 15.3], "rotation": 90, "texture": "#1"}
			}
		},
		{
			"from": [-5.55685, 0, 12.24264],
			"to": [-0.65685, 1, 12.74264],
			"rotation": {"angle": -45, "axis": "y", "origin": [-1.65685, 8, 19.74264]},
			"faces": {
				"north": {"uv": [0, 0, 4.9, 1], "texture": "#0"},
				"east": {"uv": [0, 0, 0.5, 1], "texture": "#0"},
				"south": {"uv": [0, 0, 4.9, 1], "texture": "#0"},
				"west": {"uv": [0, 0, 0.5, 1], "texture": "#0"},
				"up": {"uv": [0, 0, 4.9, 0.5], "texture": "#0"},
				"down": {"uv": [0, 0, 4.9, 0.5], "texture": "#0"}
			}
		},
		{
			"from": [15.64932, 0, 5.56759],
			"to": [16.14932, 1, 10.46759],
			"rotation": {"angle": -45, "axis": "y", "origin": [8.01759, 0.5, 8.01759]},
			"faces": {
				"north": {"uv": [0, 0, 0.5, 1], "texture": "#0"},
				"east": {"uv": [0, 0, 4.9, 1], "texture": "#0"},
				"south": {"uv": [0, 0, 0.5, 1], "texture": "#0"},
				"west": {"uv": [0, 0, 4.9, 1], "texture": "#0"},
				"up": {"uv": [0, 0, 4.9, 0.5], "rotation": 270, "texture": "#0"},
				"down": {"uv": [0, 0, 4.9, 0.5], "rotation": 90, "texture": "#0"}
			}
		},
		{
			"from": [0.5, 0, 4],
			"to": [1, 1, 12],
			"rotation": {"angle": 0, "axis": "y", "origin": [8, 0.5, 8]},
			"faces": {
				"north": {"uv": [0, 0, 0.5, 1], "texture": "#0"},
				"east": {"uv": [0, 0, 8, 1], "texture": "#0"},
				"south": {"uv": [0, 0, 0.5, 1], "texture": "#0"},
				"west": {"uv": [0, 0, 8, 1], "texture": "#0"},
				"up": {"uv": [0, 0, 8, 0.5], "rotation": 270, "texture": "#0"},
				"down": {"uv": [0, 0, 8, 0.5], "rotation": 90, "texture": "#0"}
			}
		},
		{
			"from": [4, 0, 15],
			"to": [12, 1, 15.5],
			"rotation": {"angle": 0, "axis": "y", "origin": [11, 8, 23]},
			"faces": {
				"north": {"uv": [0, 0, 8, 1], "texture": "#0"},
				"east": {"uv": [0, 0, 0.5, 1], "texture": "#0"},
				"south": {"uv": [0, 0, 8, 1], "texture": "#0"},
				"west": {"uv": [0, 0, 0.5, 1], "texture": "#0"},
				"up": {"uv": [0, 0, 8, 0.5], "texture": "#0"},
				"down": {"uv": [0, 0, 8, 0.5], "texture": "#0"}
			}
		},
		{
			"from": [15, 0, 4],
			"to": [15.5, 1, 12],
			"rotation": {"angle": 0, "axis": "y", "origin": [8, 0.5, 8]},
			"faces": {
				"north": {"uv": [0, 0, 0.5, 1], "texture": "#0"},
				"east": {"uv": [0, 0, 8, 1], "texture": "#0"},
				"south": {"uv": [0, 0, 0.5, 1], "texture": "#0"},
				"west": {"uv": [0, 0, 8, 1], "texture": "#0"},
				"up": {"uv": [0, 0, 8, 0.5], "rotation": 270, "texture": "#0"},
				"down": {"uv": [0, 0, 8, 0.5], "rotation": 90, "texture": "#0"}
			}
		},
		{
			"from": [0.9, 0, 3.85],
			"to": [15, 0.6, 12.1],
			"rotation": {"angle": 0, "axis": "y", "origin": [6.9, 0.5, 8]},
			"faces": {
				"north": {"uv": [0, 0, 14, 0.6], "texture": "#1"},
				"east": {"uv": [0, 0, 11.25, 0.6], "texture": "#1"},
				"south": {"uv": [0, 0, 14, 0.6], "texture": "#1"},
				"west": {"uv": [0, 0, 11.25, 0.6], "texture": "#1"},
				"up": {"uv": [0.9, 3.85, 14.9, 12.1], "rotation": 270, "texture": "#1"},
				"down": {"uv": [0, 0, 11.25, 14], "rotation": 90, "texture": "#1"}
			}
		},
		{
			"from": [4.15, 0, 1],
			"to": [12.05, 0.6, 3.875],
			"rotation": {"angle": 0, "axis": "y", "origin": [6.95, 0.5, 6]},
			"faces": {
				"north": {"uv": [0, 0, 11.9, 0.6], "texture": "#1"},
				"east": {"uv": [0, 0, 1.375, 0.6], "texture": "#1"},
				"south": {"uv": [0, 0, 11.9, 0.6], "texture": "#1"},
				"west": {"uv": [0, 0, 1.375, 0.6], "texture": "#1"},
				"up": {"uv": [2, 3, 9.9, 5.875], "texture": "#1"},
				"down": {"uv": [0, 0, 1.375, 11.9], "rotation": 90, "texture": "#1"}
			}
		},
		{
			"from": [4.15, 0, 12.1],
			"to": [12.05, 0.6, 15.025],
			"rotation": {"angle": 0, "axis": "y", "origin": [6.95, 0.5, 17]},
			"faces": {
				"north": {"uv": [0, 0, 11.9, 0.6], "texture": "#1"},
				"east": {"uv": [0, 0, 1.375, 0.6], "texture": "#1"},
				"south": {"uv": [0, 0, 11.9, 0.6], "texture": "#1"},
				"west": {"uv": [0, 0, 1.375, 0.6], "texture": "#1"},
				"up": {"uv": [4, 4, 11.9, 6.875], "rotation": 90, "texture": "#1"},
				"down": {"uv": [0, 0, 1.375, 11.9], "rotation": 90, "texture": "#1"}
			}
		},
		{
			"name": "warning_0",
			"from": [2.015, 0.456, 7.265],
			"to": [2.395, 0.881, 7.36],
			"rotation": {"angle": 0, "axis": "y", "origin": [8, 6.536, 8]},
			"faces": {
				"north": {"uv": [0.625, 6.375, 0.125, 6.5], "texture": "#2"},
				"east": {"uv": [0.5, 6.375, 0.625, 6.5], "rotation": 90, "texture": "#2"},
				"south": {"uv": [0.125, 6.375, 0.625, 6.5], "texture": "#2"},
				"west": {"uv": [0.125, 6.375, 0.25, 6.5], "rotation": 270, "texture": "#2"},
				"up": {"uv": [0.125, 6.375, 0.625, 6.5], "texture": "#2"},
				"down": {"uv": [0.125, 6.5, 0.625, 6.375], "texture": "#2"}
			}
		},
		{
			"name": "warning_1",
			"from": [3.06, 0.456, 7.265],
			"to": [3.44, 0.881, 7.93],
			"rotation": {"angle": 0, "axis": "y", "origin": [8, 6.536, 8]},
			"faces": {
				"north": {"uv": [2, 6.375, 1.5, 6.5], "texture": "#2"},
				"east": {"uv": [1.875, 6.375, 2, 7.25], "rotation": 90, "texture": "#2"},
				"south": {"uv": [1.5, 7.125, 2, 7.25], "texture": "#2"},
				"west": {"uv": [1.5, 6.375, 1.625, 7.25], "rotation": 270, "texture": "#2"},
				"up": {"uv": [1.5, 6.375, 2, 7.25], "texture": "#2"},
				"down": {"uv": [1.5, 7.25, 2, 6.375], "texture": "#2"}
			}
		},
		{
			"name": "warning_2",
			"from": [4.105, 0.456, 7.265],
			"to": [4.39, 0.881, 7.74],
			"rotation": {"angle": 0, "axis": "y", "origin": [8, 6.536, 8]},
			"faces": {
				"north": {"uv": [3.25, 6.375, 2.875, 6.5], "texture": "#2"},
				"east": {"uv": [3.125, 6.375, 3.25, 7], "rotation": 90, "texture": "#2"},
				"south": {"uv": [2.875, 6.875, 3.25, 7], "texture": "#2"},
				"west": {"uv": [2.875, 6.375, 3, 7], "rotation": 270, "texture": "#2"},
				"up": {"uv": [2.875, 6.375, 3.25, 7], "texture": "#2"},
				"down": {"uv": [2.875, 7, 3.25, 6.375], "texture": "#2"}
			}
		},
		{
			"name": "warning_3",
			"from": [4.39, 0.456, 7.265],
			"to": [4.485, 0.881, 7.455],
			"rotation": {"angle": 0, "axis": "y", "origin": [8, 6.536, 8]},
			"faces": {
				"north": {"uv": [3.375, 6.375, 3.25, 6.5], "texture": "#2"},
				"east": {"uv": [3.25, 6.375, 3.375, 6.625], "rotation": 90, "texture": "#2"},
				"south": {"uv": [3.25, 6.5, 3.375, 6.625], "texture": "#2"},
				"west": {"uv": [3.25, 6.375, 3.375, 6.625], "rotation": 270, "texture": "#2"},
				"up": {"uv": [3.25, 6.375, 3.375, 6.625], "texture": "#2"},
				"down": {"uv": [3.25, 6.625, 3.375, 6.375], "texture": "#2"}
			}
		},
		{
			"name": "warning_4",
			"from": [5.055, 0.456, 7.265],
			"to": [5.435, 0.881, 7.74],
			"rotation": {"angle": 0, "axis": "y", "origin": [8, 6.536, 8]},
			"faces": {
				"north": {"uv": [4.625, 6.375, 4.125, 6.5], "texture": "#2"},
				"east": {"uv": [4.5, 6.375, 4.625, 7], "rotation": 90, "texture": "#2"},
				"south": {"uv": [4.125, 6.875, 4.625, 7], "texture": "#2"},
				"west": {"uv": [4.125, 6.375, 4.25, 7], "rotation": 270, "texture": "#2"},
				"up": {"uv": [4.125, 6.375, 4.625, 7], "texture": "#2"},
				"down": {"uv": [4.125, 7, 4.625, 6.375], "texture": "#2"}
			}
		},
		{
			"name": "warning_5",
			"from": [6.29, 0.456, 7.265],
			"to": [6.575, 0.881, 9.07],
			"rotation": {"angle": 0, "axis": "y", "origin": [8, 6.536, 8]},
			"faces": {
				"north": {"uv": [6.125, 6.375, 5.75, 6.5], "texture": "#2"},
				"east": {"uv": [6, 6.375, 6.125, 8.75], "rotation": 90, "texture": "#2"},
				"south": {"uv": [5.75, 8.625, 6.125, 8.75], "texture": "#2"},
				"west": {"uv": [5.75, 6.375, 5.875, 8.75], "rotation": 270, "texture": "#2"},
				"up": {"uv": [5.75, 6.375, 6.125, 8.75], "texture": "#2"},
				"down": {"uv": [5.75, 8.75, 6.125, 6.375], "texture": "#2"}
			}
		},
		{
			"name": "warning_6",
			"from": [5.89, 0.456, 11.265],
			"to": [6.175, 0.881, 13.07],
			"rotation": {"angle": 0, "axis": "y", "origin": [8, 6.536, 8]},
			"faces": {
				"north": {"uv": [6.125, 6.375, 5.75, 6.5], "texture": "#2"},
				"east": {"uv": [6, 6.375, 6.125, 8.75], "rotation": 90, "texture": "#2"},
				"south": {"uv": [5.75, 8.625, 6.125, 8.75], "texture": "#2"},
				"west": {"uv": [5.75, 6.375, 5.875, 8.75], "rotation": 270, "texture": "#2"},
				"up": {"uv": [5.75, 6.375, 6.125, 8.75], "texture": "#2"},
				"down": {"uv": [5.75, 8.75, 6.125, 6.375], "texture": "#2"}
			}
		},
		{
			"name": "warning_7",
			"from": [5.89, 0.456, 3.865],
			"to": [6.175, 0.881, 5.67],
			"rotation": {"angle": 0, "axis": "y", "origin": [8, 6.536, 8]},
			"faces": {
				"north": {"uv": [6.125, 6.375, 5.75, 6.5], "texture": "#2"},
				"east": {"uv": [6, 6.375, 6.125, 8.75], "rotation": 90, "texture": "#2"},
				"south": {"uv": [5.75, 8.625, 6.125, 8.75], "texture": "#2"},
				"west": {"uv": [5.75, 6.375, 5.875, 8.75], "rotation": 270, "texture": "#2"},
				"up": {"uv": [5.75, 6.375, 6.125, 8.75], "texture": "#2"},
				"down": {"uv": [5.75, 8.75, 6.125, 6.375], "texture": "#2"}
			}
		},
		{
			"name": "warning_7",
			"from": [6.89, 0.456, 11.265],
			"to": [7.175, 0.881, 13.07],
			"rotation": {"angle": 0, "axis": "y", "origin": [8, 6.536, 8]},
			"faces": {
				"north": {"uv": [6.125, 6.375, 5.75, 6.5], "texture": "#2"},
				"east": {"uv": [6, 6.375, 6.125, 8.75], "rotation": 90, "texture": "#2"},
				"south": {"uv": [5.75, 8.625, 6.125, 8.75], "texture": "#2"},
				"west": {"uv": [5.75, 6.375, 5.875, 8.75], "rotation": 270, "texture": "#2"},
				"up": {"uv": [5.75, 6.375, 6.125, 8.75], "texture": "#2"},
				"down": {"uv": [5.75, 8.75, 6.125, 6.375], "texture": "#2"}
			}
		},
		{
			"name": "warning_8",
			"from": [6.89, 0.456, 3.865],
			"to": [7.175, 0.881, 5.67],
			"rotation": {"angle": 0, "axis": "y", "origin": [8, 6.536, 8]},
			"faces": {
				"north": {"uv": [6.125, 6.375, 5.75, 6.5], "texture": "#2"},
				"east": {"uv": [6, 6.375, 6.125, 8.75], "rotation": 90, "texture": "#2"},
				"south": {"uv": [5.75, 8.625, 6.125, 8.75], "texture": "#2"},
				"west": {"uv": [5.75, 6.375, 5.875, 8.75], "rotation": 270, "texture": "#2"},
				"up": {"uv": [5.75, 6.375, 6.125, 8.75], "texture": "#2"},
				"down": {"uv": [5.75, 8.75, 6.125, 6.375], "texture": "#2"}
			}
		},
		{
			"name": "warning_8",
			"from": [7.89, 0.456, 11.265],
			"to": [8.175, 0.881, 13.07],
			"rotation": {"angle": 0, "axis": "y", "origin": [8, 6.536, 8]},
			"faces": {
				"north": {"uv": [6.125, 6.375, 5.75, 6.5], "texture": "#2"},
				"east": {"uv": [6, 6.375, 6.125, 8.75], "rotation": 90, "texture": "#2"},
				"south": {"uv": [5.75, 8.625, 6.125, 8.75], "texture": "#2"},
				"west": {"uv": [5.75, 6.375, 5.875, 8.75], "rotation": 270, "texture": "#2"},
				"up": {"uv": [5.75, 6.375, 6.125, 8.75], "texture": "#2"},
				"down": {"uv": [5.75, 8.75, 6.125, 6.375], "texture": "#2"}
			}
		},
		{
			"name": "warning_9",
			"from": [7.89, 0.456, 3.865],
			"to": [8.175, 0.881, 5.67],
			"rotation": {"angle": 0, "axis": "y", "origin": [8, 6.536, 8]},
			"faces": {
				"north": {"uv": [6.125, 6.375, 5.75, 6.5], "texture": "#2"},
				"east": {"uv": [6, 6.375, 6.125, 8.75], "rotation": 90, "texture": "#2"},
				"south": {"uv": [5.75, 8.625, 6.125, 8.75], "texture": "#2"},
				"west": {"uv": [5.75, 6.375, 5.875, 8.75], "rotation": 270, "texture": "#2"},
				"up": {"uv": [5.75, 6.375, 6.125, 8.75], "texture": "#2"},
				"down": {"uv": [5.75, 8.75, 6.125, 6.375], "texture": "#2"}
			}
		},
		{
			"name": "warning_9",
			"from": [8.89, 0.456, 11.265],
			"to": [9.175, 0.881, 13.07],
			"rotation": {"angle": 0, "axis": "y", "origin": [8, 6.536, 8]},
			"faces": {
				"north": {"uv": [6.125, 6.375, 5.75, 6.5], "texture": "#2"},
				"east": {"uv": [6, 6.375, 6.125, 8.75], "rotation": 90, "texture": "#2"},
				"south": {"uv": [5.75, 8.625, 6.125, 8.75], "texture": "#2"},
				"west": {"uv": [5.75, 6.375, 5.875, 8.75], "rotation": 270, "texture": "#2"},
				"up": {"uv": [5.75, 6.375, 6.125, 8.75], "texture": "#2"},
				"down": {"uv": [5.75, 8.75, 6.125, 6.375], "texture": "#2"}
			}
		},
		{
			"name": "warning_10",
			"from": [8.89, 0.456, 3.865],
			"to": [9.175, 0.881, 5.67],
			"rotation": {"angle": 0, "axis": "y", "origin": [8, 6.536, 8]},
			"faces": {
				"north": {"uv": [6.125, 6.375, 5.75, 6.5], "texture": "#2"},
				"east": {"uv": [6, 6.375, 6.125, 8.75], "rotation": 90, "texture": "#2"},
				"south": {"uv": [5.75, 8.625, 6.125, 8.75], "texture": "#2"},
				"west": {"uv": [5.75, 6.375, 5.875, 8.75], "rotation": 270, "texture": "#2"},
				"up": {"uv": [5.75, 6.375, 6.125, 8.75], "texture": "#2"},
				"down": {"uv": [5.75, 8.75, 6.125, 6.375], "texture": "#2"}
			}
		},
		{
			"name": "warning_10",
			"from": [9.89, 0.456, 11.265],
			"to": [10.175, 0.881, 13.07],
			"rotation": {"angle": 0, "axis": "y", "origin": [8, 6.536, 8]},
			"faces": {
				"north": {"uv": [6.125, 6.375, 5.75, 6.5], "texture": "#2"},
				"east": {"uv": [6, 6.375, 6.125, 8.75], "rotation": 90, "texture": "#2"},
				"south": {"uv": [5.75, 8.625, 6.125, 8.75], "texture": "#2"},
				"west": {"uv": [5.75, 6.375, 5.875, 8.75], "rotation": 270, "texture": "#2"},
				"up": {"uv": [5.75, 6.375, 6.125, 8.75], "texture": "#2"},
				"down": {"uv": [5.75, 8.75, 6.125, 6.375], "texture": "#2"}
			}
		},
		{
			"name": "warning_11",
			"from": [9.89, 0.456, 3.865],
			"to": [10.175, 0.881, 5.67],
			"rotation": {"angle": 0, "axis": "y", "origin": [8, 6.536, 8]},
			"faces": {
				"north": {"uv": [6.125, 6.375, 5.75, 6.5], "texture": "#2"},
				"east": {"uv": [6, 6.375, 6.125, 8.75], "rotation": 90, "texture": "#2"},
				"south": {"uv": [5.75, 8.625, 6.125, 8.75], "texture": "#2"},
				"west": {"uv": [5.75, 6.375, 5.875, 8.75], "rotation": 270, "texture": "#2"},
				"up": {"uv": [5.75, 6.375, 6.125, 8.75], "texture": "#2"},
				"down": {"uv": [5.75, 8.75, 6.125, 6.375], "texture": "#2"}
			}
		},
		{
			"name": "warning_7",
			"from": [5.89, 0.456, 13.365],
			"to": [6.175, 0.881, 13.67],
			"rotation": {"angle": 0, "axis": "y", "origin": [8, 6.536, 8]},
			"faces": {
				"north": {"uv": [6.125, 6.375, 5.75, 6.5], "texture": "#2"},
				"east": {"uv": [6, 6.375, 6.125, 8.75], "rotation": 90, "texture": "#2"},
				"south": {"uv": [5.75, 8.625, 6.125, 8.75], "texture": "#2"},
				"west": {"uv": [5.75, 6.375, 5.875, 8.75], "rotation": 270, "texture": "#2"},
				"up": {"uv": [5.75, 6.375, 6.125, 8.75], "texture": "#2"},
				"down": {"uv": [5.75, 8.75, 6.125, 6.375], "texture": "#2"}
			}
		},
		{
			"name": "warning_8",
			"from": [5.89, 0.456, 5.965],
			"to": [6.175, 0.881, 6.27],
			"rotation": {"angle": 0, "axis": "y", "origin": [8, 6.536, 8]},
			"faces": {
				"north": {"uv": [6.125, 6.375, 5.75, 6.5], "texture": "#2"},
				"east": {"uv": [6, 6.375, 6.125, 8.75], "rotation": 90, "texture": "#2"},
				"south": {"uv": [5.75, 8.625, 6.125, 8.75], "texture": "#2"},
				"west": {"uv": [5.75, 6.375, 5.875, 8.75], "rotation": 270, "texture": "#2"},
				"up": {"uv": [5.75, 6.375, 6.125, 8.75], "texture": "#2"},
				"down": {"uv": [5.75, 8.75, 6.125, 6.375], "texture": "#2"}
			}
		},
		{
			"name": "warning_8",
			"from": [6.89, 0.456, 13.365],
			"to": [7.175, 0.881, 13.67],
			"rotation": {"angle": 0, "axis": "y", "origin": [8, 6.536, 8]},
			"faces": {
				"north": {"uv": [6.125, 6.375, 5.75, 6.5], "texture": "#2"},
				"east": {"uv": [6, 6.375, 6.125, 8.75], "rotation": 90, "texture": "#2"},
				"south": {"uv": [5.75, 8.625, 6.125, 8.75], "texture": "#2"},
				"west": {"uv": [5.75, 6.375, 5.875, 8.75], "rotation": 270, "texture": "#2"},
				"up": {"uv": [5.75, 6.375, 6.125, 8.75], "texture": "#2"},
				"down": {"uv": [5.75, 8.75, 6.125, 6.375], "texture": "#2"}
			}
		},
		{
			"name": "warning_9",
			"from": [6.89, 0.456, 5.965],
			"to": [7.175, 0.881, 6.27],
			"rotation": {"angle": 0, "axis": "y", "origin": [8, 6.536, 8]},
			"faces": {
				"north": {"uv": [6.125, 6.375, 5.75, 6.5], "texture": "#2"},
				"east": {"uv": [6, 6.375, 6.125, 8.75], "rotation": 90, "texture": "#2"},
				"south": {"uv": [5.75, 8.625, 6.125, 8.75], "texture": "#2"},
				"west": {"uv": [5.75, 6.375, 5.875, 8.75], "rotation": 270, "texture": "#2"},
				"up": {"uv": [5.75, 6.375, 6.125, 8.75], "texture": "#2"},
				"down": {"uv": [5.75, 8.75, 6.125, 6.375], "texture": "#2"}
			}
		},
		{
			"name": "warning_9",
			"from": [7.89, 0.456, 13.365],
			"to": [8.175, 0.881, 13.67],
			"rotation": {"angle": 0, "axis": "y", "origin": [8, 6.536, 8]},
			"faces": {
				"north": {"uv": [6.125, 6.375, 5.75, 6.5], "texture": "#2"},
				"east": {"uv": [6, 6.375, 6.125, 8.75], "rotation": 90, "texture": "#2"},
				"south": {"uv": [5.75, 8.625, 6.125, 8.75], "texture": "#2"},
				"west": {"uv": [5.75, 6.375, 5.875, 8.75], "rotation": 270, "texture": "#2"},
				"up": {"uv": [5.75, 6.375, 6.125, 8.75], "texture": "#2"},
				"down": {"uv": [5.75, 8.75, 6.125, 6.375], "texture": "#2"}
			}
		},
		{
			"name": "warning_10",
			"from": [7.89, 0.456, 5.965],
			"to": [8.175, 0.881, 6.27],
			"rotation": {"angle": 0, "axis": "y", "origin": [8, 6.536, 8]},
			"faces": {
				"north": {"uv": [6.125, 6.375, 5.75, 6.5], "texture": "#2"},
				"east": {"uv": [6, 6.375, 6.125, 8.75], "rotation": 90, "texture": "#2"},
				"south": {"uv": [5.75, 8.625, 6.125, 8.75], "texture": "#2"},
				"west": {"uv": [5.75, 6.375, 5.875, 8.75], "rotation": 270, "texture": "#2"},
				"up": {"uv": [5.75, 6.375, 6.125, 8.75], "texture": "#2"},
				"down": {"uv": [5.75, 8.75, 6.125, 6.375], "texture": "#2"}
			}
		},
		{
			"name": "warning_10",
			"from": [8.89, 0.456, 13.365],
			"to": [9.175, 0.881, 13.67],
			"rotation": {"angle": 0, "axis": "y", "origin": [8, 6.536, 8]},
			"faces": {
				"north": {"uv": [6.125, 6.375, 5.75, 6.5], "texture": "#2"},
				"east": {"uv": [6, 6.375, 6.125, 8.75], "rotation": 90, "texture": "#2"},
				"south": {"uv": [5.75, 8.625, 6.125, 8.75], "texture": "#2"},
				"west": {"uv": [5.75, 6.375, 5.875, 8.75], "rotation": 270, "texture": "#2"},
				"up": {"uv": [5.75, 6.375, 6.125, 8.75], "texture": "#2"},
				"down": {"uv": [5.75, 8.75, 6.125, 6.375], "texture": "#2"}
			}
		},
		{
			"name": "warning_11",
			"from": [8.89, 0.456, 5.965],
			"to": [9.175, 0.881, 6.27],
			"rotation": {"angle": 0, "axis": "y", "origin": [8, 6.536, 8]},
			"faces": {
				"north": {"uv": [6.125, 6.375, 5.75, 6.5], "texture": "#2"},
				"east": {"uv": [6, 6.375, 6.125, 8.75], "rotation": 90, "texture": "#2"},
				"south": {"uv": [5.75, 8.625, 6.125, 8.75], "texture": "#2"},
				"west": {"uv": [5.75, 6.375, 5.875, 8.75], "rotation": 270, "texture": "#2"},
				"up": {"uv": [5.75, 6.375, 6.125, 8.75], "texture": "#2"},
				"down": {"uv": [5.75, 8.75, 6.125, 6.375], "texture": "#2"}
			}
		},
		{
			"name": "warning_11",
			"from": [9.89, 0.456, 13.365],
			"to": [10.175, 0.881, 13.67],
			"rotation": {"angle": 0, "axis": "y", "origin": [8, 6.536, 8]},
			"faces": {
				"north": {"uv": [6.125, 6.375, 5.75, 6.5], "texture": "#2"},
				"east": {"uv": [6, 6.375, 6.125, 8.75], "rotation": 90, "texture": "#2"},
				"south": {"uv": [5.75, 8.625, 6.125, 8.75], "texture": "#2"},
				"west": {"uv": [5.75, 6.375, 5.875, 8.75], "rotation": 270, "texture": "#2"},
				"up": {"uv": [5.75, 6.375, 6.125, 8.75], "texture": "#2"},
				"down": {"uv": [5.75, 8.75, 6.125, 6.375], "texture": "#2"}
			}
		},
		{
			"name": "warning_12",
			"from": [9.89, 0.456, 5.965],
			"to": [10.175, 0.881, 6.27],
			"rotation": {"angle": 0, "axis": "y", "origin": [8, 6.536, 8]},
			"faces": {
				"north": {"uv": [6.125, 6.375, 5.75, 6.5], "texture": "#2"},
				"east": {"uv": [6, 6.375, 6.125, 8.75], "rotation": 90, "texture": "#2"},
				"south": {"uv": [5.75, 8.625, 6.125, 8.75], "texture": "#2"},
				"west": {"uv": [5.75, 6.375, 5.875, 8.75], "rotation": 270, "texture": "#2"},
				"up": {"uv": [5.75, 6.375, 6.125, 8.75], "texture": "#2"},
				"down": {"uv": [5.75, 8.75, 6.125, 6.375], "texture": "#2"}
			}
		},
		{
			"name": "warning_7",
			"from": [5.79, 0.456, 10.365],
			"to": [6.275, 0.881, 12.17],
			"rotation": {"angle": 0, "axis": "y", "origin": [8, 6.536, 8]},
			"faces": {
				"north": {"uv": [6.125, 6.375, 5.75, 6.5], "texture": "#2"},
				"east": {"uv": [6, 6.375, 6.125, 8.75], "rotation": 90, "texture": "#2"},
				"south": {"uv": [5.75, 8.625, 6.125, 8.75], "texture": "#2"},
				"west": {"uv": [5.75, 6.375, 5.875, 8.75], "rotation": 270, "texture": "#2"},
				"up": {"uv": [5.75, 6.375, 6.125, 8.75], "texture": "#2"},
				"down": {"uv": [5.75, 8.75, 6.125, 6.375], "texture": "#2"}
			}
		},
		{
			"name": "warning_8",
			"from": [5.79, 0.456, 2.965],
			"to": [6.275, 0.881, 4.77],
			"rotation": {"angle": 0, "axis": "y", "origin": [8, 6.536, 8]},
			"faces": {
				"north": {"uv": [6.125, 6.375, 5.75, 6.5], "texture": "#2"},
				"east": {"uv": [6, 6.375, 6.125, 8.75], "rotation": 90, "texture": "#2"},
				"south": {"uv": [5.75, 8.625, 6.125, 8.75], "texture": "#2"},
				"west": {"uv": [5.75, 6.375, 5.875, 8.75], "rotation": 270, "texture": "#2"},
				"up": {"uv": [5.75, 6.375, 6.125, 8.75], "texture": "#2"},
				"down": {"uv": [5.75, 8.75, 6.125, 6.375], "texture": "#2"}
			}
		},
		{
			"name": "warning_8",
			"from": [6.79, 0.456, 10.365],
			"to": [7.275, 0.881, 12.17],
			"rotation": {"angle": 0, "axis": "y", "origin": [8, 6.536, 8]},
			"faces": {
				"north": {"uv": [6.125, 6.375, 5.75, 6.5], "texture": "#2"},
				"east": {"uv": [6, 6.375, 6.125, 8.75], "rotation": 90, "texture": "#2"},
				"south": {"uv": [5.75, 8.625, 6.125, 8.75], "texture": "#2"},
				"west": {"uv": [5.75, 6.375, 5.875, 8.75], "rotation": 270, "texture": "#2"},
				"up": {"uv": [5.75, 6.375, 6.125, 8.75], "texture": "#2"},
				"down": {"uv": [5.75, 8.75, 6.125, 6.375], "texture": "#2"}
			}
		},
		{
			"name": "warning_9",
			"from": [6.79, 0.456, 2.965],
			"to": [7.275, 0.881, 4.77],
			"rotation": {"angle": 0, "axis": "y", "origin": [8, 6.536, 8]},
			"faces": {
				"north": {"uv": [6.125, 6.375, 5.75, 6.5], "texture": "#2"},
				"east": {"uv": [6, 6.375, 6.125, 8.75], "rotation": 90, "texture": "#2"},
				"south": {"uv": [5.75, 8.625, 6.125, 8.75], "texture": "#2"},
				"west": {"uv": [5.75, 6.375, 5.875, 8.75], "rotation": 270, "texture": "#2"},
				"up": {"uv": [5.75, 6.375, 6.125, 8.75], "texture": "#2"},
				"down": {"uv": [5.75, 8.75, 6.125, 6.375], "texture": "#2"}
			}
		},
		{
			"name": "warning_9",
			"from": [7.79, 0.456, 10.365],
			"to": [8.275, 0.881, 12.17],
			"rotation": {"angle": 0, "axis": "y", "origin": [8, 6.536, 8]},
			"faces": {
				"north": {"uv": [6.125, 6.375, 5.75, 6.5], "texture": "#2"},
				"east": {"uv": [6, 6.375, 6.125, 8.75], "rotation": 90, "texture": "#2"},
				"south": {"uv": [5.75, 8.625, 6.125, 8.75], "texture": "#2"},
				"west": {"uv": [5.75, 6.375, 5.875, 8.75], "rotation": 270, "texture": "#2"},
				"up": {"uv": [5.75, 6.375, 6.125, 8.75], "texture": "#2"},
				"down": {"uv": [5.75, 8.75, 6.125, 6.375], "texture": "#2"}
			}
		},
		{
			"name": "warning_10",
			"from": [7.79, 0.456, 2.965],
			"to": [8.275, 0.881, 4.77],
			"rotation": {"angle": 0, "axis": "y", "origin": [8, 6.536, 8]},
			"faces": {
				"north": {"uv": [6.125, 6.375, 5.75, 6.5], "texture": "#2"},
				"east": {"uv": [6, 6.375, 6.125, 8.75], "rotation": 90, "texture": "#2"},
				"south": {"uv": [5.75, 8.625, 6.125, 8.75], "texture": "#2"},
				"west": {"uv": [5.75, 6.375, 5.875, 8.75], "rotation": 270, "texture": "#2"},
				"up": {"uv": [5.75, 6.375, 6.125, 8.75], "texture": "#2"},
				"down": {"uv": [5.75, 8.75, 6.125, 6.375], "texture": "#2"}
			}
		},
		{
			"name": "warning_10",
			"from": [8.79, 0.456, 10.365],
			"to": [9.275, 0.881, 12.17],
			"rotation": {"angle": 0, "axis": "y", "origin": [8, 6.536, 8]},
			"faces": {
				"north": {"uv": [6.125, 6.375, 5.75, 6.5], "texture": "#2"},
				"east": {"uv": [6, 6.375, 6.125, 8.75], "rotation": 90, "texture": "#2"},
				"south": {"uv": [5.75, 8.625, 6.125, 8.75], "texture": "#2"},
				"west": {"uv": [5.75, 6.375, 5.875, 8.75], "rotation": 270, "texture": "#2"},
				"up": {"uv": [5.75, 6.375, 6.125, 8.75], "texture": "#2"},
				"down": {"uv": [5.75, 8.75, 6.125, 6.375], "texture": "#2"}
			}
		},
		{
			"name": "warning_11",
			"from": [8.79, 0.456, 2.965],
			"to": [9.275, 0.881, 4.77],
			"rotation": {"angle": 0, "axis": "y", "origin": [8, 6.536, 8]},
			"faces": {
				"north": {"uv": [6.125, 6.375, 5.75, 6.5], "texture": "#2"},
				"east": {"uv": [6, 6.375, 6.125, 8.75], "rotation": 90, "texture": "#2"},
				"south": {"uv": [5.75, 8.625, 6.125, 8.75], "texture": "#2"},
				"west": {"uv": [5.75, 6.375, 5.875, 8.75], "rotation": 270, "texture": "#2"},
				"up": {"uv": [5.75, 6.375, 6.125, 8.75], "texture": "#2"},
				"down": {"uv": [5.75, 8.75, 6.125, 6.375], "texture": "#2"}
			}
		},
		{
			"name": "warning_11",
			"from": [9.79, 0.456, 10.365],
			"to": [10.275, 0.881, 12.17],
			"rotation": {"angle": 0, "axis": "y", "origin": [8, 6.536, 8]},
			"faces": {
				"north": {"uv": [6.125, 6.375, 5.75, 6.5], "texture": "#2"},
				"east": {"uv": [6, 6.375, 6.125, 8.75], "rotation": 90, "texture": "#2"},
				"south": {"uv": [5.75, 8.625, 6.125, 8.75], "texture": "#2"},
				"west": {"uv": [5.75, 6.375, 5.875, 8.75], "rotation": 270, "texture": "#2"},
				"up": {"uv": [5.75, 6.375, 6.125, 8.75], "texture": "#2"},
				"down": {"uv": [5.75, 8.75, 6.125, 6.375], "texture": "#2"}
			}
		},
		{
			"name": "warning_12",
			"from": [9.79, 0.456, 2.965],
			"to": [10.275, 0.881, 4.77],
			"rotation": {"angle": 0, "axis": "y", "origin": [8, 6.536, 8]},
			"faces": {
				"north": {"uv": [6.125, 6.375, 5.75, 6.5], "texture": "#2"},
				"east": {"uv": [6, 6.375, 6.125, 8.75], "rotation": 90, "texture": "#2"},
				"south": {"uv": [5.75, 8.625, 6.125, 8.75], "texture": "#2"},
				"west": {"uv": [5.75, 6.375, 5.875, 8.75], "rotation": 270, "texture": "#2"},
				"up": {"uv": [5.75, 6.375, 6.125, 8.75], "texture": "#2"},
				"down": {"uv": [5.75, 8.75, 6.125, 6.375], "texture": "#2"}
			}
		},
		{
			"name": "warning_6",
			"from": [6.575, 0.456, 7.265],
			"to": [7.24, 0.881, 7.455],
			"rotation": {"angle": 0, "axis": "y", "origin": [8, 6.536, 8]},
			"faces": {
				"north": {"uv": [7, 6.375, 6.125, 6.5], "texture": "#2"},
				"east": {"uv": [6.875, 6.375, 7, 6.625], "rotation": 90, "texture": "#2"},
				"south": {"uv": [6.125, 6.5, 7, 6.625], "texture": "#2"},
				"west": {"uv": [6.125, 6.375, 6.25, 6.625], "rotation": 270, "texture": "#2"},
				"up": {"uv": [6.125, 6.375, 7, 6.625], "texture": "#2"},
				"down": {"uv": [6.125, 6.625, 7, 6.375], "texture": "#2"}
			}
		},
		{
			"name": "warning_7",
			"from": [7.905, 0.456, 7.265],
			"to": [8.285, 0.881, 7.835],
			"rotation": {"angle": 0, "axis": "y", "origin": [8, 6.536, 8]},
			"faces": {
				"north": {"uv": [8.375, 6.375, 7.875, 6.5], "texture": "#2"},
				"east": {"uv": [8.25, 6.375, 8.375, 7.125], "rotation": 90, "texture": "#2"},
				"south": {"uv": [7.875, 7, 8.375, 7.125], "texture": "#2"},
				"west": {"uv": [7.875, 6.375, 8, 7.125], "rotation": 270, "texture": "#2"},
				"up": {"uv": [7.875, 6.375, 8.375, 7.125], "texture": "#2"},
				"down": {"uv": [7.875, 7.125, 8.375, 6.375], "texture": "#2"}
			}
		},
		{
			"name": "warning_8",
			"from": [8.95, 0.456, 7.265],
			"to": [9.235, 0.881, 9.07],
			"rotation": {"angle": 0, "axis": "y", "origin": [8, 6.536, 8]},
			"faces": {
				"north": {"uv": [9.625, 6.375, 9.25, 6.5], "texture": "#2"},
				"east": {"uv": [9.5, 6.375, 9.625, 8.75], "rotation": 90, "texture": "#2"},
				"south": {"uv": [9.25, 8.625, 9.625, 8.75], "texture": "#2"},
				"west": {"uv": [9.25, 6.375, 9.375, 8.75], "rotation": 270, "texture": "#2"},
				"up": {"uv": [9.25, 6.375, 9.625, 8.75], "texture": "#2"},
				"down": {"uv": [9.25, 8.75, 9.625, 6.375], "texture": "#2"}
			}
		},
		{
			"name": "warning_9",
			"from": [9.52, 0.456, 7.265],
			"to": [10.375, 0.881, 7.455],
			"rotation": {"angle": 0, "axis": "y", "origin": [8, 6.536, 8]},
			"faces": {
				"north": {"uv": [11.125, 6.375, 10, 6.5], "texture": "#2"},
				"east": {"uv": [11, 6.375, 11.125, 6.625], "rotation": 90, "texture": "#2"},
				"south": {"uv": [10, 6.5, 11.125, 6.625], "texture": "#2"},
				"west": {"uv": [10, 6.375, 10.125, 6.625], "rotation": 270, "texture": "#2"},
				"up": {"uv": [10, 6.375, 11.125, 6.625], "texture": "#2"},
				"down": {"uv": [10, 6.625, 11.125, 6.375], "texture": "#2"}
			}
		},
		{
			"name": "warning_10",
			"from": [10.66, 0.456, 7.265],
			"to": [11.04, 0.881, 7.835],
			"rotation": {"angle": 0, "axis": "y", "origin": [8, 6.536, 8]},
			"faces": {
				"north": {"uv": [12, 6.375, 11.5, 6.5], "texture": "#2"},
				"east": {"uv": [11.875, 6.375, 12, 7.125], "rotation": 90, "texture": "#2"},
				"south": {"uv": [11.5, 7, 12, 7.125], "texture": "#2"},
				"west": {"uv": [11.5, 6.375, 11.625, 7.125], "rotation": 270, "texture": "#2"},
				"up": {"uv": [11.5, 6.375, 12, 7.125], "texture": "#2"},
				"down": {"uv": [11.5, 7.125, 12, 6.375], "texture": "#2"}
			}
		},
		{
			"name": "warning_11",
			"from": [11.705, 0.456, 7.265],
			"to": [11.99, 0.881, 9.07],
			"rotation": {"angle": 0, "axis": "y", "origin": [8, 6.536, 8]},
			"faces": {
				"north": {"uv": [13.25, 6.375, 12.875, 6.5], "texture": "#2"},
				"east": {"uv": [13.125, 6.375, 13.25, 8.75], "rotation": 90, "texture": "#2"},
				"south": {"uv": [12.875, 8.625, 13.25, 8.75], "texture": "#2"},
				"west": {"uv": [12.875, 6.375, 13, 8.75], "rotation": 270, "texture": "#2"},
				"up": {"uv": [12.875, 6.375, 13.25, 8.75], "texture": "#2"},
				"down": {"uv": [12.875, 8.75, 13.25, 6.375], "texture": "#2"}
			}
		},
		{
			"name": "warning_12",
			"from": [12.75, 0.456, 7.265],
			"to": [13.035, 0.881, 7.55],
			"rotation": {"angle": 0, "axis": "y", "origin": [8, 6.536, 8]},
			"faces": {
				"north": {"uv": [14.625, 6.375, 14.25, 6.5], "texture": "#2"},
				"east": {"uv": [14.5, 6.375, 14.625, 6.75], "rotation": 90, "texture": "#2"},
				"south": {"uv": [14.25, 6.625, 14.625, 6.75], "texture": "#2"},
				"west": {"uv": [14.25, 6.375, 14.375, 6.75], "rotation": 270, "texture": "#2"},
				"up": {"uv": [14.25, 6.375, 14.625, 6.75], "texture": "#2"},
				"down": {"uv": [14.25, 6.75, 14.625, 6.375], "texture": "#2"}
			}
		},
		{
			"name": "warning_13",
			"from": [13.035, 0.456, 7.265],
			"to": [13.605, 0.881, 7.455],
			"rotation": {"angle": 0, "axis": "y", "origin": [8, 6.536, 8]},
			"faces": {
				"north": {"uv": [15.375, 6.375, 14.625, 6.5], "texture": "#2"},
				"east": {"uv": [15.25, 6.375, 15.375, 6.625], "rotation": 90, "texture": "#2"},
				"south": {"uv": [14.625, 6.5, 15.375, 6.625], "texture": "#2"},
				"west": {"uv": [14.625, 6.375, 14.75, 6.625], "rotation": 270, "texture": "#2"},
				"up": {"uv": [14.625, 6.375, 15.375, 6.625], "texture": "#2"},
				"down": {"uv": [14.625, 6.625, 15.375, 6.375], "texture": "#2"}
			}
		},
		{
			"name": "warning_14",
			"from": [2.11, 0.456, 7.36],
			"to": [2.49, 0.881, 7.645],
			"rotation": {"angle": 0, "axis": "y", "origin": [8, 6.536, 8]},
			"faces": {
				"north": {"uv": [0.75, 6.5, 0.25, 6.625], "texture": "#2"},
				"east": {"uv": [0.625, 6.5, 0.75, 6.875], "rotation": 90, "texture": "#2"},
				"south": {"uv": [0.25, 6.75, 0.75, 6.875], "texture": "#2"},
				"west": {"uv": [0.25, 6.5, 0.375, 6.875], "rotation": 270, "texture": "#2"},
				"up": {"uv": [0.25, 6.5, 0.75, 6.875], "texture": "#2"},
				"down": {"uv": [0.25, 6.875, 0.75, 6.5], "texture": "#2"}
			}
		},
		{
			"name": "warning_15",
			"from": [4.96, 0.456, 7.36],
			"to": [5.055, 0.881, 8.31],
			"rotation": {"angle": 0, "axis": "y", "origin": [8, 6.536, 8]},
			"faces": {
				"north": {"uv": [4.125, 6.5, 4, 6.625], "texture": "#2"},
				"east": {"uv": [4, 6.5, 4.125, 7.75], "rotation": 90, "texture": "#2"},
				"south": {"uv": [4, 7.625, 4.125, 7.75], "texture": "#2"},
				"west": {"uv": [4, 6.5, 4.125, 7.75], "rotation": 270, "texture": "#2"},
				"up": {"uv": [4, 6.5, 4.125, 7.75], "texture": "#2"},
				"down": {"uv": [4, 7.75, 4.125, 6.5], "texture": "#2"}
			}
		},
		{
			"name": "warning_16",
			"from": [5.435, 0.456, 7.36],
			"to": [5.53, 0.881, 8.595],
			"rotation": {"angle": 0, "axis": "y", "origin": [8, 6.536, 8]},
			"faces": {
				"north": {"uv": [4.75, 6.5, 4.625, 6.625], "texture": "#2"},
				"east": {"uv": [4.625, 6.5, 4.75, 8.125], "rotation": 90, "texture": "#2"},
				"south": {"uv": [4.625, 8, 4.75, 8.125], "texture": "#2"},
				"west": {"uv": [4.625, 6.5, 4.75, 8.125], "rotation": 270, "texture": "#2"},
				"up": {"uv": [4.625, 6.5, 4.75, 8.125], "texture": "#2"},
				"down": {"uv": [4.625, 8.125, 4.75, 6.5], "texture": "#2"}
			}
		},
		{
			"name": "warning_17",
			"from": [7.24, 0.456, 7.36],
			"to": [7.335, 0.881, 8.215],
			"rotation": {"angle": 0, "axis": "y", "origin": [8, 6.536, 8]},
			"faces": {
				"north": {"uv": [7.125, 6.5, 7, 6.625], "texture": "#2"},
				"east": {"uv": [7, 6.5, 7.125, 7.625], "rotation": 90, "texture": "#2"},
				"south": {"uv": [7, 7.5, 7.125, 7.625], "texture": "#2"},
				"west": {"uv": [7, 6.5, 7.125, 7.625], "rotation": 270, "texture": "#2"},
				"up": {"uv": [7, 6.5, 7.125, 7.625], "texture": "#2"},
				"down": {"uv": [7, 7.625, 7.125, 6.5], "texture": "#2"}
			}
		},
		{
			"name": "warning_18",
			"from": [8.285, 0.456, 7.36],
			"to": [8.38, 0.881, 8.025],
			"rotation": {"angle": 0, "axis": "y", "origin": [8, 6.536, 8]},
			"faces": {
				"north": {"uv": [8.5, 6.5, 8.375, 6.625], "texture": "#2"},
				"east": {"uv": [8.375, 6.5, 8.5, 7.375], "rotation": 90, "texture": "#2"},
				"south": {"uv": [8.375, 7.25, 8.5, 7.375], "texture": "#2"},
				"west": {"uv": [8.375, 6.5, 8.5, 7.375], "rotation": 270, "texture": "#2"},
				"up": {"uv": [8.375, 6.5, 8.5, 7.375], "texture": "#2"},
				"down": {"uv": [8.375, 7.375, 8.5, 6.5], "texture": "#2"}
			}
		},
		{
			"name": "warning_19",
			"from": [11.04, 0.456, 7.36],
			"to": [11.135, 0.881, 8.025],
			"rotation": {"angle": 0, "axis": "y", "origin": [8, 6.536, 8]},
			"faces": {
				"north": {"uv": [12.125, 6.5, 12, 6.625], "texture": "#2"},
				"east": {"uv": [12, 6.5, 12.125, 7.375], "rotation": 90, "texture": "#2"},
				"south": {"uv": [12, 7.25, 12.125, 7.375], "texture": "#2"},
				"west": {"uv": [12, 6.5, 12.125, 7.375], "rotation": 270, "texture": "#2"},
				"up": {"uv": [12, 6.5, 12.125, 7.375], "texture": "#2"},
				"down": {"uv": [12, 7.375, 12.125, 6.5], "texture": "#2"}
			}
		},
		{
			"name": "warning_20",
			"from": [12.56, 0.456, 7.36],
			"to": [12.75, 0.881, 7.74],
			"rotation": {"angle": 0, "axis": "y", "origin": [8, 6.536, 8]},
			"faces": {
				"north": {"uv": [14.25, 6.5, 14, 6.625], "texture": "#2"},
				"east": {"uv": [14.125, 6.5, 14.25, 7], "rotation": 90, "texture": "#2"},
				"south": {"uv": [14, 6.875, 14.25, 7], "texture": "#2"},
				"west": {"uv": [14, 6.5, 14.125, 7], "rotation": 270, "texture": "#2"},
				"up": {"uv": [14, 6.5, 14.25, 7], "texture": "#2"},
				"down": {"uv": [14, 7, 14.25, 6.5], "texture": "#2"}
			}
		},
		{
			"name": "warning_21",
			"from": [13.605, 0.456, 7.36],
			"to": [13.89, 0.881, 7.645],
			"rotation": {"angle": 0, "axis": "y", "origin": [8, 6.536, 8]},
			"faces": {
				"north": {"uv": [15.75, 6.5, 15.375, 6.625], "texture": "#2"},
				"east": {"uv": [15.625, 6.5, 15.75, 6.875], "rotation": 90, "texture": "#2"},
				"south": {"uv": [15.375, 6.75, 15.75, 6.875], "texture": "#2"},
				"west": {"uv": [15.375, 6.5, 15.5, 6.875], "rotation": 270, "texture": "#2"},
				"up": {"uv": [15.375, 6.5, 15.75, 6.875], "texture": "#2"},
				"down": {"uv": [15.375, 6.875, 15.75, 6.5], "texture": "#2"}
			}
		},
		{
			"name": "warning_22",
			"from": [3.44, 0.456, 7.455],
			"to": [3.535, 0.881, 8.595],
			"rotation": {"angle": 0, "axis": "y", "origin": [8, 6.536, 8]},
			"faces": {
				"north": {"uv": [2.125, 6.625, 2, 6.75], "texture": "#2"},
				"east": {"uv": [2, 6.625, 2.125, 8.125], "rotation": 90, "texture": "#2"},
				"south": {"uv": [2, 8, 2.125, 8.125], "texture": "#2"},
				"west": {"uv": [2, 6.625, 2.125, 8.125], "rotation": 270, "texture": "#2"},
				"up": {"uv": [2, 6.625, 2.125, 8.125], "texture": "#2"},
				"down": {"uv": [2, 8.125, 2.125, 6.625], "texture": "#2"}
			}
		},
		{
			"name": "warning_23",
			"from": [6.955, 0.456, 7.455],
			"to": [7.24, 0.881, 7.55],
			"rotation": {"angle": 0, "axis": "y", "origin": [8, 6.536, 8]},
			"faces": {
				"north": {"uv": [7, 6.625, 6.625, 6.75], "texture": "#2"},
				"east": {"uv": [6.875, 6.625, 7, 6.75], "rotation": 90, "texture": "#2"},
				"south": {"uv": [6.625, 6.625, 7, 6.75], "texture": "#2"},
				"west": {"uv": [6.625, 6.625, 6.75, 6.75], "rotation": 270, "texture": "#2"},
				"up": {"uv": [6.625, 6.625, 7, 6.75], "texture": "#2"},
				"down": {"uv": [6.625, 6.75, 7, 6.625], "texture": "#2"}
			}
		},
		{
			"name": "warning_24",
			"from": [7.335, 0.456, 7.455],
			"to": [7.43, 0.881, 8.12],
			"rotation": {"angle": 0, "axis": "y", "origin": [8, 6.536, 8]},
			"faces": {
				"north": {"uv": [7.25, 6.625, 7.125, 6.75], "texture": "#2"},
				"east": {"uv": [7.125, 6.625, 7.25, 7.5], "rotation": 90, "texture": "#2"},
				"south": {"uv": [7.125, 7.375, 7.25, 7.5], "texture": "#2"},
				"west": {"uv": [7.125, 6.625, 7.25, 7.5], "rotation": 270, "texture": "#2"},
				"up": {"uv": [7.125, 6.625, 7.25, 7.5], "texture": "#2"},
				"down": {"uv": [7.125, 7.5, 7.25, 6.625], "texture": "#2"}
			}
		},
		{
			"name": "warning_25",
			"from": [9.805, 0.456, 7.455],
			"to": [10.09, 0.881, 9.07],
			"rotation": {"angle": 0, "axis": "y", "origin": [8, 6.536, 8]},
			"faces": {
				"north": {"uv": [10.75, 6.625, 10.375, 6.75], "texture": "#2"},
				"east": {"uv": [10.625, 6.625, 10.75, 8.75], "rotation": 90, "texture": "#2"},
				"south": {"uv": [10.375, 8.625, 10.75, 8.75], "texture": "#2"},
				"west": {"uv": [10.375, 6.625, 10.5, 8.75], "rotation": 270, "texture": "#2"},
				"up": {"uv": [10.375, 6.625, 10.75, 8.75], "texture": "#2"},
				"down": {"uv": [10.375, 8.75, 10.75, 6.625], "texture": "#2"}
			}
		},
		{
			"name": "warning_26",
			"from": [12.465, 0.456, 7.455],
			"to": [12.56, 0.881, 8.88],
			"rotation": {"angle": 0, "axis": "y", "origin": [8, 6.536, 8]},
			"faces": {
				"north": {"uv": [14, 6.625, 13.875, 6.75], "texture": "#2"},
				"east": {"uv": [13.875, 6.625, 14, 8.5], "rotation": 90, "texture": "#2"},
				"south": {"uv": [13.875, 8.375, 14, 8.5], "texture": "#2"},
				"west": {"uv": [13.875, 6.625, 14, 8.5], "rotation": 270, "texture": "#2"},
				"up": {"uv": [13.875, 6.625, 14, 8.5], "texture": "#2"},
				"down": {"uv": [13.875, 8.5, 14, 6.625], "texture": "#2"}
			}
		},
		{
			"name": "warning_27",
			"from": [13.32, 0.456, 7.455],
			"to": [13.605, 0.881, 7.55],
			"rotation": {"angle": 0, "axis": "y", "origin": [8, 6.536, 8]},
			"faces": {
				"north": {"uv": [15.375, 6.625, 15, 6.75], "texture": "#2"},
				"east": {"uv": [15.25, 6.625, 15.375, 6.75], "rotation": 90, "texture": "#2"},
				"south": {"uv": [15, 6.625, 15.375, 6.75], "texture": "#2"},
				"west": {"uv": [15, 6.625, 15.125, 6.75], "rotation": 270, "texture": "#2"},
				"up": {"uv": [15, 6.625, 15.375, 6.75], "texture": "#2"},
				"down": {"uv": [15, 6.75, 15.375, 6.625], "texture": "#2"}
			}
		},
		{
			"name": "warning_28",
			"from": [2.965, 0.456, 7.55],
			"to": [3.06, 0.881, 8.69],
			"rotation": {"angle": 0, "axis": "y", "origin": [8, 6.536, 8]},
			"faces": {
				"north": {"uv": [1.5, 6.75, 1.375, 6.875], "texture": "#2"},
				"east": {"uv": [1.375, 6.75, 1.5, 8.25], "rotation": 90, "texture": "#2"},
				"south": {"uv": [1.375, 8.125, 1.5, 8.25], "texture": "#2"},
				"west": {"uv": [1.375, 6.75, 1.5, 8.25], "rotation": 270, "texture": "#2"},
				"up": {"uv": [1.375, 6.75, 1.5, 8.25], "texture": "#2"},
				"down": {"uv": [1.375, 8.25, 1.5, 6.75], "texture": "#2"}
			}
		},
		{
			"name": "warning_29",
			"from": [4.01, 0.456, 7.55],
			"to": [4.105, 0.881, 8.785],
			"rotation": {"angle": 0, "axis": "y", "origin": [8, 6.536, 8]},
			"faces": {
				"north": {"uv": [2.875, 6.75, 2.75, 6.875], "texture": "#2"},
				"east": {"uv": [2.75, 6.75, 2.875, 8.375], "rotation": 90, "texture": "#2"},
				"south": {"uv": [2.75, 8.25, 2.875, 8.375], "texture": "#2"},
				"west": {"uv": [2.75, 6.75, 2.875, 8.375], "rotation": 270, "texture": "#2"},
				"up": {"uv": [2.75, 6.75, 2.875, 8.375], "texture": "#2"},
				"down": {"uv": [2.75, 8.375, 2.875, 6.75], "texture": "#2"}
			}
		},
		{
			"name": "warning_30",
			"from": [4.865, 0.456, 7.55],
			"to": [4.96, 0.881, 8.595],
			"rotation": {"angle": 0, "axis": "y", "origin": [8, 6.536, 8]},
			"faces": {
				"north": {"uv": [4, 6.75, 3.875, 6.875], "texture": "#2"},
				"east": {"uv": [3.875, 6.75, 4, 8.125], "rotation": 90, "texture": "#2"},
				"south": {"uv": [3.875, 8, 4, 8.125], "texture": "#2"},
				"west": {"uv": [3.875, 6.75, 4, 8.125], "rotation": 270, "texture": "#2"},
				"up": {"uv": [3.875, 6.75, 4, 8.125], "texture": "#2"},
				"down": {"uv": [3.875, 8.125, 4, 6.75], "texture": "#2"}
			}
		},
		{
			"name": "warning_31",
			"from": [7.05, 0.456, 7.55],
			"to": [7.24, 0.881, 7.645],
			"rotation": {"angle": 0, "axis": "y", "origin": [8, 6.536, 8]},
			"faces": {
				"north": {"uv": [7, 6.75, 6.75, 6.875], "texture": "#2"},
				"east": {"uv": [6.875, 6.75, 7, 6.875], "rotation": 90, "texture": "#2"},
				"south": {"uv": [6.75, 6.75, 7, 6.875], "texture": "#2"},
				"west": {"uv": [6.75, 6.75, 6.875, 6.875], "rotation": 270, "texture": "#2"},
				"up": {"uv": [6.75, 6.75, 7, 6.875], "texture": "#2"},
				"down": {"uv": [6.75, 6.875, 7, 6.75], "texture": "#2"}
			}
		},
		{
			"name": "warning_32",
			"from": [7.43, 0.456, 7.55],
			"to": [7.525, 0.881, 7.93],
			"rotation": {"angle": 0, "axis": "y", "origin": [8, 6.536, 8]},
			"faces": {
				"north": {"uv": [7.375, 6.75, 7.25, 6.875], "texture": "#2"},
				"east": {"uv": [7.25, 6.75, 7.375, 7.25], "rotation": 90, "texture": "#2"},
				"south": {"uv": [7.25, 7.125, 7.375, 7.25], "texture": "#2"},
				"west": {"uv": [7.25, 6.75, 7.375, 7.25], "rotation": 270, "texture": "#2"},
				"up": {"uv": [7.25, 6.75, 7.375, 7.25], "texture": "#2"},
				"down": {"uv": [7.25, 7.25, 7.375, 6.75], "texture": "#2"}
			}
		},
		{
			"name": "warning_33",
			"from": [8.38, 0.456, 7.55],
			"to": [8.475, 0.881, 8.215],
			"rotation": {"angle": 0, "axis": "y", "origin": [8, 6.536, 8]},
			"faces": {
				"north": {"uv": [8.625, 6.75, 8.5, 6.875], "texture": "#2"},
				"east": {"uv": [8.5, 6.75, 8.625, 7.625], "rotation": 90, "texture": "#2"},
				"south": {"uv": [8.5, 7.5, 8.625, 7.625], "texture": "#2"},
				"west": {"uv": [8.5, 6.75, 8.625, 7.625], "rotation": 270, "texture": "#2"},
				"up": {"uv": [8.5, 6.75, 8.625, 7.625], "texture": "#2"},
				"down": {"uv": [8.5, 7.625, 8.625, 6.75], "texture": "#2"}
			}
		},
		{
			"name": "warning_34",
			"from": [11.135, 0.456, 7.55],
			"to": [11.23, 0.881, 8.215],
			"rotation": {"angle": 0, "axis": "y", "origin": [8, 6.536, 8]},
			"faces": {
				"north": {"uv": [12.25, 6.75, 12.125, 6.875], "texture": "#2"},
				"east": {"uv": [12.125, 6.75, 12.25, 7.625], "rotation": 90, "texture": "#2"},
				"south": {"uv": [12.125, 7.5, 12.25, 7.625], "texture": "#2"},
				"west": {"uv": [12.125, 6.75, 12.25, 7.625], "rotation": 270, "texture": "#2"},
				"up": {"uv": [12.125, 6.75, 12.25, 7.625], "texture": "#2"},
				"down": {"uv": [12.125, 7.625, 12.25, 6.75], "texture": "#2"}
			}
		},
		{
			"name": "warning_35",
			"from": [12.37, 0.456, 7.55],
			"to": [12.465, 0.881, 8.785],
			"rotation": {"angle": 0, "axis": "y", "origin": [8, 6.536, 8]},
			"faces": {
				"north": {"uv": [13.875, 6.75, 13.75, 6.875], "texture": "#2"},
				"east": {"uv": [13.75, 6.75, 13.875, 8.375], "rotation": 90, "texture": "#2"},
				"south": {"uv": [13.75, 8.25, 13.875, 8.375], "texture": "#2"},
				"west": {"uv": [13.75, 6.75, 13.875, 8.375], "rotation": 270, "texture": "#2"},
				"up": {"uv": [13.75, 6.75, 13.875, 8.375], "texture": "#2"},
				"down": {"uv": [13.75, 8.375, 13.875, 6.75], "texture": "#2"}
			}
		},
		{
			"name": "warning_36",
			"from": [12.75, 0.456, 7.55],
			"to": [12.845, 0.881, 7.645],
			"rotation": {"angle": 0, "axis": "y", "origin": [8, 6.536, 8]},
			"faces": {
				"north": {"uv": [14.375, 6.75, 14.25, 6.875], "texture": "#2"},
				"east": {"uv": [14.25, 6.75, 14.375, 6.875], "rotation": 90, "texture": "#2"},
				"south": {"uv": [14.25, 6.75, 14.375, 6.875], "texture": "#2"},
				"west": {"uv": [14.25, 6.75, 14.375, 6.875], "rotation": 270, "texture": "#2"},
				"up": {"uv": [14.25, 6.75, 14.375, 6.875], "texture": "#2"},
				"down": {"uv": [14.25, 6.875, 14.375, 6.75], "texture": "#2"}
			}
		},
		{
			"name": "warning_37",
			"from": [13.51, 0.456, 7.55],
			"to": [13.605, 0.881, 7.645],
			"rotation": {"angle": 0, "axis": "y", "origin": [8, 6.536, 8]},
			"faces": {
				"north": {"uv": [15.375, 6.75, 15.25, 6.875], "texture": "#2"},
				"east": {"uv": [15.25, 6.75, 15.375, 6.875], "rotation": 90, "texture": "#2"},
				"south": {"uv": [15.25, 6.75, 15.375, 6.875], "texture": "#2"},
				"west": {"uv": [15.25, 6.75, 15.375, 6.875], "rotation": 270, "texture": "#2"},
				"up": {"uv": [15.25, 6.75, 15.375, 6.875], "texture": "#2"},
				"down": {"uv": [15.25, 6.875, 15.375, 6.75], "texture": "#2"}
			}
		},
		{
			"name": "warning_38",
			"from": [2.205, 0.456, 7.645],
			"to": [2.49, 0.881, 8.025],
			"rotation": {"angle": 0, "axis": "y", "origin": [8, 6.536, 8]},
			"faces": {
				"north": {"uv": [0.75, 6.875, 0.375, 7], "texture": "#2"},
				"east": {"uv": [0.625, 6.875, 0.75, 7.375], "rotation": 90, "texture": "#2"},
				"south": {"uv": [0.375, 7.25, 0.75, 7.375], "texture": "#2"},
				"west": {"uv": [0.375, 6.875, 0.5, 7.375], "rotation": 270, "texture": "#2"},
				"up": {"uv": [0.375, 6.875, 0.75, 7.375], "texture": "#2"},
				"down": {"uv": [0.375, 7.375, 0.75, 6.875], "texture": "#2"}
			}
		},
		{
			"name": "warning_39",
			"from": [5.53, 0.456, 7.645],
			"to": [5.625, 0.881, 8.69],
			"rotation": {"angle": 0, "axis": "y", "origin": [8, 6.536, 8]},
			"faces": {
				"north": {"uv": [4.875, 6.875, 4.75, 7], "texture": "#2"},
				"east": {"uv": [4.75, 6.875, 4.875, 8.25], "rotation": 90, "texture": "#2"},
				"south": {"uv": [4.75, 8.125, 4.875, 8.25], "texture": "#2"},
				"west": {"uv": [4.75, 6.875, 4.875, 8.25], "rotation": 270, "texture": "#2"},
				"up": {"uv": [4.75, 6.875, 4.875, 8.25], "texture": "#2"},
				"down": {"uv": [4.75, 8.25, 4.875, 6.875], "texture": "#2"}
			}
		},
		{
			"name": "warning_40",
			"from": [7.145, 0.456, 7.645],
			"to": [7.24, 0.881, 8.215],
			"rotation": {"angle": 0, "axis": "y", "origin": [8, 6.536, 8]},
			"faces": {
				"north": {"uv": [7, 6.875, 6.875, 7], "texture": "#2"},
				"east": {"uv": [6.875, 6.875, 7, 7.625], "rotation": 90, "texture": "#2"},
				"south": {"uv": [6.875, 7.5, 7, 7.625], "texture": "#2"},
				"west": {"uv": [6.875, 6.875, 7, 7.625], "rotation": 270, "texture": "#2"},
				"up": {"uv": [6.875, 6.875, 7, 7.625], "texture": "#2"},
				"down": {"uv": [6.875, 7.625, 7, 6.875], "texture": "#2"}
			}
		},
		{
			"name": "warning_41",
			"from": [12.275, 0.456, 7.645],
			"to": [12.37, 0.881, 8.69],
			"rotation": {"angle": 0, "axis": "y", "origin": [8, 6.536, 8]},
			"faces": {
				"north": {"uv": [13.75, 6.875, 13.625, 7], "texture": "#2"},
				"east": {"uv": [13.625, 6.875, 13.75, 8.25], "rotation": 90, "texture": "#2"},
				"south": {"uv": [13.625, 8.125, 13.75, 8.25], "texture": "#2"},
				"west": {"uv": [13.625, 6.875, 13.75, 8.25], "rotation": 270, "texture": "#2"},
				"up": {"uv": [13.625, 6.875, 13.75, 8.25], "texture": "#2"},
				"down": {"uv": [13.625, 8.25, 13.75, 6.875], "texture": "#2"}
			}
		},
		{
			"name": "warning_42",
			"from": [13.7, 0.456, 7.645],
			"to": [13.89, 0.881, 7.74],
			"rotation": {"angle": 0, "axis": "y", "origin": [8, 6.536, 8]},
			"faces": {
				"north": {"uv": [15.75, 6.875, 15.5, 7], "texture": "#2"},
				"east": {"uv": [15.625, 6.875, 15.75, 7], "rotation": 90, "texture": "#2"},
				"south": {"uv": [15.5, 6.875, 15.75, 7], "texture": "#2"},
				"west": {"uv": [15.5, 6.875, 15.625, 7], "rotation": 270, "texture": "#2"},
				"up": {"uv": [15.5, 6.875, 15.75, 7], "texture": "#2"},
				"down": {"uv": [15.5, 7, 15.75, 6.875], "texture": "#2"}
			}
		},
		{
			"name": "warning_43",
			"from": [2.49, 0.456, 7.74],
			"to": [2.585, 0.881, 9.07],
			"rotation": {"angle": 0, "axis": "y", "origin": [8, 6.536, 8]},
			"faces": {
				"north": {"uv": [0.875, 7, 0.75, 7.125], "texture": "#2"},
				"east": {"uv": [0.75, 7, 0.875, 8.75], "rotation": 90, "texture": "#2"},
				"south": {"uv": [0.75, 8.625, 0.875, 8.75], "texture": "#2"},
				"west": {"uv": [0.75, 7, 0.875, 8.75], "rotation": 270, "texture": "#2"},
				"up": {"uv": [0.75, 7, 0.875, 8.75], "texture": "#2"},
				"down": {"uv": [0.75, 8.75, 0.875, 7], "texture": "#2"}
			}
		},
		{
			"name": "warning_44",
			"from": [4.105, 0.456, 7.74],
			"to": [4.295, 0.881, 8.12],
			"rotation": {"angle": 0, "axis": "y", "origin": [8, 6.536, 8]},
			"faces": {
				"north": {"uv": [3.125, 7, 2.875, 7.125], "texture": "#2"},
				"east": {"uv": [3, 7, 3.125, 7.5], "rotation": 90, "texture": "#2"},
				"south": {"uv": [2.875, 7.375, 3.125, 7.5], "texture": "#2"},
				"west": {"uv": [2.875, 7, 3, 7.5], "rotation": 270, "texture": "#2"},
				"up": {"uv": [2.875, 7, 3.125, 7.5], "texture": "#2"},
				"down": {"uv": [2.875, 7.5, 3.125, 7], "texture": "#2"}
			}
		},
		{
			"name": "warning_45",
			"from": [5.055, 0.456, 7.74],
			"to": [5.15, 0.881, 8.025],
			"rotation": {"angle": 0, "axis": "y", "origin": [8, 6.536, 8]},
			"faces": {
				"north": {"uv": [4.25, 7, 4.125, 7.125], "texture": "#2"},
				"east": {"uv": [4.125, 7, 4.25, 7.375], "rotation": 90, "texture": "#2"},
				"south": {"uv": [4.125, 7.25, 4.25, 7.375], "texture": "#2"},
				"west": {"uv": [4.125, 7, 4.25, 7.375], "rotation": 270, "texture": "#2"},
				"up": {"uv": [4.125, 7, 4.25, 7.375], "texture": "#2"},
				"down": {"uv": [4.125, 7.375, 4.25, 7], "texture": "#2"}
			}
		},
		{
			"name": "warning_46",
			"from": [5.245, 0.456, 7.74],
			"to": [5.435, 0.881, 7.835],
			"rotation": {"angle": 0, "axis": "y", "origin": [8, 6.536, 8]},
			"faces": {
				"north": {"uv": [4.625, 7, 4.375, 7.125], "texture": "#2"},
				"east": {"uv": [4.5, 7, 4.625, 7.125], "rotation": 90, "texture": "#2"},
				"south": {"uv": [4.375, 7, 4.625, 7.125], "texture": "#2"},
				"west": {"uv": [4.375, 7, 4.5, 7.125], "rotation": 270, "texture": "#2"},
				"up": {"uv": [4.375, 7, 4.625, 7.125], "texture": "#2"},
				"down": {"uv": [4.375, 7.125, 4.625, 7], "texture": "#2"}
			}
		},
		{
			"name": "warning_47",
			"from": [8.475, 0.456, 7.74],
			"to": [8.57, 0.881, 8.405],
			"rotation": {"angle": 0, "axis": "y", "origin": [8, 6.536, 8]},
			"faces": {
				"north": {"uv": [8.75, 7, 8.625, 7.125], "texture": "#2"},
				"east": {"uv": [8.625, 7, 8.75, 7.875], "rotation": 90, "texture": "#2"},
				"south": {"uv": [8.625, 7.75, 8.75, 7.875], "texture": "#2"},
				"west": {"uv": [8.625, 7, 8.75, 7.875], "rotation": 270, "texture": "#2"},
				"up": {"uv": [8.625, 7, 8.75, 7.875], "texture": "#2"},
				"down": {"uv": [8.625, 7.875, 8.75, 7], "texture": "#2"}
			}
		},
		{
			"name": "warning_48",
			"from": [11.23, 0.456, 7.74],
			"to": [11.325, 0.881, 8.405],
			"rotation": {"angle": 0, "axis": "y", "origin": [8, 6.536, 8]},
			"faces": {
				"north": {"uv": [12.375, 7, 12.25, 7.125], "texture": "#2"},
				"east": {"uv": [12.25, 7, 12.375, 7.875], "rotation": 90, "texture": "#2"},
				"south": {"uv": [12.25, 7.75, 12.375, 7.875], "texture": "#2"},
				"west": {"uv": [12.25, 7, 12.375, 7.875], "rotation": 270, "texture": "#2"},
				"up": {"uv": [12.25, 7, 12.375, 7.875], "texture": "#2"},
				"down": {"uv": [12.25, 7.875, 12.375, 7], "texture": "#2"}
			}
		},
		{
			"name": "warning_49",
			"from": [12.56, 0.456, 7.74],
			"to": [12.655, 0.881, 7.93],
			"rotation": {"angle": 0, "axis": "y", "origin": [8, 6.536, 8]},
			"faces": {
				"north": {"uv": [14.125, 7, 14, 7.125], "texture": "#2"},
				"east": {"uv": [14, 7, 14.125, 7.25], "rotation": 90, "texture": "#2"},
				"south": {"uv": [14, 7.125, 14.125, 7.25], "texture": "#2"},
				"west": {"uv": [14, 7, 14.125, 7.25], "rotation": 270, "texture": "#2"},
				"up": {"uv": [14, 7, 14.125, 7.25], "texture": "#2"},
				"down": {"uv": [14, 7.25, 14.125, 7], "texture": "#2"}
			}
		},
		{
			"name": "warning_50",
			"from": [3.535, 0.456, 7.835],
			"to": [3.63, 0.881, 8.975],
			"rotation": {"angle": 0, "axis": "y", "origin": [8, 6.536, 8]},
			"faces": {
				"north": {"uv": [2.25, 7.125, 2.125, 7.25], "texture": "#2"},
				"east": {"uv": [2.125, 7.125, 2.25, 8.625], "rotation": 90, "texture": "#2"},
				"south": {"uv": [2.125, 8.5, 2.25, 8.625], "texture": "#2"},
				"west": {"uv": [2.125, 7.125, 2.25, 8.625], "rotation": 270, "texture": "#2"},
				"up": {"uv": [2.125, 7.125, 2.25, 8.625], "texture": "#2"},
				"down": {"uv": [2.125, 8.625, 2.25, 7.125], "texture": "#2"}
			}
		},
		{
			"name": "warning_51",
			"from": [4.77, 0.456, 7.835],
			"to": [4.865, 0.881, 8.88],
			"rotation": {"angle": 0, "axis": "y", "origin": [8, 6.536, 8]},
			"faces": {
				"north": {"uv": [3.875, 7.125, 3.75, 7.25], "texture": "#2"},
				"east": {"uv": [3.75, 7.125, 3.875, 8.5], "rotation": 90, "texture": "#2"},
				"south": {"uv": [3.75, 8.375, 3.875, 8.5], "texture": "#2"},
				"west": {"uv": [3.75, 7.125, 3.875, 8.5], "rotation": 270, "texture": "#2"},
				"up": {"uv": [3.75, 7.125, 3.875, 8.5], "texture": "#2"},
				"down": {"uv": [3.75, 8.5, 3.875, 7.125], "texture": "#2"}
			}
		},
		{
			"name": "warning_52",
			"from": [5.34, 0.456, 7.835],
			"to": [5.435, 0.881, 8.12],
			"rotation": {"angle": 0, "axis": "y", "origin": [8, 6.536, 8]},
			"faces": {
				"north": {"uv": [4.625, 7.125, 4.5, 7.25], "texture": "#2"},
				"east": {"uv": [4.5, 7.125, 4.625, 7.5], "rotation": 90, "texture": "#2"},
				"south": {"uv": [4.5, 7.375, 4.625, 7.5], "texture": "#2"},
				"west": {"uv": [4.5, 7.125, 4.625, 7.5], "rotation": 270, "texture": "#2"},
				"up": {"uv": [4.5, 7.125, 4.625, 7.5], "texture": "#2"},
				"down": {"uv": [4.5, 7.5, 4.625, 7.125], "texture": "#2"}
			}
		},
		{
			"name": "warning_53",
			"from": [7.905, 0.456, 7.835],
			"to": [8.19, 0.881, 9.07],
			"rotation": {"angle": 0, "axis": "y", "origin": [8, 6.536, 8]},
			"faces": {
				"north": {"uv": [8.25, 7.125, 7.875, 7.25], "texture": "#2"},
				"east": {"uv": [8.125, 7.125, 8.25, 8.75], "rotation": 90, "texture": "#2"},
				"south": {"uv": [7.875, 8.625, 8.25, 8.75], "texture": "#2"},
				"west": {"uv": [7.875, 7.125, 8, 8.75], "rotation": 270, "texture": "#2"},
				"up": {"uv": [7.875, 7.125, 8.25, 8.75], "texture": "#2"},
				"down": {"uv": [7.875, 8.75, 8.25, 7.125], "texture": "#2"}
			}
		},
		{
			"name": "warning_54",
			"from": [8.57, 0.456, 7.835],
			"to": [8.665, 0.881, 8.595],
			"rotation": {"angle": 0, "axis": "y", "origin": [8, 6.536, 8]},
			"faces": {
				"north": {"uv": [8.875, 7.125, 8.75, 7.25], "texture": "#2"},
				"east": {"uv": [8.75, 7.125, 8.875, 8.125], "rotation": 90, "texture": "#2"},
				"south": {"uv": [8.75, 8, 8.875, 8.125], "texture": "#2"},
				"west": {"uv": [8.75, 7.125, 8.875, 8.125], "rotation": 270, "texture": "#2"},
				"up": {"uv": [8.75, 7.125, 8.875, 8.125], "texture": "#2"},
				"down": {"uv": [8.75, 8.125, 8.875, 7.125], "texture": "#2"}
			}
		},
		{
			"name": "warning_55",
			"from": [10.66, 0.456, 7.835],
			"to": [10.945, 0.881, 9.07],
			"rotation": {"angle": 0, "axis": "y", "origin": [8, 6.536, 8]},
			"faces": {
				"north": {"uv": [11.875, 7.125, 11.5, 7.25], "texture": "#2"},
				"east": {"uv": [11.75, 7.125, 11.875, 8.75], "rotation": 90, "texture": "#2"},
				"south": {"uv": [11.5, 8.625, 11.875, 8.75], "texture": "#2"},
				"west": {"uv": [11.5, 7.125, 11.625, 8.75], "rotation": 270, "texture": "#2"},
				"up": {"uv": [11.5, 7.125, 11.875, 8.75], "texture": "#2"},
				"down": {"uv": [11.5, 8.75, 11.875, 7.125], "texture": "#2"}
			}
		},
		{
			"name": "warning_56",
			"from": [11.325, 0.456, 7.835],
			"to": [11.42, 0.881, 8.595],
			"rotation": {"angle": 0, "axis": "y", "origin": [8, 6.536, 8]},
			"faces": {
				"north": {"uv": [12.5, 7.125, 12.375, 7.25], "texture": "#2"},
				"east": {"uv": [12.375, 7.125, 12.5, 8.125], "rotation": 90, "texture": "#2"},
				"south": {"uv": [12.375, 8, 12.5, 8.125], "texture": "#2"},
				"west": {"uv": [12.375, 7.125, 12.5, 8.125], "rotation": 270, "texture": "#2"},
				"up": {"uv": [12.375, 7.125, 12.5, 8.125], "texture": "#2"},
				"down": {"uv": [12.375, 8.125, 12.5, 7.125], "texture": "#2"}
			}
		},
		{
			"name": "warning_57",
			"from": [2.87, 0.456, 7.93],
			"to": [2.965, 0.881, 9.07],
			"rotation": {"angle": 0, "axis": "y", "origin": [8, 6.536, 8]},
			"faces": {
				"north": {"uv": [1.375, 7.25, 1.25, 7.375], "texture": "#2"},
				"east": {"uv": [1.25, 7.25, 1.375, 8.75], "rotation": 90, "texture": "#2"},
				"south": {"uv": [1.25, 8.625, 1.375, 8.75], "texture": "#2"},
				"west": {"uv": [1.25, 7.25, 1.375, 8.75], "rotation": 270, "texture": "#2"},
				"up": {"uv": [1.25, 7.25, 1.375, 8.75], "texture": "#2"},
				"down": {"uv": [1.25, 8.75, 1.375, 7.25], "texture": "#2"}
			}
		},
		{
			"name": "warning_58",
			"from": [3.06, 0.456, 7.93],
			"to": [3.25, 0.881, 8.025],
			"rotation": {"angle": 0, "axis": "y", "origin": [8, 6.536, 8]},
			"faces": {
				"north": {"uv": [1.75, 7.25, 1.5, 7.375], "texture": "#2"},
				"east": {"uv": [1.625, 7.25, 1.75, 7.375], "rotation": 90, "texture": "#2"},
				"south": {"uv": [1.5, 7.25, 1.75, 7.375], "texture": "#2"},
				"west": {"uv": [1.5, 7.25, 1.625, 7.375], "rotation": 270, "texture": "#2"},
				"up": {"uv": [1.5, 7.25, 1.75, 7.375], "texture": "#2"},
				"down": {"uv": [1.5, 7.375, 1.75, 7.25], "texture": "#2"}
			}
		},
		{
			"name": "warning_59",
			"from": [3.345, 0.456, 7.93],
			"to": [3.44, 0.881, 8.31],
			"rotation": {"angle": 0, "axis": "y", "origin": [8, 6.536, 8]},
			"faces": {
				"north": {"uv": [2, 7.25, 1.875, 7.375], "texture": "#2"},
				"east": {"uv": [1.875, 7.25, 2, 7.75], "rotation": 90, "texture": "#2"},
				"south": {"uv": [1.875, 7.625, 2, 7.75], "texture": "#2"},
				"west": {"uv": [1.875, 7.25, 2, 7.75], "rotation": 270, "texture": "#2"},
				"up": {"uv": [1.875, 7.25, 2, 7.75], "texture": "#2"},
				"down": {"uv": [1.875, 7.75, 2, 7.25], "texture": "#2"}
			}
		},
		{
			"name": "warning_60",
			"from": [3.915, 0.456, 7.93],
			"to": [4.01, 0.881, 9.07],
			"rotation": {"angle": 0, "axis": "y", "origin": [8, 6.536, 8]},
			"faces": {
				"north": {"uv": [2.75, 7.25, 2.625, 7.375], "texture": "#2"},
				"east": {"uv": [2.625, 7.25, 2.75, 8.75], "rotation": 90, "texture": "#2"},
				"south": {"uv": [2.625, 8.625, 2.75, 8.75], "texture": "#2"},
				"west": {"uv": [2.625, 7.25, 2.75, 8.75], "rotation": 270, "texture": "#2"},
				"up": {"uv": [2.625, 7.25, 2.75, 8.75], "texture": "#2"},
				"down": {"uv": [2.625, 8.75, 2.75, 7.25], "texture": "#2"}
			}
		},
		{
			"name": "warning_61",
			"from": [5.625, 0.456, 7.93],
			"to": [5.72, 0.881, 8.975],
			"rotation": {"angle": 0, "axis": "y", "origin": [8, 6.536, 8]},
			"faces": {
				"north": {"uv": [5, 7.25, 4.875, 7.375], "texture": "#2"},
				"east": {"uv": [4.875, 7.25, 5, 8.625], "rotation": 90, "texture": "#2"},
				"south": {"uv": [4.875, 8.5, 5, 8.625], "texture": "#2"},
				"west": {"uv": [4.875, 7.25, 5, 8.625], "rotation": 270, "texture": "#2"},
				"up": {"uv": [4.875, 7.25, 5, 8.625], "texture": "#2"},
				"down": {"uv": [4.875, 8.625, 5, 7.25], "texture": "#2"}
			}
		},
		{
			"name": "warning_62",
			"from": [7.05, 0.456, 7.93],
			"to": [7.145, 0.881, 8.785],
			"rotation": {"angle": 0, "axis": "y", "origin": [8, 6.536, 8]},
			"faces": {
				"north": {"uv": [6.875, 7.25, 6.75, 7.375], "texture": "#2"},
				"east": {"uv": [6.75, 7.25, 6.875, 8.375], "rotation": 90, "texture": "#2"},
				"south": {"uv": [6.75, 8.25, 6.875, 8.375], "texture": "#2"},
				"west": {"uv": [6.75, 7.25, 6.875, 8.375], "rotation": 270, "texture": "#2"},
				"up": {"uv": [6.75, 7.25, 6.875, 8.375], "texture": "#2"},
				"down": {"uv": [6.75, 8.375, 6.875, 7.25], "texture": "#2"}
			}
		},
		{
			"name": "warning_63",
			"from": [2.3, 0.456, 8.025],
			"to": [2.49, 0.881, 8.405],
			"rotation": {"angle": 0, "axis": "y", "origin": [8, 6.536, 8]},
			"faces": {
				"north": {"uv": [0.75, 7.375, 0.5, 7.5], "texture": "#2"},
				"east": {"uv": [0.625, 7.375, 0.75, 7.875], "rotation": 90, "texture": "#2"},
				"south": {"uv": [0.5, 7.75, 0.75, 7.875], "texture": "#2"},
				"west": {"uv": [0.5, 7.375, 0.625, 7.875], "rotation": 270, "texture": "#2"},
				"up": {"uv": [0.5, 7.375, 0.75, 7.875], "texture": "#2"},
				"down": {"uv": [0.5, 7.875, 0.75, 7.375], "texture": "#2"}
			}
		},
		{
			"name": "warning_64",
			"from": [3.06, 0.456, 8.025],
			"to": [3.155, 0.881, 8.31],
			"rotation": {"angle": 0, "axis": "y", "origin": [8, 6.536, 8]},
			"faces": {
				"north": {"uv": [1.625, 7.375, 1.5, 7.5], "texture": "#2"},
				"east": {"uv": [1.5, 7.375, 1.625, 7.75], "rotation": 90, "texture": "#2"},
				"south": {"uv": [1.5, 7.625, 1.625, 7.75], "texture": "#2"},
				"west": {"uv": [1.5, 7.375, 1.625, 7.75], "rotation": 270, "texture": "#2"},
				"up": {"uv": [1.5, 7.375, 1.625, 7.75], "texture": "#2"},
				"down": {"uv": [1.5, 7.75, 1.625, 7.375], "texture": "#2"}
			}
		},
		{
			"name": "warning_65",
			"from": [6.955, 0.456, 8.025],
			"to": [7.05, 0.881, 8.595],
			"rotation": {"angle": 0, "axis": "y", "origin": [8, 6.536, 8]},
			"faces": {
				"north": {"uv": [6.75, 7.375, 6.625, 7.5], "texture": "#2"},
				"east": {"uv": [6.625, 7.375, 6.75, 8.125], "rotation": 90, "texture": "#2"},
				"south": {"uv": [6.625, 8, 6.75, 8.125], "texture": "#2"},
				"west": {"uv": [6.625, 7.375, 6.75, 8.125], "rotation": 270, "texture": "#2"},
				"up": {"uv": [6.625, 7.375, 6.75, 8.125], "texture": "#2"},
				"down": {"uv": [6.625, 8.125, 6.75, 7.375], "texture": "#2"}
			}
		},
		{
			"name": "warning_66",
			"from": [8.665, 0.456, 8.025],
			"to": [8.76, 0.881, 8.69],
			"rotation": {"angle": 0, "axis": "y", "origin": [8, 6.536, 8]},
			"faces": {
				"north": {"uv": [9, 7.375, 8.875, 7.5], "texture": "#2"},
				"east": {"uv": [8.875, 7.375, 9, 8.25], "rotation": 90, "texture": "#2"},
				"south": {"uv": [8.875, 8.125, 9, 8.25], "texture": "#2"},
				"west": {"uv": [8.875, 7.375, 9, 8.25], "rotation": 270, "texture": "#2"},
				"up": {"uv": [8.875, 7.375, 9, 8.25], "texture": "#2"},
				"down": {"uv": [8.875, 8.25, 9, 7.375], "texture": "#2"}
			}
		},
		{
			"name": "warning_67",
			"from": [11.42, 0.456, 8.025],
			"to": [11.515, 0.881, 8.69],
			"rotation": {"angle": 0, "axis": "y", "origin": [8, 6.536, 8]},
			"faces": {
				"north": {"uv": [12.625, 7.375, 12.5, 7.5], "texture": "#2"},
				"east": {"uv": [12.5, 7.375, 12.625, 8.25], "rotation": 90, "texture": "#2"},
				"south": {"uv": [12.5, 8.125, 12.625, 8.25], "texture": "#2"},
				"west": {"uv": [12.5, 7.375, 12.625, 8.25], "rotation": 270, "texture": "#2"},
				"up": {"uv": [12.5, 7.375, 12.625, 8.25], "texture": "#2"},
				"down": {"uv": [12.5, 8.25, 12.625, 7.375], "texture": "#2"}
			}
		},
		{
			"name": "warning_68",
			"from": [12.18, 0.456, 8.025],
			"to": [12.275, 0.881, 8.31],
			"rotation": {"angle": 0, "axis": "y", "origin": [8, 6.536, 8]},
			"faces": {
				"north": {"uv": [13.625, 7.375, 13.5, 7.5], "texture": "#2"},
				"east": {"uv": [13.5, 7.375, 13.625, 7.75], "rotation": 90, "texture": "#2"},
				"south": {"uv": [13.5, 7.625, 13.625, 7.75], "texture": "#2"},
				"west": {"uv": [13.5, 7.375, 13.625, 7.75], "rotation": 270, "texture": "#2"},
				"up": {"uv": [13.5, 7.375, 13.625, 7.75], "texture": "#2"},
				"down": {"uv": [13.5, 7.75, 13.625, 7.375], "texture": "#2"}
			}
		},
		{
			"name": "warning_69",
			"from": [2.585, 0.456, 8.12],
			"to": [2.68, 0.881, 9.07],
			"rotation": {"angle": 0, "axis": "y", "origin": [8, 6.536, 8]},
			"faces": {
				"north": {"uv": [1, 7.5, 0.875, 7.625], "texture": "#2"},
				"east": {"uv": [0.875, 7.5, 1, 8.75], "rotation": 90, "texture": "#2"},
				"south": {"uv": [0.875, 8.625, 1, 8.75], "texture": "#2"},
				"west": {"uv": [0.875, 7.5, 1, 8.75], "rotation": 270, "texture": "#2"},
				"up": {"uv": [0.875, 7.5, 1, 8.75], "texture": "#2"},
				"down": {"uv": [0.875, 8.75, 1, 7.5], "texture": "#2"}
			}
		},
		{
			"name": "warning_70",
			"from": [3.63, 0.456, 8.12],
			"to": [3.725, 0.881, 9.07],
			"rotation": {"angle": 0, "axis": "y", "origin": [8, 6.536, 8]},
			"faces": {
				"north": {"uv": [2.375, 7.5, 2.25, 7.625], "texture": "#2"},
				"east": {"uv": [2.25, 7.5, 2.375, 8.75], "rotation": 90, "texture": "#2"},
				"south": {"uv": [2.25, 8.625, 2.375, 8.75], "texture": "#2"},
				"west": {"uv": [2.25, 7.5, 2.375, 8.75], "rotation": 270, "texture": "#2"},
				"up": {"uv": [2.25, 7.5, 2.375, 8.75], "texture": "#2"},
				"down": {"uv": [2.25, 8.75, 2.375, 7.5], "texture": "#2"}
			}
		},
		{
			"name": "warning_71",
			"from": [4.105, 0.456, 8.12],
			"to": [4.2, 0.881, 8.5],
			"rotation": {"angle": 0, "axis": "y", "origin": [8, 6.536, 8]},
			"faces": {
				"north": {"uv": [3, 7.5, 2.875, 7.625], "texture": "#2"},
				"east": {"uv": [2.875, 7.5, 3, 8], "rotation": 90, "texture": "#2"},
				"south": {"uv": [2.875, 7.875, 3, 8], "texture": "#2"},
				"west": {"uv": [2.875, 7.5, 3, 8], "rotation": 270, "texture": "#2"},
				"up": {"uv": [2.875, 7.5, 3, 8], "texture": "#2"},
				"down": {"uv": [2.875, 8, 3, 7.5], "texture": "#2"}
			}
		},
		{
			"name": "warning_72",
			"from": [4.675, 0.456, 8.12],
			"to": [4.77, 0.881, 9.07],
			"rotation": {"angle": 0, "axis": "y", "origin": [8, 6.536, 8]},
			"faces": {
				"north": {"uv": [3.75, 7.5, 3.625, 7.625], "texture": "#2"},
				"east": {"uv": [3.625, 7.5, 3.75, 8.75], "rotation": 90, "texture": "#2"},
				"south": {"uv": [3.625, 8.625, 3.75, 8.75], "texture": "#2"},
				"west": {"uv": [3.625, 7.5, 3.75, 8.75], "rotation": 270, "texture": "#2"},
				"up": {"uv": [3.625, 7.5, 3.75, 8.75], "texture": "#2"},
				"down": {"uv": [3.625, 8.75, 3.75, 7.5], "texture": "#2"}
			}
		},
		{
			"name": "warning_73",
			"from": [6.575, 0.456, 8.12],
			"to": [6.955, 0.881, 8.31],
			"rotation": {"angle": 0, "axis": "y", "origin": [8, 6.536, 8]},
			"faces": {
				"north": {"uv": [6.625, 7.5, 6.125, 7.625], "texture": "#2"},
				"east": {"uv": [6.5, 7.5, 6.625, 7.75], "rotation": 90, "texture": "#2"},
				"south": {"uv": [6.125, 7.625, 6.625, 7.75], "texture": "#2"},
				"west": {"uv": [6.125, 7.5, 6.25, 7.75], "rotation": 270, "texture": "#2"},
				"up": {"uv": [6.125, 7.5, 6.625, 7.75], "texture": "#2"},
				"down": {"uv": [6.125, 7.75, 6.625, 7.5], "texture": "#2"}
			}
		},
		{
			"name": "warning_74",
			"from": [13.13, 0.456, 8.12],
			"to": [13.89, 0.881, 8.31],
			"rotation": {"angle": 0, "axis": "y", "origin": [8, 6.536, 8]},
			"faces": {
				"north": {"uv": [15.75, 7.5, 14.75, 7.625], "texture": "#2"},
				"east": {"uv": [15.625, 7.5, 15.75, 7.75], "rotation": 90, "texture": "#2"},
				"south": {"uv": [14.75, 7.625, 15.75, 7.75], "texture": "#2"},
				"west": {"uv": [14.75, 7.5, 14.875, 7.75], "rotation": 270, "texture": "#2"},
				"up": {"uv": [14.75, 7.5, 15.75, 7.75], "texture": "#2"},
				"down": {"uv": [14.75, 7.75, 15.75, 7.5], "texture": "#2"}
			}
		},
		{
			"name": "warning_75",
			"from": [5.72, 0.456, 8.215],
			"to": [5.815, 0.881, 9.07],
			"rotation": {"angle": 0, "axis": "y", "origin": [8, 6.536, 8]},
			"faces": {
				"north": {"uv": [5.125, 7.625, 5, 7.75], "texture": "#2"},
				"east": {"uv": [5, 7.625, 5.125, 8.75], "rotation": 90, "texture": "#2"},
				"south": {"uv": [5, 8.625, 5.125, 8.75], "texture": "#2"},
				"west": {"uv": [5, 7.625, 5.125, 8.75], "rotation": 270, "texture": "#2"},
				"up": {"uv": [5, 7.625, 5.125, 8.75], "texture": "#2"},
				"down": {"uv": [5, 8.75, 5.125, 7.625], "texture": "#2"}
			}
		},
		{
			"name": "warning_76",
			"from": [8.76, 0.456, 8.215],
			"to": [8.855, 0.881, 8.88],
			"rotation": {"angle": 0, "axis": "y", "origin": [8, 6.536, 8]},
			"faces": {
				"north": {"uv": [9.125, 7.625, 9, 7.75], "texture": "#2"},
				"east": {"uv": [9, 7.625, 9.125, 8.5], "rotation": 90, "texture": "#2"},
				"south": {"uv": [9, 8.375, 9.125, 8.5], "texture": "#2"},
				"west": {"uv": [9, 7.625, 9.125, 8.5], "rotation": 270, "texture": "#2"},
				"up": {"uv": [9, 7.625, 9.125, 8.5], "texture": "#2"},
				"down": {"uv": [9, 8.5, 9.125, 7.625], "texture": "#2"}
			}
		},
		{
			"name": "warning_77",
			"from": [11.515, 0.456, 8.215],
			"to": [11.61, 0.881, 8.88],
			"rotation": {"angle": 0, "axis": "y", "origin": [8, 6.536, 8]},
			"faces": {
				"north": {"uv": [12.75, 7.625, 12.625, 7.75], "texture": "#2"},
				"east": {"uv": [12.625, 7.625, 12.75, 8.5], "rotation": 90, "texture": "#2"},
				"south": {"uv": [12.625, 8.375, 12.75, 8.5], "texture": "#2"},
				"west": {"uv": [12.625, 7.625, 12.75, 8.5], "rotation": 270, "texture": "#2"},
				"up": {"uv": [12.625, 7.625, 12.75, 8.5], "texture": "#2"},
				"down": {"uv": [12.625, 8.5, 12.75, 7.625], "texture": "#2"}
			}
		},
		{
			"name": "warning_78",
			"from": [2.775, 0.456, 8.31],
			"to": [2.87, 0.881, 9.07],
			"rotation": {"angle": 0, "axis": "y", "origin": [8, 6.536, 8]},
			"faces": {
				"north": {"uv": [1.25, 7.75, 1.125, 7.875], "texture": "#2"},
				"east": {"uv": [1.125, 7.75, 1.25, 8.75], "rotation": 90, "texture": "#2"},
				"south": {"uv": [1.125, 8.625, 1.25, 8.75], "texture": "#2"},
				"west": {"uv": [1.125, 7.75, 1.25, 8.75], "rotation": 270, "texture": "#2"},
				"up": {"uv": [1.125, 7.75, 1.25, 8.75], "texture": "#2"},
				"down": {"uv": [1.125, 8.75, 1.25, 7.75], "texture": "#2"}
			}
		},
		{
			"name": "warning_79",
			"from": [3.82, 0.456, 8.31],
			"to": [3.915, 0.881, 9.07],
			"rotation": {"angle": 0, "axis": "y", "origin": [8, 6.536, 8]},
			"faces": {
				"north": {"uv": [2.625, 7.75, 2.5, 7.875], "texture": "#2"},
				"east": {"uv": [2.5, 7.75, 2.625, 8.75], "rotation": 90, "texture": "#2"},
				"south": {"uv": [2.5, 8.625, 2.625, 8.75], "texture": "#2"},
				"west": {"uv": [2.5, 7.75, 2.625, 8.75], "rotation": 270, "texture": "#2"},
				"up": {"uv": [2.5, 7.75, 2.625, 8.75], "texture": "#2"},
				"down": {"uv": [2.5, 8.75, 2.625, 7.75], "texture": "#2"}
			}
		},
		{
			"name": "warning_80",
			"from": [6.765, 0.456, 8.31],
			"to": [6.955, 0.881, 8.405],
			"rotation": {"angle": 0, "axis": "y", "origin": [8, 6.536, 8]},
			"faces": {
				"north": {"uv": [6.625, 7.75, 6.375, 7.875], "texture": "#2"},
				"east": {"uv": [6.5, 7.75, 6.625, 7.875], "rotation": 90, "texture": "#2"},
				"south": {"uv": [6.375, 7.75, 6.625, 7.875], "texture": "#2"},
				"west": {"uv": [6.375, 7.75, 6.5, 7.875], "rotation": 270, "texture": "#2"},
				"up": {"uv": [6.375, 7.75, 6.625, 7.875], "texture": "#2"},
				"down": {"uv": [6.375, 7.875, 6.625, 7.75], "texture": "#2"}
			}
		},
		{
			"name": "warning_81",
			"from": [7.145, 0.456, 8.31],
			"to": [7.24, 0.881, 8.88],
			"rotation": {"angle": 0, "axis": "y", "origin": [8, 6.536, 8]},
			"faces": {
				"north": {"uv": [7, 7.75, 6.875, 7.875], "texture": "#2"},
				"east": {"uv": [6.875, 7.75, 7, 8.5], "rotation": 90, "texture": "#2"},
				"south": {"uv": [6.875, 8.375, 7, 8.5], "texture": "#2"},
				"west": {"uv": [6.875, 7.75, 7, 8.5], "rotation": 270, "texture": "#2"},
				"up": {"uv": [6.875, 7.75, 7, 8.5], "texture": "#2"},
				"down": {"uv": [6.875, 8.5, 7, 7.75], "texture": "#2"}
			}
		},
		{
			"name": "warning_82",
			"from": [13.51, 0.456, 8.31],
			"to": [13.89, 0.881, 8.975],
			"rotation": {"angle": 0, "axis": "y", "origin": [8, 6.536, 8]},
			"faces": {
				"north": {"uv": [15.75, 7.75, 15.25, 7.875], "texture": "#2"},
				"east": {"uv": [15.625, 7.75, 15.75, 8.625], "rotation": 90, "texture": "#2"},
				"south": {"uv": [15.25, 8.5, 15.75, 8.625], "texture": "#2"},
				"west": {"uv": [15.25, 7.75, 15.375, 8.625], "rotation": 270, "texture": "#2"},
				"up": {"uv": [15.25, 7.75, 15.75, 8.625], "texture": "#2"},
				"down": {"uv": [15.25, 8.625, 15.75, 7.75], "texture": "#2"}
			}
		},
		{
			"name": "warning_83",
			"from": [2.395, 0.456, 8.405],
			"to": [2.49, 0.881, 8.69],
			"rotation": {"angle": 0, "axis": "y", "origin": [8, 6.536, 8]},
			"faces": {
				"north": {"uv": [0.75, 7.875, 0.625, 8], "texture": "#2"},
				"east": {"uv": [0.625, 7.875, 0.75, 8.25], "rotation": 90, "texture": "#2"},
				"south": {"uv": [0.625, 8.125, 0.75, 8.25], "texture": "#2"},
				"west": {"uv": [0.625, 7.875, 0.75, 8.25], "rotation": 270, "texture": "#2"},
				"up": {"uv": [0.625, 7.875, 0.75, 8.25], "texture": "#2"},
				"down": {"uv": [0.625, 8.25, 0.75, 7.875], "texture": "#2"}
			}
		},
		{
			"name": "warning_84",
			"from": [4.58, 0.456, 8.405],
			"to": [4.675, 0.881, 9.07],
			"rotation": {"angle": 0, "axis": "y", "origin": [8, 6.536, 8]},
			"faces": {
				"north": {"uv": [3.625, 7.875, 3.5, 8], "texture": "#2"},
				"east": {"uv": [3.5, 7.875, 3.625, 8.75], "rotation": 90, "texture": "#2"},
				"south": {"uv": [3.5, 8.625, 3.625, 8.75], "texture": "#2"},
				"west": {"uv": [3.5, 7.875, 3.625, 8.75], "rotation": 270, "texture": "#2"},
				"up": {"uv": [3.5, 7.875, 3.625, 8.75], "texture": "#2"},
				"down": {"uv": [3.5, 8.75, 3.625, 7.875], "texture": "#2"}
			}
		},
		{
			"name": "warning_85",
			"from": [4.96, 0.456, 8.405],
			"to": [5.435, 0.881, 8.595],
			"rotation": {"angle": 0, "axis": "y", "origin": [8, 6.536, 8]},
			"faces": {
				"north": {"uv": [4.625, 7.875, 4, 8], "texture": "#2"},
				"east": {"uv": [4.5, 7.875, 4.625, 8.125], "rotation": 90, "texture": "#2"},
				"south": {"uv": [4, 8, 4.625, 8.125], "texture": "#2"},
				"west": {"uv": [4, 7.875, 4.125, 8.125], "rotation": 270, "texture": "#2"},
				"up": {"uv": [4, 7.875, 4.625, 8.125], "texture": "#2"},
				"down": {"uv": [4, 8.125, 4.625, 7.875], "texture": "#2"}
			}
		},
		{
			"name": "warning_86",
			"from": [5.815, 0.456, 8.405],
			"to": [5.91, 0.881, 9.07],
			"rotation": {"angle": 0, "axis": "y", "origin": [8, 6.536, 8]},
			"faces": {
				"north": {"uv": [5.25, 7.875, 5.125, 8], "texture": "#2"},
				"east": {"uv": [5.125, 7.875, 5.25, 8.75], "rotation": 90, "texture": "#2"},
				"south": {"uv": [5.125, 8.625, 5.25, 8.75], "texture": "#2"},
				"west": {"uv": [5.125, 7.875, 5.25, 8.75], "rotation": 270, "texture": "#2"},
				"up": {"uv": [5.125, 7.875, 5.25, 8.75], "texture": "#2"},
				"down": {"uv": [5.125, 8.75, 5.25, 7.875], "texture": "#2"}
			}
		},
		{
			"name": "warning_87",
			"from": [6.86, 0.456, 8.405],
			"to": [6.955, 0.881, 8.5],
			"rotation": {"angle": 0, "axis": "y", "origin": [8, 6.536, 8]},
			"faces": {
				"north": {"uv": [6.625, 7.875, 6.5, 8], "texture": "#2"},
				"east": {"uv": [6.5, 7.875, 6.625, 8], "rotation": 90, "texture": "#2"},
				"south": {"uv": [6.5, 7.875, 6.625, 8], "texture": "#2"},
				"west": {"uv": [6.5, 7.875, 6.625, 8], "rotation": 270, "texture": "#2"},
				"up": {"uv": [6.5, 7.875, 6.625, 8], "texture": "#2"},
				"down": {"uv": [6.5, 8, 6.625, 7.875], "texture": "#2"}
			}
		},
		{
			"name": "warning_88",
			"from": [7.24, 0.456, 8.405],
			"to": [7.335, 0.881, 8.975],
			"rotation": {"angle": 0, "axis": "y", "origin": [8, 6.536, 8]},
			"faces": {
				"north": {"uv": [7.125, 7.875, 7, 8], "texture": "#2"},
				"east": {"uv": [7, 7.875, 7.125, 8.625], "rotation": 90, "texture": "#2"},
				"south": {"uv": [7, 8.5, 7.125, 8.625], "texture": "#2"},
				"west": {"uv": [7, 7.875, 7.125, 8.625], "rotation": 270, "texture": "#2"},
				"up": {"uv": [7, 7.875, 7.125, 8.625], "texture": "#2"},
				"down": {"uv": [7, 8.625, 7.125, 7.875], "texture": "#2"}
			}
		},
		{
			"name": "warning_89",
			"from": [8.855, 0.456, 8.405],
			"to": [8.95, 0.881, 9.07],
			"rotation": {"angle": 0, "axis": "y", "origin": [8, 6.536, 8]},
			"faces": {
				"north": {"uv": [9.25, 7.875, 9.125, 8], "texture": "#2"},
				"east": {"uv": [9.125, 7.875, 9.25, 8.75], "rotation": 90, "texture": "#2"},
				"south": {"uv": [9.125, 8.625, 9.25, 8.75], "texture": "#2"},
				"west": {"uv": [9.125, 7.875, 9.25, 8.75], "rotation": 270, "texture": "#2"},
				"up": {"uv": [9.125, 7.875, 9.25, 8.75], "texture": "#2"},
				"down": {"uv": [9.125, 8.75, 9.25, 7.875], "texture": "#2"}
			}
		},
		{
			"name": "warning_90",
			"from": [11.61, 0.456, 8.405],
			"to": [11.705, 0.881, 9.07],
			"rotation": {"angle": 0, "axis": "y", "origin": [8, 6.536, 8]},
			"faces": {
				"north": {"uv": [12.875, 7.875, 12.75, 8], "texture": "#2"},
				"east": {"uv": [12.75, 7.875, 12.875, 8.75], "rotation": 90, "texture": "#2"},
				"south": {"uv": [12.75, 8.625, 12.875, 8.75], "texture": "#2"},
				"west": {"uv": [12.75, 7.875, 12.875, 8.75], "rotation": 270, "texture": "#2"},
				"up": {"uv": [12.75, 7.875, 12.875, 8.75], "texture": "#2"},
				"down": {"uv": [12.75, 8.75, 12.875, 7.875], "texture": "#2"}
			}
		},
		{
			"name": "warning_91",
			"from": [12.56, 0.456, 8.405],
			"to": [12.655, 0.881, 8.975],
			"rotation": {"angle": 0, "axis": "y", "origin": [8, 6.536, 8]},
			"faces": {
				"north": {"uv": [14.125, 7.875, 14, 8], "texture": "#2"},
				"east": {"uv": [14, 7.875, 14.125, 8.625], "rotation": 90, "texture": "#2"},
				"south": {"uv": [14, 8.5, 14.125, 8.625], "texture": "#2"},
				"west": {"uv": [14, 7.875, 14.125, 8.625], "rotation": 270, "texture": "#2"},
				"up": {"uv": [14, 7.875, 14.125, 8.625], "texture": "#2"},
				"down": {"uv": [14, 8.625, 14.125, 7.875], "texture": "#2"}
			}
		},
		{
			"name": "warning_92",
			"from": [2.68, 0.456, 8.5],
			"to": [2.775, 0.881, 9.07],
			"rotation": {"angle": 0, "axis": "y", "origin": [8, 6.536, 8]},
			"faces": {
				"north": {"uv": [1.125, 8, 1, 8.125], "texture": "#2"},
				"east": {"uv": [1, 8, 1.125, 8.75], "rotation": 90, "texture": "#2"},
				"south": {"uv": [1, 8.625, 1.125, 8.75], "texture": "#2"},
				"west": {"uv": [1, 8, 1.125, 8.75], "rotation": 270, "texture": "#2"},
				"up": {"uv": [1, 8, 1.125, 8.75], "texture": "#2"},
				"down": {"uv": [1, 8.75, 1.125, 8], "texture": "#2"}
			}
		},
		{
			"name": "warning_93",
			"from": [3.725, 0.456, 8.5],
			"to": [3.82, 0.881, 9.07],
			"rotation": {"angle": 0, "axis": "y", "origin": [8, 6.536, 8]},
			"faces": {
				"north": {"uv": [2.5, 8, 2.375, 8.125], "texture": "#2"},
				"east": {"uv": [2.375, 8, 2.5, 8.75], "rotation": 90, "texture": "#2"},
				"south": {"uv": [2.375, 8.625, 2.5, 8.75], "texture": "#2"},
				"west": {"uv": [2.375, 8, 2.5, 8.75], "rotation": 270, "texture": "#2"},
				"up": {"uv": [2.375, 8, 2.5, 8.75], "texture": "#2"},
				"down": {"uv": [2.375, 8.75, 2.5, 8], "texture": "#2"}
			}
		},
		{
			"name": "warning_94",
			"from": [7.335, 0.456, 8.595],
			"to": [7.43, 0.881, 9.07],
			"rotation": {"angle": 0, "axis": "y", "origin": [8, 6.536, 8]},
			"faces": {
				"north": {"uv": [7.25, 8.125, 7.125, 8.25], "texture": "#2"},
				"east": {"uv": [7.125, 8.125, 7.25, 8.75], "rotation": 90, "texture": "#2"},
				"south": {"uv": [7.125, 8.625, 7.25, 8.75], "texture": "#2"},
				"west": {"uv": [7.125, 8.125, 7.25, 8.75], "rotation": 270, "texture": "#2"},
				"up": {"uv": [7.125, 8.125, 7.25, 8.75], "texture": "#2"},
				"down": {"uv": [7.125, 8.75, 7.25, 8.125], "texture": "#2"}
			}
		},
		{
			"name": "warning_95",
			"from": [12.655, 0.456, 8.595],
			"to": [12.75, 0.881, 8.975],
			"rotation": {"angle": 0, "axis": "y", "origin": [8, 6.536, 8]},
			"faces": {
				"north": {"uv": [14.25, 8.125, 14.125, 8.25], "texture": "#2"},
				"east": {"uv": [14.125, 8.125, 14.25, 8.625], "rotation": 90, "texture": "#2"},
				"south": {"uv": [14.125, 8.5, 14.25, 8.625], "texture": "#2"},
				"west": {"uv": [14.125, 8.125, 14.25, 8.625], "rotation": 270, "texture": "#2"},
				"up": {"uv": [14.125, 8.125, 14.25, 8.625], "texture": "#2"},
				"down": {"uv": [14.125, 8.625, 14.25, 8.125], "texture": "#2"}
			}
		},
		{
			"name": "warning_96",
			"from": [4.485, 0.456, 8.69],
			"to": [4.58, 0.881, 9.07],
			"rotation": {"angle": 0, "axis": "y", "origin": [8, 6.536, 8]},
			"faces": {
				"north": {"uv": [3.5, 8.25, 3.375, 8.375], "texture": "#2"},
				"east": {"uv": [3.375, 8.25, 3.5, 8.75], "rotation": 90, "texture": "#2"},
				"south": {"uv": [3.375, 8.625, 3.5, 8.75], "texture": "#2"},
				"west": {"uv": [3.375, 8.25, 3.5, 8.75], "rotation": 270, "texture": "#2"},
				"up": {"uv": [3.375, 8.25, 3.5, 8.75], "texture": "#2"},
				"down": {"uv": [3.375, 8.75, 3.5, 8.25], "texture": "#2"}
			}
		},
		{
			"name": "warning_97",
			"from": [5.91, 0.456, 8.69],
			"to": [6.005, 0.881, 9.07],
			"rotation": {"angle": 0, "axis": "y", "origin": [8, 6.536, 8]},
			"faces": {
				"north": {"uv": [5.375, 8.25, 5.25, 8.375], "texture": "#2"},
				"east": {"uv": [5.25, 8.25, 5.375, 8.75], "rotation": 90, "texture": "#2"},
				"south": {"uv": [5.25, 8.625, 5.375, 8.75], "texture": "#2"},
				"west": {"uv": [5.25, 8.25, 5.375, 8.75], "rotation": 270, "texture": "#2"},
				"up": {"uv": [5.25, 8.25, 5.375, 8.75], "texture": "#2"},
				"down": {"uv": [5.25, 8.75, 5.375, 8.25], "texture": "#2"}
			}
		},
		{
			"name": "warning_98",
			"from": [7.43, 0.456, 8.69],
			"to": [7.525, 0.881, 9.07],
			"rotation": {"angle": 0, "axis": "y", "origin": [8, 6.536, 8]},
			"faces": {
				"north": {"uv": [7.375, 8.25, 7.25, 8.375], "texture": "#2"},
				"east": {"uv": [7.25, 8.25, 7.375, 8.75], "rotation": 90, "texture": "#2"},
				"south": {"uv": [7.25, 8.625, 7.375, 8.75], "texture": "#2"},
				"west": {"uv": [7.25, 8.25, 7.375, 8.75], "rotation": 270, "texture": "#2"},
				"up": {"uv": [7.25, 8.25, 7.375, 8.75], "texture": "#2"},
				"down": {"uv": [7.25, 8.75, 7.375, 8.25], "texture": "#2"}
			}
		},
		{
			"name": "warning_99",
			"from": [12.75, 0.456, 8.69],
			"to": [12.845, 0.881, 9.07],
			"rotation": {"angle": 0, "axis": "y", "origin": [8, 6.536, 8]},
			"faces": {
				"north": {"uv": [14.375, 8.25, 14.25, 8.375], "texture": "#2"},
				"east": {"uv": [14.25, 8.25, 14.375, 8.75], "rotation": 90, "texture": "#2"},
				"south": {"uv": [14.25, 8.625, 14.375, 8.75], "texture": "#2"},
				"west": {"uv": [14.25, 8.25, 14.375, 8.75], "rotation": 270, "texture": "#2"},
				"up": {"uv": [14.25, 8.25, 14.375, 8.75], "texture": "#2"},
				"down": {"uv": [14.25, 8.75, 14.375, 8.25], "texture": "#2"}
			}
		},
		{
			"name": "warning_100",
			"from": [7.525, 0.456, 8.785],
			"to": [7.62, 0.881, 9.07],
			"rotation": {"angle": 0, "axis": "y", "origin": [8, 6.536, 8]},
			"faces": {
				"north": {"uv": [7.5, 8.375, 7.375, 8.5], "texture": "#2"},
				"east": {"uv": [7.375, 8.375, 7.5, 8.75], "rotation": 90, "texture": "#2"},
				"south": {"uv": [7.375, 8.625, 7.5, 8.75], "texture": "#2"},
				"west": {"uv": [7.375, 8.375, 7.5, 8.75], "rotation": 270, "texture": "#2"},
				"up": {"uv": [7.375, 8.375, 7.5, 8.75], "texture": "#2"},
				"down": {"uv": [7.375, 8.75, 7.5, 8.375], "texture": "#2"}
			}
		},
		{
			"name": "warning_101",
			"from": [12.845, 0.456, 8.785],
			"to": [13.035, 0.881, 9.07],
			"rotation": {"angle": 0, "axis": "y", "origin": [8, 6.536, 8]},
			"faces": {
				"north": {"uv": [14.625, 8.375, 14.375, 8.5], "texture": "#2"},
				"east": {"uv": [14.5, 8.375, 14.625, 8.75], "rotation": 90, "texture": "#2"},
				"south": {"uv": [14.375, 8.625, 14.625, 8.75], "texture": "#2"},
				"west": {"uv": [14.375, 8.375, 14.5, 8.75], "rotation": 270, "texture": "#2"},
				"up": {"uv": [14.375, 8.375, 14.625, 8.75], "texture": "#2"},
				"down": {"uv": [14.375, 8.75, 14.625, 8.375], "texture": "#2"}
			}
		},
		{
			"name": "warning_102",
			"from": [13.415, 0.456, 8.785],
			"to": [13.51, 0.881, 9.07],
			"rotation": {"angle": 0, "axis": "y", "origin": [8, 6.536, 8]},
			"faces": {
				"north": {"uv": [15.25, 8.375, 15.125, 8.5], "texture": "#2"},
				"east": {"uv": [15.125, 8.375, 15.25, 8.75], "rotation": 90, "texture": "#2"},
				"south": {"uv": [15.125, 8.625, 15.25, 8.75], "texture": "#2"},
				"west": {"uv": [15.125, 8.375, 15.25, 8.75], "rotation": 270, "texture": "#2"},
				"up": {"uv": [15.125, 8.375, 15.25, 8.75], "texture": "#2"},
				"down": {"uv": [15.125, 8.75, 15.25, 8.375], "texture": "#2"}
			}
		},
		{
			"name": "warning_103",
			"from": [4.39, 0.456, 8.88],
			"to": [4.485, 0.881, 9.07],
			"rotation": {"angle": 0, "axis": "y", "origin": [8, 6.536, 8]},
			"faces": {
				"north": {"uv": [3.375, 8.5, 3.25, 8.625], "texture": "#2"},
				"east": {"uv": [3.25, 8.5, 3.375, 8.75], "rotation": 90, "texture": "#2"},
				"south": {"uv": [3.25, 8.625, 3.375, 8.75], "texture": "#2"},
				"west": {"uv": [3.25, 8.5, 3.375, 8.75], "rotation": 270, "texture": "#2"},
				"up": {"uv": [3.25, 8.5, 3.375, 8.75], "texture": "#2"},
				"down": {"uv": [3.25, 8.75, 3.375, 8.5], "texture": "#2"}
			}
		},
		{
			"name": "warning_104",
			"from": [7.62, 0.456, 8.88],
			"to": [7.715, 0.881, 9.07],
			"rotation": {"angle": 0, "axis": "y", "origin": [8, 6.536, 8]},
			"faces": {
				"north": {"uv": [7.625, 8.5, 7.5, 8.625], "texture": "#2"},
				"east": {"uv": [7.5, 8.5, 7.625, 8.75], "rotation": 90, "texture": "#2"},
				"south": {"uv": [7.5, 8.625, 7.625, 8.75], "texture": "#2"},
				"west": {"uv": [7.5, 8.5, 7.625, 8.75], "rotation": 270, "texture": "#2"},
				"up": {"uv": [7.5, 8.5, 7.625, 8.75], "texture": "#2"},
				"down": {"uv": [7.5, 8.75, 7.625, 8.5], "texture": "#2"}
			}
		},
		{
			"name": "warning_105",
			"from": [9.52, 0.456, 8.88],
			"to": [9.805, 0.881, 9.07],
			"rotation": {"angle": 0, "axis": "y", "origin": [8, 6.536, 8]},
			"faces": {
				"north": {"uv": [10.375, 8.5, 10, 8.625], "texture": "#2"},
				"east": {"uv": [10.25, 8.5, 10.375, 8.75], "rotation": 90, "texture": "#2"},
				"south": {"uv": [10, 8.625, 10.375, 8.75], "texture": "#2"},
				"west": {"uv": [10, 8.5, 10.125, 8.75], "rotation": 270, "texture": "#2"},
				"up": {"uv": [10, 8.5, 10.375, 8.75], "texture": "#2"},
				"down": {"uv": [10, 8.75, 10.375, 8.5], "texture": "#2"}
			}
		},
		{
			"name": "warning_106",
			"from": [1.92, 0.456, 9.38],
			"to": [14.005, 0.881, 9.57],
			"rotation": {"angle": 0, "axis": "y", "origin": [8, 6.536, 8.5]},
			"faces": {
				"north": {"uv": [10.375, 8.5, 10, 8.625], "texture": "#2"},
				"east": {"uv": [10.25, 8.5, 10.375, 8.75], "rotation": 90, "texture": "#2"},
				"south": {"uv": [10, 8.625, 10.375, 8.75], "texture": "#2"},
				"west": {"uv": [10, 8.5, 10.125, 8.75], "rotation": 270, "texture": "#2"},
				"up": {"uv": [10, 8.5, 10.375, 8.75], "texture": "#2"},
				"down": {"uv": [10, 8.75, 10.375, 8.5], "texture": "#2"}
			}
		},
		{
			"name": "warning_107",
			"from": [1.92, 0.456, 6.68],
			"to": [14.005, 0.881, 6.87],
			"rotation": {"angle": 0, "axis": "y", "origin": [8, 6.536, 5.8]},
			"faces": {
				"north": {"uv": [10.375, 8.5, 10, 8.625], "texture": "#2"},
				"east": {"uv": [10.25, 8.5, 10.375, 8.75], "rotation": 90, "texture": "#2"},
				"south": {"uv": [10, 8.625, 10.375, 8.75], "texture": "#2"},
				"west": {"uv": [10, 8.5, 10.125, 8.75], "rotation": 270, "texture": "#2"},
				"up": {"uv": [10, 8.5, 10.375, 8.75], "texture": "#2"},
				"down": {"uv": [10, 8.75, 10.375, 8.5], "texture": "#2"}
			}
		},
		{
			"name": "warning_106",
			"from": [10.09, 0.456, 8.88],
			"to": [10.375, 0.881, 9.07],
			"rotation": {"angle": 0, "axis": "y", "origin": [8, 6.536, 8]},
			"faces": {
				"north": {"uv": [11.125, 8.5, 10.75, 8.625], "texture": "#2"},
				"east": {"uv": [11, 8.5, 11.125, 8.75], "rotation": 90, "texture": "#2"},
				"south": {"uv": [10.75, 8.625, 11.125, 8.75], "texture": "#2"},
				"west": {"uv": [10.75, 8.5, 10.875, 8.75], "rotation": 270, "texture": "#2"},
				"up": {"uv": [10.75, 8.5, 11.125, 8.75], "texture": "#2"},
				"down": {"uv": [10.75, 8.75, 11.125, 8.5], "texture": "#2"}
			}
		},
		{
			"name": "warning_107",
			"from": [13.035, 0.456, 8.88],
			"to": [13.415, 0.881, 9.07],
			"rotation": {"angle": 0, "axis": "y", "origin": [8, 6.536, 8]},
			"faces": {
				"north": {"uv": [15.125, 8.5, 14.625, 8.625], "texture": "#2"},
				"east": {"uv": [15, 8.5, 15.125, 8.75], "rotation": 90, "texture": "#2"},
				"south": {"uv": [14.625, 8.625, 15.125, 8.75], "texture": "#2"},
				"west": {"uv": [14.625, 8.5, 14.75, 8.75], "rotation": 270, "texture": "#2"},
				"up": {"uv": [14.625, 8.5, 15.125, 8.75], "texture": "#2"},
				"down": {"uv": [14.625, 8.75, 15.125, 8.5], "texture": "#2"}
			}
		},
		{
			"name": "warning_108",
			"from": [6.005, 0.456, 8.975],
			"to": [6.1, 0.881, 9.07],
			"rotation": {"angle": 0, "axis": "y", "origin": [8, 6.536, 8]},
			"faces": {
				"north": {"uv": [5.5, 8.625, 5.375, 8.75], "texture": "#2"},
				"east": {"uv": [5.375, 8.625, 5.5, 8.75], "rotation": 90, "texture": "#2"},
				"south": {"uv": [5.375, 8.625, 5.5, 8.75], "texture": "#2"},
				"west": {"uv": [5.375, 8.625, 5.5, 8.75], "rotation": 270, "texture": "#2"},
				"up": {"uv": [5.375, 8.625, 5.5, 8.75], "texture": "#2"},
				"down": {"uv": [5.375, 8.75, 5.5, 8.625], "texture": "#2"}
			}
		},
		{
			"name": "warning_109",
			"from": [7.715, 0.456, 8.975],
			"to": [7.81, 0.881, 9.07],
			"rotation": {"angle": 0, "axis": "y", "origin": [8, 6.536, 8]},
			"faces": {
				"north": {"uv": [7.75, 8.625, 7.625, 8.75], "texture": "#2"},
				"east": {"uv": [7.625, 8.625, 7.75, 8.75], "rotation": 90, "texture": "#2"},
				"south": {"uv": [7.625, 8.625, 7.75, 8.75], "texture": "#2"},
				"west": {"uv": [7.625, 8.625, 7.75, 8.75], "rotation": 270, "texture": "#2"},
				"up": {"uv": [7.625, 8.625, 7.75, 8.75], "texture": "#2"},
				"down": {"uv": [7.625, 8.75, 7.75, 8.625], "texture": "#2"}
			}
		},
		{
			"name": "warning_110",
			"from": [13.51, 0.456, 8.975],
			"to": [13.605, 0.881, 9.07],
			"rotation": {"angle": 0, "axis": "y", "origin": [8, 6.536, 8]},
			"faces": {
				"north": {"uv": [15.375, 8.625, 15.25, 8.75], "texture": "#2"},
				"east": {"uv": [15.25, 8.625, 15.375, 8.75], "rotation": 90, "texture": "#2"},
				"south": {"uv": [15.25, 8.625, 15.375, 8.75], "texture": "#2"},
				"west": {"uv": [15.25, 8.625, 15.375, 8.75], "rotation": 270, "texture": "#2"},
				"up": {"uv": [15.25, 8.625, 15.375, 8.75], "texture": "#2"},
				"down": {"uv": [15.25, 8.75, 15.375, 8.625], "texture": "#2"}
			}
		}
	],
	"display": {
		"thirdperson_righthand": {
			"rotation": [28, -4, 0],
			"translation": [0, 2.75, 0],
			"scale": [0.41, 0.41, 0.41]
		},
		"thirdperson_lefthand": {
			"rotation": [28, -4, 0],
			"translation": [0, 2.75, 0],
			"scale": [0.41, 0.41, 0.41]
		},
		"firstperson_righthand": {
			"rotation": [71, 8, 11],
			"translation": [0, 5.75, 4.5],
			"scale": [0.46, 0.46, 0.46]
		},
		"firstperson_lefthand": {
			"rotation": [71, 8, 11],
			"translation": [0, 5.75, 4.5],
			"scale": [0.46, 0.46, 0.46]
		},
		"ground": {
			"translation": [0, 0.5, 0],
			"scale": [0.41, 0.41, 0.41]
		},
		"gui": {
			"rotation": [94, 30, 36],
			"translation": [-3.5, -3, 0]
		},
		"head": {
			"rotation": [90, 0, -180],
			"translation": [0, 0.5, -16]
		},
		"fixed": {
			"rotation": [-90, -180, 0],
			"translation": [0.25, 0.25, -15.5],
			"scale": [1.91, 1.91, 1.91]
		}
	},
	"groups": [0, 1, 2, 3, 4, 5, 6, 7, 8, 9, 10, 11, 12,
		{
			"name": "warning",
			"origin": [8, 8, 8],
			"children": [13, 14, 15, 16, 17, 18, 19, 20, 21, 22, 23, 24, 25, 26, 27, 28, 29, 30, 31, 32, 33, 34, 35, 36, 37, 38, 39, 40, 41, 42, 43, 44, 45, 46, 47, 48, 49, 50, 51, 52, 53, 54, 55, 56, 57, 58, 59, 60, 61, 62, 63, 64, 65, 66, 67, 68, 69, 70, 71, 72, 73, 74, 75, 76, 77, 78, 79, 80, 81, 82, 83, 84, 85, 86, 87, 88, 89, 90, 91, 92, 93, 94, 95, 96, 97, 98, 99, 100, 101, 102, 103, 104, 105, 106, 107, 108, 109, 110, 111, 112, 113, 114, 115, 116, 117, 118, 119, 120, 121, 122, 123, 124, 125, 126, 127, 128, 129, 130, 131, 132, 133, 134, 135, 136, 137, 138, 139, 140, 141, 142, 143, 144, 145, 146, 147, 148, 149, 150, 151, 152, 153, 154, 155]
		}
	]
}