{
	"credit": "Made by DrVECKER",
	"textures": {
		"1": "hats/emodji/red_concrete",
		"2": "hats/emodji/white_concrete1",
		"particle": "hats/emodji/green_wool"
	},
	"elements": [
		{
			"from": [5, 5.7, 9.4],
			"to": [10, 6, 9.6],
			"rotation": {"angle": 0, "axis": "y", "origin": [8, 11, 8]},
			"faces": {
				"north": {"uv": [0, 0, 5, 0.3], "texture": "#1"},
				"east": {"uv": [0, 0, 0.4, 0.3], "texture": "#1"},
				"south": {"uv": [0, 0, 5, 0.3], "texture": "#1"},
				"west": {"uv": [0, 0, 0.4, 0.3], "texture": "#1"},
				"up": {"uv": [0, 0, 5, 0.4], "texture": "#1"},
				"down": {"uv": [0, 0, 5, 0.4], "texture": "#1"}
			}
		},
		{
			"from": [5.1, 0.1, 9.1],
			"to": [9.9, 2.1, 9.9],
			"faces": {
				"north": {"uv": [0, 0, 5, 2], "texture": "#particle"},
				"east": {"uv": [0, 0, 1, 3], "texture": "#particle"},
				"south": {"uv": [0, 0, 5, 2], "texture": "#particle"},
				"west": {"uv": [0, 0, 1, 3], "texture": "#particle"},
				"up": {"uv": [0, 0, 5, 1], "texture": "#particle"},
				"down": {"uv": [0, 0, 5, 1], "texture": "#particle"}
			}
		},
		{
			"from": [5, 0, 8.7],
			"to": [10, 3, 9],
			"faces": {
				"north": {"uv": [0, 0, 5, 3], "texture": "#2"},
				"east": {"uv": [0, 0, 0.3, 3], "texture": "#2"},
				"south": {"uv": [0, 0, 5, 3], "texture": "#2"},
				"west": {"uv": [0, 0, 0.3, 3], "texture": "#2"},
				"up": {"uv": [0, 0, 5, 0.3], "texture": "#2"},
				"down": {"uv": [0, 0, 5, 0.3], "texture": "#2"}
			}
		},
		{
			"from": [5, 3, 9],
			"to": [10, 6.3, 9.3],
			"faces": {
				"north": {"uv": [0, 0, 5, 3.3], "texture": "#2"},
				"east": {"uv": [0, 0, 0.3, 3.3], "texture": "#2"},
				"south": {"uv": [0, 0, 5, 3.3], "texture": "#2"},
				"west": {"uv": [0, 0, 0.3, 3.3], "texture": "#2"},
				"up": {"uv": [0, 0, 5, 0.3], "texture": "#2"},
				"down": {"uv": [0, 0, 5, 0.3], "texture": "#2"}
			}
		},
		{
			"from": [5, 3, 9.7],
			"to": [10, 6.3, 10],
			"faces": {
				"north": {"uv": [0, 0, 5, 3.3], "texture": "#2"},
				"east": {"uv": [0, 0, 0.3, 3.3], "texture": "#2"},
				"south": {"uv": [0, 0, 5, 3.3], "texture": "#2"},
				"west": {"uv": [0, 0, 0.3, 3.3], "texture": "#2"},
				"up": {"uv": [0, 0, 5, 0.3], "texture": "#2"},
				"down": {"uv": [0, 0, 5, 0.3], "texture": "#2"}
			}
		},
		{
			"from": [10, 0, 9],
			"to": [10.3, 3, 10],
			"faces": {
				"north": {"uv": [0, 0, 0.3, 3], "texture": "#2"},
				"east": {"uv": [0, 0, 1, 3], "texture": "#2"},
				"south": {"uv": [0, 0, 0.3, 3], "texture": "#2"},
				"west": {"uv": [0, 0, 1, 3], "texture": "#2"},
				"up": {"uv": [0, 0, 0.3, 1], "texture": "#2"},
				"down": {"uv": [0, 0, 0.3, 1], "texture": "#2"}
			}
		},
		{
			"from": [10, 3, 9.3],
			"to": [10.3, 6.3, 9.7],
			"rotation": {"angle": 0, "axis": "y", "origin": [8, 11, 8]},
			"faces": {
				"north": {"uv": [0, 0, 0.3, 3.3], "texture": "#2"},
				"east": {"uv": [0, 0, 0.4, 3.3], "texture": "#2"},
				"south": {"uv": [0, 0, 0.3, 3.3], "texture": "#2"},
				"west": {"uv": [0, 0, 0.4, 3.3], "texture": "#2"},
				"up": {"uv": [0, 0, 0.3, 0.4], "texture": "#2"},
				"down": {"uv": [0, 0, 0.3, 0.4], "texture": "#2"}
			}
		},
		{
			"from": [4.7, 0, 9],
			"to": [5, 3, 10],
			"faces": {
				"north": {"uv": [0, 0, 0.3, 3], "texture": "#2"},
				"east": {"uv": [0, 0, 1, 3], "texture": "#2"},
				"south": {"uv": [0, 0, 0.3, 3], "texture": "#2"},
				"west": {"uv": [0, 0, 1, 3], "texture": "#2"},
				"up": {"uv": [0, 0, 0.3, 1], "texture": "#2"},
				"down": {"uv": [0, 0, 0.3, 1], "texture": "#2"}
			}
		},
		{
			"from": [4.7, 3, 9.3],
			"to": [5, 6.3, 9.7],
			"rotation": {"angle": 0, "axis": "y", "origin": [8, 11, 8]},
			"faces": {
				"north": {"uv": [0, 0, 0.3, 3.3], "texture": "#2"},
				"east": {"uv": [0, 0, 0.4, 3.3], "texture": "#2"},
				"south": {"uv": [0, 0, 0.3, 3.3], "texture": "#2"},
				"west": {"uv": [0, 0, 0.4, 3.3], "texture": "#2"},
				"up": {"uv": [0, 0, 0.3, 0.4], "texture": "#2"},
				"down": {"uv": [0, 0, 0.3, 0.4], "texture": "#2"}
			}
		},
		{
			"from": [5.00284, -0.29712, 8.99429],
			"to": [10.00284, 0.00288, 9.99429],
			"rotation": {"angle": 0, "axis": "z", "origin": [6.51094, -0.13315, 9.48841]},
			"faces": {
				"north": {"uv": [0, 0, 0.3, 5], "rotation": 90, "texture": "#2"},
				"east": {"uv": [0, 0, 0.3, 1], "rotation": 270, "texture": "#2"},
				"south": {"uv": [0, 0, 0.3, 5], "rotation": 270, "texture": "#2"},
				"west": {"uv": [0, 0, 0.3, 1], "rotation": 270, "texture": "#2"},
				"up": {"uv": [0, 0, 1, 5], "rotation": 270, "texture": "#2"},
				"down": {"uv": [0, 0, 1, 5], "rotation": 270, "texture": "#2"}
			}
		},
		{
			"from": [5, 0, 10],
			"to": [10, 3, 10.3],
			"faces": {
				"north": {"uv": [0, 0, 5, 3], "texture": "#2"},
				"east": {"uv": [0, 0, 0.3, 3], "texture": "#2"},
				"south": {"uv": [0, 0, 5, 3], "texture": "#2"},
				"west": {"uv": [0, 0, 0.3, 3], "texture": "#2"},
				"up": {"uv": [0, 0, 5, 0.3], "texture": "#2"},
				"down": {"uv": [0, 0, 5, 0.3], "texture": "#2"}
			}
		}
	],
	"display": {
		"thirdperson_righthand": {
			"rotation": [0, 31, 0],
			"translation": [-1.5, 5, 0],
			"scale": [0.72, 0.72, 0.72]
		},
		"thirdperson_lefthand": {
			"rotation": [0, 31, 0],
			"translation": [-1.5, 5, 0],
			"scale": [0.72, 0.72, 0.72]
		},
		"firstperson_righthand": {
			"rotation": [0, 129, 0],
			"translation": [-1.5, 5, 0],
			"scale": [0.72, 0.72, 0.72]
		},
		"firstperson_lefthand": {
			"rotation": [0, 129, 0],
			"translation": [-1.5, 5, 0],
			"scale": [0.72, 0.72, 0.72]
		},
		"ground": {
			"rotation": [90, 0, 0],
			"translation": [0, -2, 4.25],
			"scale": [0.83, 0.83, 0.83]
		},
		"gui": {
			"rotation": [4, 142, 28],
			"translation": [0.5, 7, 0],
			"scale": [1.54, 1.54, 1.54]
		},
		"fixed": {
			"translation": [1.25, 9.25, -3],
			"scale": [1.69, 1.69, 1.69]
		}
	}
}