{
	"credit": "Made by DrVECKER",
	"textures": {
		"0": "hats/emodji/black_concrete",
		"2": "hats/emodji/gray_concrete",
		"3": "hats/emodji/indic",
		"5": "hats/mask/texts",
		"6": "hats/emodji/white_concrete",
		"particle": "hats/emodji/black_concrete"
	},
	"elements": [
		{
			"from": [7.2, 3.8, -0.6],
			"to": [10.8, 4, 1],
			"faces": {
				"north": {"uv": [0, 0, 3.6, 0.2], "texture": "#6"},
				"east": {"uv": [0, 0, 1.6, 0.2], "texture": "#6"},
				"south": {"uv": [0, 0, 3.6, 0.2], "texture": "#6"},
				"west": {"uv": [0, 0, 1.6, 0.2], "texture": "#6"},
				"up": {"uv": [0, 0, 1.6, 3.6], "rotation": 270, "texture": "#6"},
				"down": {"uv": [0, 0, 1.6, 3.6], "rotation": 90, "texture": "#6"}
			}
		},
		{
			"from": [7.2, 3.9, 0.1],
			"to": [10.8, 4.1, 1.7],
			"faces": {
				"north": {"uv": [0, 0, 3.6, 0.2], "texture": "#6"},
				"east": {"uv": [0, 0, 1.6, 0.2], "texture": "#6"},
				"south": {"uv": [0, 0, 3.6, 0.2], "texture": "#6"},
				"west": {"uv": [0, 0, 1.6, 0.2], "texture": "#6"},
				"up": {"uv": [0, 0, 1.6, 3.6], "rotation": 270, "texture": "#6"},
				"down": {"uv": [0, 0, 1.6, 3.6], "rotation": 90, "texture": "#6"}
			}
		},
		{
			"from": [7.2, 2, -0.6],
			"to": [10.8, 2.2, 1],
			"faces": {
				"north": {"uv": [0, 0, 3.6, 0.2], "texture": "#6"},
				"east": {"uv": [0, 0, 1.6, 0.2], "texture": "#6"},
				"south": {"uv": [0, 0, 3.6, 0.2], "texture": "#6"},
				"west": {"uv": [0, 0, 1.6, 0.2], "texture": "#6"},
				"up": {"uv": [0, 0, 1.6, 3.6], "rotation": 270, "texture": "#6"},
				"down": {"uv": [0, 0, 1.6, 3.6], "rotation": 90, "texture": "#6"}
			}
		},
		{
			"from": [10.8, 2, -0.6],
			"to": [11, 4, 1],
			"faces": {
				"north": {"uv": [0, 0, 0.2, 2], "texture": "#6"},
				"east": {"uv": [0, 0, 1.6, 2], "texture": "#6"},
				"south": {"uv": [0, 0, 0.2, 2], "texture": "#6"},
				"west": {"uv": [0, 0, 1.6, 2], "texture": "#6"},
				"up": {"uv": [0, 0, 1.6, 0.2], "rotation": 270, "texture": "#6"},
				"down": {"uv": [0, 0, 1.6, 0.2], "rotation": 90, "texture": "#6"}
			}
		},
		{
			"from": [7, 2, -0.6],
			"to": [7.2, 4, 1],
			"faces": {
				"north": {"uv": [0, 0, 0.2, 2], "texture": "#6"},
				"east": {"uv": [0, 0, 1.6, 2], "texture": "#6"},
				"south": {"uv": [0, 0, 0.2, 2], "texture": "#6"},
				"west": {"uv": [0, 0, 1.6, 2], "texture": "#6"},
				"up": {"uv": [0, 0, 1.6, 0.2], "rotation": 270, "texture": "#6"},
				"down": {"uv": [0, 0, 1.6, 0.2], "rotation": 90, "texture": "#6"}
			}
		},
		{
			"from": [7, 2, 0.175],
			"to": [11, 4, 8],
			"faces": {
				"north": {"uv": [0, 0, 4, 2], "texture": "#2"},
				"east": {"uv": [0, 0, 7.825, 2], "texture": "#6"},
				"south": {"uv": [0, 0, 4, 2], "texture": "#6"},
				"west": {"uv": [0, 0, 7.825, 2], "texture": "#6"},
				"up": {"uv": [0, 0, 7.825, 4], "rotation": 270, "texture": "#6"},
				"down": {"uv": [0, 0, 7.825, 4], "rotation": 90, "texture": "#6"}
			}
		},
		{
			"from": [6.95, 2.3, 1.475],
			"to": [11.05, 3.8, 8.075],
			"faces": {
				"north": {"uv": [0, 0, 4.1, 1.5], "texture": "#6"},
				"east": {"uv": [0, 0, 6.6, 1.5], "texture": "#6"},
				"south": {"uv": [0, 0, 4.1, 1.5], "texture": "#6"},
				"west": {"uv": [0, 0, 6.6, 1.5], "texture": "#6"},
				"up": {"uv": [0, 0, 6.6, 4.1], "rotation": 270, "texture": "#6"},
				"down": {"uv": [0, 0, 6.6, 4.1], "rotation": 90, "texture": "#6"}
			}
		},
		{
			"from": [6.9, 2.2, 5.475],
			"to": [7, 3.7, 5.7],
			"rotation": {"angle": 22.5, "axis": "x", "origin": [6.93697, 2.95607, 5.58053]},
			"faces": {
				"north": {"uv": [0, 0, 0.1, 1.5], "texture": "#2"},
				"east": {"uv": [0, 0, 0.225, 1.5], "texture": "#2"},
				"south": {"uv": [0, 0, 0.1, 1.5], "texture": "#2"},
				"west": {"uv": [0, 0, 0.225, 1.5], "texture": "#2"},
				"up": {"uv": [0, 0, 0.225, 0.1], "rotation": 270, "texture": "#2"},
				"down": {"uv": [0, 0, 0.225, 0.1], "rotation": 90, "texture": "#2"}
			}
		},
		{
			"from": [11, 2.2, 5.475],
			"to": [11.1, 3.7, 5.7],
			"rotation": {"angle": 22.5, "axis": "x", "origin": [6.93697, 2.95607, 5.58053]},
			"faces": {
				"north": {"uv": [0, 0, 0.1, 1.5], "texture": "#2"},
				"east": {"uv": [0, 0, 0.225, 1.5], "texture": "#2"},
				"south": {"uv": [0, 0, 0.1, 1.5], "texture": "#2"},
				"west": {"uv": [0, 0, 0.225, 1.5], "texture": "#2"},
				"up": {"uv": [0, 0, 0.225, 0.1], "rotation": 270, "texture": "#2"},
				"down": {"uv": [0, 0, 0.225, 0.1], "rotation": 90, "texture": "#2"}
			}
		},
		{
			"from": [6.9, 2.4, 5.875],
			"to": [7, 3.9, 6.1],
			"rotation": {"angle": 22.5, "axis": "x", "origin": [6.93697, 2.95607, 5.58053]},
			"faces": {
				"north": {"uv": [0, 0, 0.1, 1.5], "texture": "#2"},
				"east": {"uv": [0, 0, 0.225, 1.5], "texture": "#2"},
				"south": {"uv": [0, 0, 0.1, 1.5], "texture": "#2"},
				"west": {"uv": [0, 0, 0.225, 1.5], "texture": "#2"},
				"up": {"uv": [0, 0, 0.225, 0.1], "rotation": 270, "texture": "#2"},
				"down": {"uv": [0, 0, 0.225, 0.1], "rotation": 90, "texture": "#2"}
			}
		},
		{
			"from": [11, 2.4, 5.875],
			"to": [11.1, 3.9, 6.1],
			"rotation": {"angle": 22.5, "axis": "x", "origin": [6.93697, 2.95607, 5.58053]},
			"faces": {
				"north": {"uv": [0, 0, 0.1, 1.5], "texture": "#2"},
				"east": {"uv": [0, 0, 0.225, 1.5], "texture": "#2"},
				"south": {"uv": [0, 0, 0.1, 1.5], "texture": "#2"},
				"west": {"uv": [0, 0, 0.225, 1.5], "texture": "#2"},
				"up": {"uv": [0, 0, 0.225, 0.1], "rotation": 270, "texture": "#2"},
				"down": {"uv": [0, 0, 0.225, 0.1], "rotation": 90, "texture": "#2"}
			}
		},
		{
			"from": [6.9, 2.6, 6.275],
			"to": [7, 4.1, 6.5],
			"rotation": {"angle": 22.5, "axis": "x", "origin": [6.93697, 2.95607, 5.58053]},
			"faces": {
				"north": {"uv": [0, 0, 0.1, 1.5], "texture": "#2"},
				"east": {"uv": [0, 0, 0.225, 1.5], "texture": "#2"},
				"south": {"uv": [0, 0, 0.1, 1.5], "texture": "#2"},
				"west": {"uv": [0, 0, 0.225, 1.5], "texture": "#2"},
				"up": {"uv": [0, 0, 0.225, 0.1], "rotation": 270, "texture": "#2"},
				"down": {"uv": [0, 0, 0.225, 0.1], "rotation": 90, "texture": "#2"}
			}
		},
		{
			"from": [11, 2.6, 6.275],
			"to": [11.1, 4.1, 6.5],
			"rotation": {"angle": 22.5, "axis": "x", "origin": [6.93697, 2.95607, 5.58053]},
			"faces": {
				"north": {"uv": [0, 0, 0.1, 1.5], "texture": "#2"},
				"east": {"uv": [0, 0, 0.225, 1.5], "texture": "#2"},
				"south": {"uv": [0, 0, 0.1, 1.5], "texture": "#2"},
				"west": {"uv": [0, 0, 0.225, 1.5], "texture": "#2"},
				"up": {"uv": [0, 0, 0.225, 0.1], "rotation": 270, "texture": "#2"},
				"down": {"uv": [0, 0, 0.225, 0.1], "rotation": 90, "texture": "#2"}
			}
		},
		{
			"from": [8, 4, 2.6],
			"to": [10, 7, 4],
			"faces": {
				"north": {"uv": [0, 0, 2, 3], "texture": "#3"},
				"east": {"uv": [0, 0, 1.4, 3], "texture": "#3"},
				"south": {"uv": [0, 0, 2, 3], "texture": "#3"},
				"west": {"uv": [0, 0, 1.4, 3], "texture": "#3"},
				"up": {"uv": [0, 0, 1.4, 2], "rotation": 270, "texture": "#3"},
				"down": {"uv": [0, 0, 1.4, 2], "rotation": 90, "texture": "#3"}
			}
		},
		{
			"from": [9.6, 2.31956, -0.31848],
			"to": [10.6, 3.31956, 2.68152],
			"rotation": {"angle": 0, "axis": "z", "origin": [9.23047, 5.51304, -0.70652]},
			"faces": {
				"north": {"uv": [0, 0, 1, 1], "rotation": 90, "texture": "#3"},
				"east": {"uv": [0, 0, 1, 3], "rotation": 90, "texture": "#3"},
				"south": {"uv": [0, 0, 1, 1], "rotation": 90, "texture": "#3"},
				"west": {"uv": [0, 0, 1, 3], "rotation": 270, "texture": "#3"},
				"up": {"uv": [0, 0, 1, 3], "texture": "#3"},
				"down": {"uv": [0, 0, 1, 3], "rotation": 180, "texture": "#3"}
			}
		},
		{
			"from": [7.325, 2.31956, -0.31848],
			"to": [8.325, 3.31956, 2.68152],
			"rotation": {"angle": 0, "axis": "z", "origin": [9.23047, 5.51304, -0.70652]},
			"faces": {
				"north": {"uv": [0, 0, 1, 1], "rotation": 90, "texture": "#3"},
				"east": {"uv": [0, 0, 1, 3], "rotation": 90, "texture": "#3"},
				"south": {"uv": [0, 0, 1, 1], "rotation": 90, "texture": "#3"},
				"west": {"uv": [0, 0, 1, 3], "rotation": 270, "texture": "#3"},
				"up": {"uv": [0, 0, 1, 3], "texture": "#3"},
				"down": {"uv": [0, 0, 1, 3], "rotation": 180, "texture": "#3"}
			}
		},
		{
			"from": [8.45, 2.71956, -0.31848],
			"to": [9.45, 3.71956, 2.68152],
			"rotation": {"angle": 0, "axis": "z", "origin": [9.23047, 5.51304, -0.70652]},
			"faces": {
				"north": {"uv": [0, 0, 1, 1], "rotation": 90, "texture": "#3"},
				"east": {"uv": [0, 0, 1, 3], "rotation": 90, "texture": "#3"},
				"south": {"uv": [0, 0, 1, 1], "rotation": 90, "texture": "#3"},
				"west": {"uv": [0, 0, 1, 3], "rotation": 270, "texture": "#3"},
				"up": {"uv": [0, 0, 1, 3], "texture": "#3"},
				"down": {"uv": [0, 0, 1, 3], "rotation": 180, "texture": "#3"}
			}
		},
		{
			"from": [8.29353, 4, 2.28134],
			"to": [9.69353, 7, 4.28134],
			"rotation": {"angle": 0, "axis": "y", "origin": [8.98744, 5.50648, 3.29391]},
			"faces": {
				"north": {"uv": [0, 0, 1.4, 3], "texture": "#3"},
				"east": {"uv": [0, 0, 2, 3], "texture": "#3"},
				"south": {"uv": [0, 0, 1.4, 3], "texture": "#3"},
				"west": {"uv": [0, 0, 2, 3], "texture": "#3"},
				"up": {"uv": [0, 0, 1.4, 2], "rotation": 180, "texture": "#3"},
				"down": {"uv": [0, 0, 1.4, 2], "rotation": 180, "texture": "#3"}
			}
		},
		{
			"from": [8.29353, 4.3, 2.58134],
			"to": [9.69353, 7.3, 3.98134],
			"rotation": {"angle": 0, "axis": "y", "origin": [8.98744, 5.50648, 3.29391]},
			"faces": {
				"north": {"uv": [0, 0, 1.4, 3], "texture": "#3"},
				"east": {"uv": [0, 0, 1.4, 3], "texture": "#3"},
				"south": {"uv": [0, 0, 1.4, 3], "texture": "#3"},
				"west": {"uv": [0, 0, 1.4, 3], "texture": "#3"},
				"up": {"uv": [0, 0, 1.4, 1.4], "rotation": 180, "texture": "#3"},
				"down": {"uv": [0, 0, 1.4, 1.4], "rotation": 180, "texture": "#3"}
			}
		},
		{
			"from": [7.5, 2.025, 5.9],
			"to": [10.5, 4.025, 7.1],
			"faces": {
				"north": {"uv": [0, 0, 3, 2], "texture": "#0"},
				"east": {"uv": [0, 0, 1.2, 2], "texture": "#0"},
				"south": {"uv": [0, 0, 3, 2], "texture": "#0"},
				"west": {"uv": [0, 0, 1.2, 2], "texture": "#0"},
				"up": {"uv": [0, 0, 1.2, 3], "rotation": 270, "texture": "#0"},
				"down": {"uv": [0, 0, 1.2, 3], "rotation": 90, "texture": "#0"}
			}
		},
		{
			"from": [7.5, 4.025, 5.9],
			"to": [10.5, 4.025, 7.1],
			"faces": {
				"north": {"uv": [0, 0, 3, 0], "texture": "#0"},
				"east": {"uv": [0, 0, 1.2, 0], "texture": "#0"},
				"south": {"uv": [0, 0, 3, 0], "texture": "#0"},
				"west": {"uv": [0, 0, 1.2, 0], "texture": "#0"},
				"up": {"uv": [1.5, 0.5, 14.7, 6], "texture": "#5"},
				"down": {"uv": [0, 0, 1.2, 3], "rotation": 90, "texture": "#0"}
			}
		},
		{
			"from": [8.10257, 1.8936, 7.58139],
			"to": [10.10257, 2.8936, 13.58139],
			"rotation": {"angle": 22.5, "axis": "x", "origin": [7.99469, 2.39012, 10.57004]},
			"faces": {
				"north": {"uv": [0, 0, 2, 1], "texture": "#6"},
				"east": {"uv": [0, 0, 6, 1], "texture": "#6"},
				"south": {"uv": [0, 0, 2, 1], "texture": "#6"},
				"west": {"uv": [0, 0, 6, 1], "texture": "#6"},
				"up": {"uv": [0, 0, 6, 2], "rotation": 270, "texture": "#6"},
				"down": {"uv": [0, 0, 6, 2], "rotation": 90, "texture": "#6"}
			}
		},
		{
			"from": [8.00257, 2.0936, 7.58139],
			"to": [10.20257, 2.6936, 13.48139],
			"rotation": {"angle": 22.5, "axis": "x", "origin": [7.99469, 2.39012, 10.57004]},
			"faces": {
				"north": {"uv": [0, 0, 2.2, 0.6], "texture": "#6"},
				"east": {"uv": [0, 0, 5.9, 0.6], "texture": "#6"},
				"south": {"uv": [0, 0, 2.2, 0.6], "texture": "#6"},
				"west": {"uv": [0, 0, 5.9, 0.6], "texture": "#6"},
				"up": {"uv": [0, 0, 5.9, 2.2], "rotation": 270, "texture": "#6"},
				"down": {"uv": [0, 0, 5.9, 2.2], "rotation": 90, "texture": "#6"}
			}
		},
		{
			"from": [8.50257, 2.8936, 8.18139],
			"to": [9.70257, 3.2936, 8.98139],
			"rotation": {"angle": 22.5, "axis": "x", "origin": [7.99469, 2.39012, 10.57004]},
			"faces": {
				"north": {"uv": [0, 0, 1.2, 0.4], "texture": "#2"},
				"east": {"uv": [0, 0, 0.8, 0.4], "texture": "#2"},
				"south": {"uv": [0, 0, 1.2, 0.4], "texture": "#2"},
				"west": {"uv": [0, 0, 0.8, 0.4], "texture": "#2"},
				"up": {"uv": [0, 0, 0.8, 1.2], "rotation": 270, "texture": "#2"},
				"down": {"uv": [0, 0, 0.8, 1.2], "rotation": 90, "texture": "#2"}
			}
		},
		{
			"from": [8.60257, 2.8936, 8.08139],
			"to": [9.60257, 3.2936, 9.08139],
			"rotation": {"angle": 22.5, "axis": "x", "origin": [7.99469, 2.39012, 10.57004]},
			"faces": {
				"north": {"uv": [0, 0, 1, 0.4], "texture": "#2"},
				"east": {"uv": [0, 0, 1, 0.4], "texture": "#2"},
				"south": {"uv": [0, 0, 1, 0.4], "texture": "#2"},
				"west": {"uv": [0, 0, 1, 0.4], "texture": "#2"},
				"up": {"uv": [0, 0, 1, 1], "rotation": 270, "texture": "#2"},
				"down": {"uv": [0, 0, 1, 1], "rotation": 90, "texture": "#2"}
			}
		},
		{
			"from": [8.70412, 3.60434, 8.38712],
			"to": [9.50412, 4.00434, 9.58712],
			"rotation": {"angle": 22.5, "axis": "x", "origin": [9.09697, 3.79741, 8.99272]},
			"faces": {
				"north": {"uv": [0, 0, 0.8, 0.4], "texture": "#2"},
				"east": {"uv": [0, 0, 1.2, 0.4], "texture": "#2"},
				"south": {"uv": [0, 0, 0.8, 0.4], "texture": "#2"},
				"west": {"uv": [0, 0, 1.2, 0.4], "texture": "#2"},
				"up": {"uv": [0, 0, 0.8, 1.2], "rotation": 180, "texture": "#2"},
				"down": {"uv": [0, 0, 0.8, 1.2], "rotation": 180, "texture": "#2"}
			}
		},
		{
			"from": [8.10257, 1.9936, 7.98139],
			"to": [10.10257, 2.9936, 10.28139],
			"rotation": {"angle": 0, "axis": "z", "origin": [7.99469, 2.39012, 10.57004]},
			"faces": {
				"north": {"uv": [0, 0, 2, 1], "texture": "#6"},
				"east": {"uv": [0, 0, 2.3, 1], "texture": "#6"},
				"south": {"uv": [0, 0, 2, 1], "texture": "#6"},
				"west": {"uv": [0, 0, 2.3, 1], "texture": "#6"},
				"up": {"uv": [0, 0, 2.3, 2], "rotation": 270, "texture": "#6"},
				"down": {"uv": [0, 0, 2.3, 2], "rotation": 90, "texture": "#6"}
			}
		},
		{
			"from": [8.00257, 2.3936, 7.98139],
			"to": [10.20257, 2.9936, 9.88139],
			"rotation": {"angle": 0, "axis": "z", "origin": [7.99469, 2.39012, 10.57004]},
			"faces": {
				"north": {"uv": [0, 0, 2.2, 0.6], "texture": "#6"},
				"east": {"uv": [0, 0, 1.9, 0.6], "texture": "#6"},
				"south": {"uv": [0, 0, 2.2, 0.6], "texture": "#6"},
				"west": {"uv": [0, 0, 1.9, 0.6], "texture": "#6"},
				"up": {"uv": [0, 0, 1.9, 2.2], "rotation": 270, "texture": "#6"},
				"down": {"uv": [0, 0, 1.9, 2.2], "rotation": 90, "texture": "#6"}
			}
		},
		{
			"from": [8.00257, 2.5936, 6.88139],
			"to": [10.20257, 3.1936, 8.78139],
			"rotation": {"angle": 0, "axis": "z", "origin": [7.99469, 2.39012, 10.57004]},
			"faces": {
				"north": {"uv": [0, 0, 2.2, 0.6], "texture": "#6"},
				"east": {"uv": [0, 0, 1.9, 0.6], "texture": "#6"},
				"south": {"uv": [0, 0, 2.2, 0.6], "texture": "#6"},
				"west": {"uv": [0, 0, 1.9, 0.6], "texture": "#6"},
				"up": {"uv": [0, 0, 1.9, 2.2], "rotation": 270, "texture": "#6"},
				"down": {"uv": [0, 0, 1.9, 2.2], "rotation": 90, "texture": "#6"}
			}
		}
	],
	"display": {
		"thirdperson_righthand": {
			"translation": [-0.75, 3.75, 0],
			"scale": [0.71, 0.71, 0.71]
		},
		"thirdperson_lefthand": {
			"translation": [0.75, 3.75, 0],
			"scale": [0.71, 0.71, 0.71]
		},
		"firstperson_righthand": {
			"rotation": [22, 10, 0],
			"translation": [0, 4, 0],
			"scale": [0.71, 0.71, 0.71]
		},
		"firstperson_lefthand": {
			"rotation": [22, 10, 0],
			"translation": [0, 4, 0],
			"scale": [0.71, 0.71, 0.71]
		},
		"ground": {
			"scale": [0.51, 0.51, 0.51]
		},
		"gui": {
			"rotation": [38, 136, 0],
			"translation": [2.75, 6.25, 0],
			"scale": [1.15, 1.15, 1.15]
		},
		"head": {
			"translation": [0, 8, 0]
		},
		"fixed": {
			"rotation": [0, 90, 0],
			"translation": [3.5, 9.25, 2],
			"scale": [1.98, 1.98, 1.98]
		}
	}
}