{
	"credit": "Made by DrVECKER",
	"texture_size": [8, 8],
	"textures": {
		"1": "hats/black_concrete",
		"2": "hats/anvil",
		"4": "hats/cut_sandstone"
	},
	"elements": [
		{
			"from": [7.75, 9, 2],
			"to": [8, 9.25, 7.2],
			"rotation": {"angle": 0, "axis": "y", "origin": [8, 9, 3]},
			"faces": {
				"north": {"uv": [10.5, 15, 14.788, 15.762], "texture": "#4"},
				"east": {"uv": [10.5, 15, 14.788, 15.762], "texture": "#4"},
				"south": {"uv": [10.5, 15, 14.788, 15.762], "texture": "#4"},
				"west": {"uv": [10.5, 15, 14.788, 15.762], "texture": "#4"},
				"up": {"uv": [10.5, 15, 14.788, 15.762], "rotation": 270, "texture": "#4"},
				"down": {"uv": [10.5, 15, 14.788, 15.762], "rotation": 90, "texture": "#4"}
			}
		},
		{
			"from": [8.5, 9, 2],
			"to": [8.75, 9.25, 7.2],
			"rotation": {"angle": 0, "axis": "y", "origin": [8, 9, 3]},
			"faces": {
				"north": {"uv": [10.5, 15, 14.288, 15.762], "texture": "#4"},
				"east": {"uv": [10.5, 15, 14.288, 15.762], "texture": "#4"},
				"south": {"uv": [10.5, 15, 14.288, 15.762], "texture": "#4"},
				"west": {"uv": [10.5, 15, 14.288, 15.762], "texture": "#4"},
				"up": {"uv": [10.5, 15, 14.288, 15.762], "rotation": 270, "texture": "#4"},
				"down": {"uv": [10.5, 15, 14.288, 15.762], "rotation": 90, "texture": "#4"}
			}
		},
		{
			"from": [8, 8.8, 2],
			"to": [8.5, 9.25, 7.2],
			"rotation": {"angle": 0, "axis": "y", "origin": [8, 9, 3]},
			"faces": {
				"north": {"uv": [10.5, 15, 14.788, 15.762], "texture": "#4"},
				"east": {"uv": [10.5, 15, 14.788, 15.762], "texture": "#4"},
				"south": {"uv": [10.5, 15, 14.788, 15.762], "texture": "#4"},
				"west": {"uv": [10.5, 15, 14.788, 15.762], "texture": "#4"},
				"up": {"uv": [10.5, 15, 14.788, 15.762], "rotation": 270, "texture": "#4"},
				"down": {"uv": [10.5, 15, 14.788, 15.762], "rotation": 90, "texture": "#4"}
			}
		},
		{
			"from": [7.8, 9.5, 2.7],
			"to": [8.7, 9.95, 10.6],
			"rotation": {"angle": 0, "axis": "y", "origin": [8, 9, 3]},
			"color": 2,
			"faces": {
				"north": {"uv": [0, 0, 0.9, 0.75], "texture": "#missing"},
				"east": {"uv": [0, 0, 7.9, 0.75], "texture": "#missing"},
				"south": {"uv": [0, 0, 0.9, 0.75], "texture": "#missing"},
				"west": {"uv": [0, 0, 7.9, 0.75], "texture": "#missing"},
				"up": {"uv": [0, 0, 7.9, 0.9], "rotation": 270, "texture": "#missing"},
				"down": {"uv": [0, 0, 7.9, 0.9], "rotation": 90, "texture": "#missing"}
			}
		},
		{
			"from": [7.9, 10.4, 6.7],
			"to": [8.6, 11.275, 8.2],
			"rotation": {"angle": 22.5, "axis": "x", "origin": [8, 9, 3]},
			"faces": {
				"north": {"uv": [0, 0, 0.9, 0.85], "texture": "#2"},
				"east": {"uv": [0, 0, 1.5, 0.85], "texture": "#2"},
				"south": {"uv": [0, 0, 0.9, 0.85], "texture": "#2"},
				"west": {"uv": [0, 0, 1.5, 0.85], "texture": "#2"},
				"up": {"uv": [0, 0, 1.5, 0.9], "rotation": 270, "texture": "#2"},
				"down": {"uv": [0, 0, 1.5, 0.9], "rotation": 90, "texture": "#2"}
			}
		},
		{
			"from": [7.7, 9.9, 3],
			"to": [8.8, 10.55, 10.6],
			"rotation": {"angle": 0, "axis": "y", "origin": [8, 9, 3]},
			"faces": {
				"north": {"uv": [10.5, 15, 14.788, 15.762], "texture": "#4"},
				"east": {"uv": [10.5, 15, 14.788, 15.762], "texture": "#4"},
				"south": {"uv": [10.5, 15, 14.788, 15.762], "texture": "#4"},
				"west": {"uv": [10.5, 15, 14.788, 15.762], "texture": "#4"},
				"up": {"uv": [10.5, 15, 14.788, 15.762], "rotation": 270, "texture": "#4"},
				"down": {"uv": [10.5, 15, 14.788, 15.762], "rotation": 90, "texture": "#4"}
			}
		},
		{
			"from": [7.6, 8.3, 8.2],
			"to": [8.9, 9.35, 10.6],
			"rotation": {"angle": 0, "axis": "z", "origin": [8, 9, 3]},
			"faces": {
				"north": {"uv": [10.5, 15, 14.788, 15.762], "texture": "#4"},
				"east": {"uv": [10.5, 15, 14.788, 15.762], "texture": "#4"},
				"south": {"uv": [10.5, 15, 14.788, 15.762], "texture": "#4"},
				"west": {"uv": [10.5, 15, 14.788, 15.762], "texture": "#4"},
				"up": {"uv": [10.5, 15, 14.788, 15.762], "rotation": 270, "texture": "#4"},
				"down": {"uv": [10.5, 15, 14.788, 15.762], "rotation": 90, "texture": "#4"}
			}
		},
		{
			"from": [7.7, 8.6, 8.3],
			"to": [8.8, 9.25, 10.6],
			"rotation": {"angle": 0, "axis": "z", "origin": [8, 9, 3]},
			"color": 2,
			"faces": {
				"north": {"uv": [2, 5, 2.288, 5.262], "texture": "#missing"},
				"east": {"uv": [2, 5, 2.288, 5.262], "texture": "#missing"},
				"south": {"uv": [2, 5, 2.288, 5.262], "texture": "#missing"},
				"west": {"uv": [2, 5, 2.288, 5.262], "texture": "#missing"},
				"up": {"uv": [2, 5, 2.288, 5.262], "rotation": 270, "texture": "#missing"},
				"down": {"uv": [2, 5, 2.288, 5.262], "rotation": 90, "texture": "#missing"}
			}
		},
		{
			"from": [7.7, 8.3, 10.55],
			"to": [8.8, 9.25, 11.1],
			"rotation": {"angle": 0, "axis": "z", "origin": [8, 9, 3]},
			"faces": {
				"north": {"uv": [10.5, 15, 14.788, 15.762], "texture": "#4"},
				"east": {"uv": [10.5, 15, 14.788, 15.762], "texture": "#4"},
				"south": {"uv": [10.5, 15, 14.788, 15.762], "texture": "#4"},
				"west": {"uv": [10.5, 15, 14.788, 15.762], "texture": "#4"},
				"up": {"uv": [10.5, 15, 14.788, 15.762], "rotation": 270, "texture": "#4"},
				"down": {"uv": [10.5, 15, 14.788, 15.762], "rotation": 90, "texture": "#4"}
			}
		},
		{
			"from": [7.9, 8.3, 11.05],
			"to": [8.6, 8.55, 12.2],
			"rotation": {"angle": 0, "axis": "z", "origin": [8, 9, 3]},
			"faces": {
				"north": {"uv": [10.5, 15, 14.788, 15.762], "texture": "#4"},
				"east": {"uv": [10.5, 15, 14.788, 15.762], "texture": "#4"},
				"south": {"uv": [10.5, 15, 14.788, 15.762], "texture": "#4"},
				"west": {"uv": [10.5, 15, 14.788, 15.762], "texture": "#4"},
				"up": {"uv": [10.5, 15, 14.788, 15.762], "rotation": 270, "texture": "#4"},
				"down": {"uv": [10.5, 15, 14.788, 15.762], "rotation": 90, "texture": "#4"}
			}
		},
		{
			"from": [7.9, 8.4, 12.15],
			"to": [8.6, 8.65, 12.6],
			"rotation": {"angle": 0, "axis": "z", "origin": [8, 9, 3]},
			"faces": {
				"north": {"uv": [10.5, 15, 14.788, 15.762], "texture": "#4"},
				"east": {"uv": [10.5, 15, 14.788, 15.762], "texture": "#4"},
				"south": {"uv": [10.5, 15, 14.788, 15.762], "texture": "#4"},
				"west": {"uv": [10.5, 15, 14.788, 15.762], "texture": "#4"},
				"up": {"uv": [10.5, 15, 14.788, 15.762], "rotation": 270, "texture": "#4"},
				"down": {"uv": [10.5, 15, 14.788, 15.762], "rotation": 90, "texture": "#4"}
			}
		},
		{
			"from": [8.075, 12.3, 11.35],
			"to": [8.45, 13.05, 11.5],
			"rotation": {"angle": 22.5, "axis": "x", "origin": [8, 9, 3]},
			"faces": {
				"north": {"uv": [10.5, 15, 14.788, 15.762], "texture": "#2"},
				"east": {"uv": [10.5, 15, 14.788, 15.762], "texture": "#2"},
				"south": {"uv": [10.5, 15, 14.788, 15.762], "texture": "#2"},
				"west": {"uv": [10.5, 15, 14.788, 15.762], "texture": "#2"},
				"up": {"uv": [10.5, 15, 14.788, 15.762], "rotation": 270, "texture": "#2"},
				"down": {"uv": [10.5, 15, 14.788, 15.762], "rotation": 90, "texture": "#2"}
			}
		},
		{
			"from": [8, 8.5, 10.9],
			"to": [8.5, 9.45, 11.25],
			"rotation": {"angle": 0, "axis": "z", "origin": [8, 9, 3]},
			"faces": {
				"north": {"uv": [10.5, 15, 14.788, 15.762], "texture": "#4"},
				"east": {"uv": [10.5, 15, 14.788, 15.762], "texture": "#4"},
				"south": {"uv": [10.5, 15, 14.788, 15.762], "texture": "#4"},
				"west": {"uv": [10.5, 15, 14.788, 15.762], "texture": "#4"},
				"up": {"uv": [10.5, 15, 14.788, 15.762], "rotation": 270, "texture": "#4"},
				"down": {"uv": [10.5, 15, 14.788, 15.762], "rotation": 90, "texture": "#4"}
			}
		},
		{
			"from": [7.9, 2.7, 10.95],
			"to": [8.6, 4.95, 11.7],
			"rotation": {"angle": -22.5, "axis": "x", "origin": [8, 9, 3]},
			"faces": {
				"north": {"uv": [11, 15.262, 15.788, 15.762], "texture": "#4"},
				"east": {"uv": [11, 15.262, 15.788, 15.762], "texture": "#4"},
				"south": {"uv": [11, 15.262, 15.788, 15.762], "texture": "#4"},
				"west": {"uv": [11, 15.262, 15.788, 15.762], "texture": "#4"},
				"up": {"uv": [11, 15.262, 15.788, 15.762], "rotation": 270, "texture": "#4"},
				"down": {"uv": [11, 15.262, 15.788, 15.762], "rotation": 90, "texture": "#4"}
			}
		},
		{
			"from": [8.5, 2.8, 11.05],
			"to": [8.7, 4.95, 11.7],
			"rotation": {"angle": -22.5, "axis": "x", "origin": [8, 9, 3]},
			"faces": {
				"north": {"uv": [11, 15.262, 15.788, 15.762], "texture": "#4"},
				"east": {"uv": [11, 15.262, 15.788, 15.762], "texture": "#4"},
				"south": {"uv": [11, 15.262, 15.788, 15.762], "texture": "#4"},
				"west": {"uv": [11, 15.262, 15.788, 15.762], "texture": "#4"},
				"up": {"uv": [11, 15.262, 15.788, 15.762], "rotation": 270, "texture": "#4"},
				"down": {"uv": [11, 15.262, 15.788, 15.762], "rotation": 90, "texture": "#4"}
			}
		},
		{
			"from": [7.85, 2.8, 11.05],
			"to": [8.05, 4.95, 11.7],
			"rotation": {"angle": -22.5, "axis": "x", "origin": [8, 9, 3]},
			"faces": {
				"north": {"uv": [10.5, 15, 14.788, 15.762], "texture": "#4"},
				"east": {"uv": [10.5, 15, 14.788, 15.762], "texture": "#4"},
				"south": {"uv": [10.5, 15, 14.788, 15.762], "texture": "#4"},
				"west": {"uv": [10.5, 15, 14.788, 15.762], "texture": "#4"},
				"up": {"uv": [10.5, 15, 14.788, 15.762], "rotation": 270, "texture": "#4"},
				"down": {"uv": [10.5, 15, 14.788, 15.762], "rotation": 90, "texture": "#4"}
			}
		},
		{
			"from": [7.925, 2.7, 11.65],
			"to": [8.575, 5.95, 12.1],
			"rotation": {"angle": -22.5, "axis": "x", "origin": [8, 9, 3]},
			"faces": {
				"north": {"uv": [10.5, 15, 14.788, 15.762], "texture": "#4"},
				"east": {"uv": [10.5, 15, 14.788, 15.762], "texture": "#4"},
				"south": {"uv": [10.5, 15, 14.788, 15.762], "texture": "#4"},
				"west": {"uv": [10.5, 15, 14.788, 15.762], "texture": "#4"},
				"up": {"uv": [10.5, 15, 14.788, 15.762], "rotation": 270, "texture": "#4"},
				"down": {"uv": [10.5, 15, 14.788, 15.762], "rotation": 90, "texture": "#4"}
			}
		},
		{
			"from": [8.5, 2.8, 11.65],
			"to": [8.7, 5.35, 12],
			"rotation": {"angle": -22.5, "axis": "x", "origin": [8, 9, 3]},
			"faces": {
				"north": {"uv": [11, 15.262, 15.788, 15.762], "texture": "#4"},
				"east": {"uv": [11, 15.262, 15.788, 15.762], "texture": "#4"},
				"south": {"uv": [11, 15.262, 15.788, 15.762], "texture": "#4"},
				"west": {"uv": [11, 15.262, 15.788, 15.762], "texture": "#4"},
				"up": {"uv": [11, 15.262, 15.788, 15.762], "rotation": 270, "texture": "#4"},
				"down": {"uv": [11, 15.262, 15.788, 15.762], "rotation": 90, "texture": "#4"}
			}
		},
		{
			"from": [7.85, 2.8, 11.65],
			"to": [8.05, 5.35, 12],
			"rotation": {"angle": -22.5, "axis": "x", "origin": [8, 9, 3]},
			"faces": {
				"north": {"uv": [10.5, 15, 14.788, 15.762], "texture": "#4"},
				"east": {"uv": [10.5, 15, 14.788, 15.762], "texture": "#4"},
				"south": {"uv": [10.5, 15, 14.788, 15.762], "texture": "#4"},
				"west": {"uv": [10.5, 15, 14.788, 15.762], "texture": "#4"},
				"up": {"uv": [10.5, 15, 14.788, 15.762], "rotation": 270, "texture": "#4"},
				"down": {"uv": [10.5, 15, 14.788, 15.762], "rotation": 90, "texture": "#4"}
			}
		},
		{
			"from": [7.9, 9.4, 10.95],
			"to": [8.6, 10.55, 12.45],
			"rotation": {"angle": 0, "axis": "z", "origin": [8, 9, 3]},
			"faces": {
				"north": {"uv": [10.5, 15, 14.788, 15.762], "texture": "#4"},
				"east": {"uv": [10.5, 15, 14.788, 15.762], "texture": "#4"},
				"south": {"uv": [10.5, 15, 14.788, 15.762], "texture": "#4"},
				"west": {"uv": [10.5, 15, 14.788, 15.762], "texture": "#4"},
				"up": {"uv": [10.5, 15, 14.788, 15.762], "rotation": 270, "texture": "#4"},
				"down": {"uv": [10.5, 15, 14.788, 15.762], "rotation": 90, "texture": "#4"}
			}
		},
		{
			"from": [8, 9.4, 13.05],
			"to": [8.5, 10.45, 14.9],
			"rotation": {"angle": 0, "axis": "z", "origin": [8, 9, 3]},
			"faces": {
				"north": {"uv": [10.5, 15, 14.788, 15.762], "texture": "#2"},
				"east": {"uv": [9.5, 15, 13.788, 15.762], "texture": "#2"},
				"south": {"uv": [10.5, 15, 14.788, 15.762], "texture": "#2"},
				"west": {"uv": [10.5, 15, 14.788, 15.762], "texture": "#2"},
				"up": {"uv": [10.5, 15, 14.788, 15.762], "rotation": 270, "texture": "#2"},
				"down": {"uv": [10.5, 15, 14.788, 15.762], "rotation": 90, "texture": "#2"}
			}
		},
		{
			"from": [7.9, 9.1, 14.35],
			"to": [8.6, 10.55, 16.2],
			"rotation": {"angle": 0, "axis": "z", "origin": [8, 9, 3]},
			"faces": {
				"north": {"uv": [10.5, 15, 14.788, 15.762], "texture": "#4"},
				"east": {"uv": [9.5, 15, 13.788, 15.762], "texture": "#4"},
				"south": {"uv": [10.5, 15, 14.788, 15.762], "texture": "#4"},
				"west": {"uv": [10.5, 15, 14.788, 15.762], "texture": "#4"},
				"up": {"uv": [10.5, 15, 14.788, 15.762], "rotation": 270, "texture": "#4"},
				"down": {"uv": [10.5, 15, 14.788, 15.762], "rotation": 90, "texture": "#4"}
			}
		},
		{
			"from": [7.9, 9.1, 12.35],
			"to": [8.6, 10.55, 13.2],
			"rotation": {"angle": 0, "axis": "z", "origin": [8, 9, 3]},
			"faces": {
				"north": {"uv": [10.5, 15, 14.788, 15.762], "texture": "#4"},
				"east": {"uv": [14.5, 15, 15.5, 16], "texture": "#4"},
				"south": {"uv": [10.5, 15, 14.788, 15.762], "texture": "#4"},
				"west": {"uv": [14.5, 15, 15.5, 16], "texture": "#4"},
				"up": {"uv": [10.5, 15, 14.788, 15.762], "rotation": 270, "texture": "#4"},
				"down": {"uv": [10.5, 15, 14.788, 15.762], "rotation": 90, "texture": "#4"}
			}
		},
		{
			"from": [7.8, 7.2, 16.15],
			"to": [8.7, 10.75, 17.3],
			"rotation": {"angle": 0, "axis": "z", "origin": [8, 9, 3]},
			"faces": {
				"north": {"uv": [11.5, 14.625, 11.775, 14.875], "texture": "#1"},
				"east": {"uv": [11.5, 14.625, 11.775, 14.875], "texture": "#1"},
				"south": {"uv": [11.5, 14.625, 11.775, 14.875], "texture": "#1"},
				"west": {"uv": [11.5, 14.625, 11.775, 14.875], "texture": "#1"},
				"up": {"uv": [11.5, 14.625, 11.775, 14.875], "rotation": 270, "texture": "#1"},
				"down": {"uv": [11.5, 14.625, 11.775, 14.875], "rotation": 90, "texture": "#1"}
			}
		},
		{
			"from": [7.925, 2.4, 14.45],
			"to": [8.575, 4.65, 15.3],
			"rotation": {"angle": -22.5, "axis": "x", "origin": [8, 9, 3]},
			"faces": {
				"north": {"uv": [10.5, 15, 14.788, 15.762], "texture": "#4"},
				"east": {"uv": [10.5, 15, 14.788, 15.762], "texture": "#4"},
				"south": {"uv": [10.5, 15, 14.788, 15.762], "texture": "#4"},
				"west": {"uv": [10.5, 15, 14.788, 15.762], "texture": "#4"},
				"up": {"uv": [10.5, 15, 14.788, 15.762], "rotation": 270, "texture": "#4"},
				"down": {"uv": [10.5, 15, 14.788, 15.762], "rotation": 90, "texture": "#4"}
			}
		},
		{
			"from": [7.6, 9.2, 10.55],
			"to": [8.9, 10.55, 11.1],
			"rotation": {"angle": 0, "axis": "z", "origin": [8, 9, 3]},
			"faces": {
				"north": {"uv": [10.5, 15, 14.788, 15.762], "texture": "#4"},
				"east": {"uv": [10.5, 15, 14.788, 15.762], "texture": "#4"},
				"south": {"uv": [10.5, 15, 14.788, 15.762], "texture": "#4"},
				"west": {"uv": [10.5, 15, 14.788, 15.762], "texture": "#4"},
				"up": {"uv": [10.5, 15, 14.788, 15.762], "rotation": 270, "texture": "#4"},
				"down": {"uv": [10.5, 15, 14.788, 15.762], "rotation": 90, "texture": "#4"}
			}
		},
		{
			"from": [7.8, 6.25, 8.8],
			"to": [8.7, 8.35, 10.1],
			"rotation": {"angle": 0, "axis": "z", "origin": [8, 9, 3]},
			"faces": {
				"north": {"uv": [0, 0, 0.65, 0.75], "texture": "#2"},
				"east": {"uv": [0, 0, 0.65, 0.75], "texture": "#2"},
				"south": {"uv": [0, 0, 0.65, 0.75], "texture": "#2"},
				"west": {"uv": [0, 0, 0.65, 0.75], "texture": "#2"},
				"up": {"uv": [0, 0, 0.65, 0.75], "rotation": 270, "texture": "#2"},
				"down": {"uv": [0, 0, 0.65, 0.75], "rotation": 90, "texture": "#2"}
			}
		},
		{
			"from": [7.7, 6.35, 8.9],
			"to": [8.8, 8.35, 10],
			"rotation": {"angle": 0, "axis": "z", "origin": [8, 9, 3]},
			"faces": {
				"north": {"uv": [0, 0, 0.65, 0.75], "texture": "#2"},
				"east": {"uv": [0, 0, 0.65, 0.75], "texture": "#2"},
				"south": {"uv": [0, 0, 0.65, 0.75], "texture": "#2"},
				"west": {"uv": [0, 0, 0.65, 0.75], "texture": "#2"},
				"up": {"uv": [0, 0, 0.65, 0.75], "rotation": 270, "texture": "#2"},
				"down": {"uv": [0, 0, 0.65, 0.75], "rotation": 90, "texture": "#2"}
			}
		},
		{
			"from": [7.8, 10.3, 2.1],
			"to": [8.7, 10.55, 3],
			"rotation": {"angle": 0, "axis": "y", "origin": [8, 9, 3]},
			"faces": {
				"north": {"uv": [10.5, 15, 14.788, 15.762], "texture": "#4"},
				"east": {"uv": [10.5, 15, 14.788, 15.762], "texture": "#4"},
				"south": {"uv": [10.5, 15, 14.788, 15.762], "texture": "#4"},
				"west": {"uv": [10.5, 15, 14.788, 15.762], "texture": "#4"},
				"up": {"uv": [10.5, 15, 14.788, 15.762], "rotation": 270, "texture": "#4"},
				"down": {"uv": [10.5, 15, 14.788, 15.762], "rotation": 90, "texture": "#4"}
			}
		},
		{
			"from": [7.7, 9.9, 2.1],
			"to": [8.8, 10.35, 3],
			"rotation": {"angle": 0, "axis": "y", "origin": [8, 9, 3]},
			"faces": {
				"north": {"uv": [10.5, 15, 14.788, 15.762], "texture": "#4"},
				"east": {"uv": [10.5, 15, 14.788, 15.762], "texture": "#4"},
				"south": {"uv": [10.5, 15, 14.788, 15.762], "texture": "#4"},
				"west": {"uv": [10.5, 15, 14.788, 15.762], "texture": "#4"},
				"up": {"uv": [10.5, 15, 14.788, 15.762], "rotation": 270, "texture": "#4"},
				"down": {"uv": [10.5, 15, 14.788, 15.762], "rotation": 90, "texture": "#4"}
			}
		},
		{
			"from": [8.1, 10.175, 0.6],
			"to": [8.4, 10.325, 2.2],
			"rotation": {"angle": 0, "axis": "y", "origin": [8, 9, -1.25]},
			"faces": {
				"north": {"uv": [10.5, 15, 14.788, 15.762], "texture": "#4"},
				"east": {"uv": [10.5, 15, 14.788, 15.762], "texture": "#4"},
				"south": {"uv": [10.5, 15, 14.788, 15.762], "texture": "#4"},
				"west": {"uv": [10.5, 15, 14.788, 15.762], "texture": "#4"},
				"up": {"uv": [10.5, 15, 14.788, 15.762], "rotation": 270, "texture": "#4"},
				"down": {"uv": [10.5, 15, 14.788, 15.762], "rotation": 90, "texture": "#4"}
			}
		},
		{
			"from": [7.9, 10.6, 8.85],
			"to": [8.6, 10.75, 9.05],
			"rotation": {"angle": 0, "axis": "y", "origin": [8, 9, 2.9]},
			"faces": {
				"north": {"uv": [0, 0, 0.7, 0.15], "texture": "#2"},
				"east": {"uv": [0, 0, 0.7, 0.15], "texture": "#2"},
				"south": {"uv": [0, 0, 0.7, 0.15], "texture": "#2"},
				"west": {"uv": [0, 0, 0.7, 0.15], "texture": "#2"},
				"up": {"uv": [0, 0, 0.7, 0.15], "rotation": 270, "texture": "#2"},
				"down": {"uv": [0, 0, 0.7, 0.15], "rotation": 90, "texture": "#2"}
			}
		},
		{
			"from": [7.9, 10.6, 7.25],
			"to": [8.6, 10.75, 7.45],
			"rotation": {"angle": 0, "axis": "y", "origin": [8, 9, 1.3]},
			"faces": {
				"north": {"uv": [0, 0, 0.7, 0.15], "texture": "#2"},
				"east": {"uv": [0, 0, 0.7, 0.15], "texture": "#2"},
				"south": {"uv": [0, 0, 0.7, 0.15], "texture": "#2"},
				"west": {"uv": [0, 0, 0.7, 0.15], "texture": "#2"},
				"up": {"uv": [0, 0, 0.7, 0.15], "rotation": 270, "texture": "#2"},
				"down": {"uv": [0, 0, 0.7, 0.15], "rotation": 90, "texture": "#2"}
			}
		},
		{
			"from": [7.9, 10.6, 10.45],
			"to": [8.6, 10.75, 10.65],
			"rotation": {"angle": 0, "axis": "y", "origin": [8, 9, 4.5]},
			"faces": {
				"north": {"uv": [0, 0, 0.7, 0.15], "texture": "#2"},
				"east": {"uv": [0, 0, 0.7, 0.15], "texture": "#2"},
				"south": {"uv": [0, 0, 0.7, 0.15], "texture": "#2"},
				"west": {"uv": [0, 0, 0.7, 0.15], "texture": "#2"},
				"up": {"uv": [0, 0, 0.7, 0.15], "rotation": 270, "texture": "#2"},
				"down": {"uv": [0, 0, 0.7, 0.15], "rotation": 90, "texture": "#2"}
			}
		},
		{
			"from": [7.9, 10.6, 8.05],
			"to": [8.6, 10.75, 8.25],
			"rotation": {"angle": 0, "axis": "y", "origin": [8, 9, 2.1]},
			"faces": {
				"north": {"uv": [0, 0, 0.7, 0.15], "texture": "#2"},
				"east": {"uv": [0, 0, 0.7, 0.15], "texture": "#2"},
				"south": {"uv": [0, 0, 0.7, 0.15], "texture": "#2"},
				"west": {"uv": [0, 0, 0.7, 0.15], "texture": "#2"},
				"up": {"uv": [0, 0, 0.7, 0.15], "rotation": 270, "texture": "#2"},
				"down": {"uv": [0, 0, 0.7, 0.15], "rotation": 90, "texture": "#2"}
			}
		},
		{
			"from": [7.9, 10.6, 11.25],
			"to": [8.6, 10.75, 11.45],
			"rotation": {"angle": 0, "axis": "y", "origin": [8, 9, 5.3]},
			"faces": {
				"north": {"uv": [0, 0, 0.7, 0.15], "texture": "#2"},
				"east": {"uv": [0, 0, 0.7, 0.15], "texture": "#2"},
				"south": {"uv": [0, 0, 0.7, 0.15], "texture": "#2"},
				"west": {"uv": [0, 0, 0.7, 0.15], "texture": "#2"},
				"up": {"uv": [0, 0, 0.7, 0.15], "rotation": 270, "texture": "#2"},
				"down": {"uv": [0, 0, 0.7, 0.15], "rotation": 90, "texture": "#2"}
			}
		},
		{
			"from": [7.9, 10.6, 6.45],
			"to": [8.6, 10.75, 6.65],
			"rotation": {"angle": 0, "axis": "y", "origin": [8, 9, 0.5]},
			"faces": {
				"north": {"uv": [0, 0, 0.7, 0.15], "texture": "#2"},
				"east": {"uv": [0, 0, 0.7, 0.15], "texture": "#2"},
				"south": {"uv": [0, 0, 0.7, 0.15], "texture": "#2"},
				"west": {"uv": [0, 0, 0.7, 0.15], "texture": "#2"},
				"up": {"uv": [0, 0, 0.7, 0.15], "rotation": 270, "texture": "#2"},
				"down": {"uv": [0, 0, 0.7, 0.15], "rotation": 90, "texture": "#2"}
			}
		},
		{
			"from": [7.9, 10.6, 9.65],
			"to": [8.6, 10.75, 9.85],
			"rotation": {"angle": 0, "axis": "y", "origin": [8, 9, 3.7]},
			"faces": {
				"north": {"uv": [0, 0, 0.7, 0.15], "texture": "#2"},
				"east": {"uv": [0, 0, 0.7, 0.15], "texture": "#2"},
				"south": {"uv": [0, 0, 0.7, 0.15], "texture": "#2"},
				"west": {"uv": [0, 0, 0.7, 0.15], "texture": "#2"},
				"up": {"uv": [0, 0, 0.7, 0.15], "rotation": 270, "texture": "#2"},
				"down": {"uv": [0, 0, 0.7, 0.15], "rotation": 90, "texture": "#2"}
			}
		},
		{
			"from": [7.9, 10.6, 8.45],
			"to": [8.6, 10.75, 8.65],
			"rotation": {"angle": 0, "axis": "y", "origin": [8, 9, 2.9]},
			"faces": {
				"north": {"uv": [0, 0, 0.7, 0.15], "texture": "#2"},
				"east": {"uv": [0, 0, 0.7, 0.15], "texture": "#2"},
				"south": {"uv": [0, 0, 0.7, 0.15], "texture": "#2"},
				"west": {"uv": [0, 0, 0.7, 0.15], "texture": "#2"},
				"up": {"uv": [0, 0, 0.7, 0.15], "rotation": 270, "texture": "#2"},
				"down": {"uv": [0, 0, 0.7, 0.15], "rotation": 90, "texture": "#2"}
			}
		},
		{
			"from": [7.9, 10.6, 11.65],
			"to": [8.6, 10.75, 11.85],
			"rotation": {"angle": 0, "axis": "y", "origin": [8, 9, 6.1]},
			"faces": {
				"north": {"uv": [0, 0, 0.7, 0.15], "texture": "#2"},
				"east": {"uv": [0, 0, 0.7, 0.15], "texture": "#2"},
				"south": {"uv": [0, 0, 0.7, 0.15], "texture": "#2"},
				"west": {"uv": [0, 0, 0.7, 0.15], "texture": "#2"},
				"up": {"uv": [0, 0, 0.7, 0.15], "rotation": 270, "texture": "#2"},
				"down": {"uv": [0, 0, 0.7, 0.15], "rotation": 90, "texture": "#2"}
			}
		},
		{
			"from": [7.9, 10.6, 6.85],
			"to": [8.6, 10.75, 7.05],
			"rotation": {"angle": 0, "axis": "y", "origin": [8, 9, 1.3]},
			"faces": {
				"north": {"uv": [0, 0, 0.7, 0.15], "texture": "#2"},
				"east": {"uv": [0, 0, 0.7, 0.15], "texture": "#2"},
				"south": {"uv": [0, 0, 0.7, 0.15], "texture": "#2"},
				"west": {"uv": [0, 0, 0.7, 0.15], "texture": "#2"},
				"up": {"uv": [0, 0, 0.7, 0.15], "rotation": 270, "texture": "#2"},
				"down": {"uv": [0, 0, 0.7, 0.15], "rotation": 90, "texture": "#2"}
			}
		},
		{
			"from": [7.9, 10.6, 10.05],
			"to": [8.6, 10.75, 10.25],
			"rotation": {"angle": 0, "axis": "y", "origin": [8, 9, 4.5]},
			"faces": {
				"north": {"uv": [0, 0, 0.7, 0.15], "texture": "#2"},
				"east": {"uv": [0, 0, 0.7, 0.15], "texture": "#2"},
				"south": {"uv": [0, 0, 0.7, 0.15], "texture": "#2"},
				"west": {"uv": [0, 0, 0.7, 0.15], "texture": "#2"},
				"up": {"uv": [0, 0, 0.7, 0.15], "rotation": 270, "texture": "#2"},
				"down": {"uv": [0, 0, 0.7, 0.15], "rotation": 90, "texture": "#2"}
			}
		},
		{
			"from": [7.9, 10.6, 7.65],
			"to": [8.6, 10.75, 7.85],
			"rotation": {"angle": 0, "axis": "y", "origin": [8, 9, 2.1]},
			"faces": {
				"north": {"uv": [0, 0, 0.7, 0.15], "texture": "#2"},
				"east": {"uv": [0, 0, 0.7, 0.15], "texture": "#2"},
				"south": {"uv": [0, 0, 0.7, 0.15], "texture": "#2"},
				"west": {"uv": [0, 0, 0.7, 0.15], "texture": "#2"},
				"up": {"uv": [0, 0, 0.7, 0.15], "rotation": 270, "texture": "#2"},
				"down": {"uv": [0, 0, 0.7, 0.15], "rotation": 90, "texture": "#2"}
			}
		},
		{
			"from": [7.9, 10.6, 10.85],
			"to": [8.6, 10.75, 11.05],
			"rotation": {"angle": 0, "axis": "y", "origin": [8, 9, 5.3]},
			"faces": {
				"north": {"uv": [0, 0, 0.7, 0.15], "texture": "#2"},
				"east": {"uv": [0, 0, 0.7, 0.15], "texture": "#2"},
				"south": {"uv": [0, 0, 0.7, 0.15], "texture": "#2"},
				"west": {"uv": [0, 0, 0.7, 0.15], "texture": "#2"},
				"up": {"uv": [0, 0, 0.7, 0.15], "rotation": 270, "texture": "#2"},
				"down": {"uv": [0, 0, 0.7, 0.15], "rotation": 90, "texture": "#2"}
			}
		},
		{
			"from": [7.9, 10.6, 6.05],
			"to": [8.6, 10.75, 6.25],
			"rotation": {"angle": 0, "axis": "y", "origin": [8, 9, 0.5]},
			"faces": {
				"north": {"uv": [0, 0, 0.7, 0.15], "texture": "#2"},
				"east": {"uv": [0, 0, 0.7, 0.15], "texture": "#2"},
				"south": {"uv": [0, 0, 0.7, 0.15], "texture": "#2"},
				"west": {"uv": [0, 0, 0.7, 0.15], "texture": "#2"},
				"up": {"uv": [0, 0, 0.7, 0.15], "rotation": 270, "texture": "#2"},
				"down": {"uv": [0, 0, 0.7, 0.15], "rotation": 90, "texture": "#2"}
			}
		},
		{
			"from": [7.9, 10.6, 9.25],
			"to": [8.6, 10.75, 9.45],
			"rotation": {"angle": 0, "axis": "y", "origin": [8, 9, 3.7]},
			"faces": {
				"north": {"uv": [0, 0, 0.7, 0.15], "texture": "#2"},
				"east": {"uv": [0, 0, 0.7, 0.15], "texture": "#2"},
				"south": {"uv": [0, 0, 0.7, 0.15], "texture": "#2"},
				"west": {"uv": [0, 0, 0.7, 0.15], "texture": "#2"},
				"up": {"uv": [0, 0, 0.7, 0.15], "rotation": 270, "texture": "#2"},
				"down": {"uv": [0, 0, 0.7, 0.15], "rotation": 90, "texture": "#2"}
			}
		},
		{
			"from": [7.9, 10.55, 5.9],
			"to": [8.6, 10.65, 11.9],
			"rotation": {"angle": 0, "axis": "y", "origin": [8, 9, 4.25]},
			"faces": {
				"north": {"uv": [0, 0, 0.7, 0.1], "texture": "#2"},
				"east": {"uv": [0, 0, 0.7, 0.1], "texture": "#2"},
				"south": {"uv": [0, 0, 0.7, 0.1], "texture": "#2"},
				"west": {"uv": [0, 0, 0.7, 0.1], "texture": "#2"},
				"up": {"uv": [0, 0, 0.7, 0.1], "rotation": 270, "texture": "#2"},
				"down": {"uv": [0, 0, 0.7, 0.1], "rotation": 90, "texture": "#2"}
			}
		},
		{
			"from": [7.85, 10.65, 8.45],
			"to": [8.65, 10.8, 9.725],
			"rotation": {"angle": 0, "axis": "y", "origin": [8, 9, 4.25]},
			"faces": {
				"north": {"uv": [0, 0, 0.7, 0.1], "texture": "#2"},
				"east": {"uv": [0, 0, 0.7, 0.1], "texture": "#2"},
				"south": {"uv": [0, 0, 0.7, 0.1], "texture": "#2"},
				"west": {"uv": [0, 0, 0.7, 0.1], "texture": "#2"},
				"up": {"uv": [9, 10, 16, 13.6], "rotation": 270, "texture": "#2"},
				"down": {"uv": [0, 0, 0.7, 0.1], "rotation": 90, "texture": "#2"}
			}
		},
		{
			"from": [7.85, 10.8, 8.45],
			"to": [7.95, 11.45, 8.775],
			"rotation": {"angle": 0, "axis": "y", "origin": [8.25, 11.125, 8.60625]},
			"faces": {
				"north": {"uv": [0, 0, 0.7, 0.1], "texture": "#2"},
				"east": {"uv": [0, 0, 0.7, 0.1], "texture": "#2"},
				"south": {"uv": [0, 0, 0.7, 0.1], "texture": "#2"},
				"west": {"uv": [8, 6.5, 8.65, 7.8], "texture": "#2"},
				"up": {"uv": [0, 0, 0.7, 0.1], "rotation": 270, "texture": "#2"},
				"down": {"uv": [0, 0, 0.7, 0.1], "rotation": 90, "texture": "#2"}
			}
		},
		{
			"from": [7.85, 10.66016, 8.58722],
			"to": [7.95, 11.41016, 8.91222],
			"rotation": {"angle": -22.5, "axis": "x", "origin": [8.25, 11.08516, 8.74347]},
			"faces": {
				"north": {"uv": [0, 0, 0.7, 0.1], "texture": "#2"},
				"east": {"uv": [0, 0, 0.7, 0.1], "texture": "#2"},
				"south": {"uv": [0, 0, 0.7, 0.1], "texture": "#2"},
				"west": {"uv": [4.5, 6, 5.15, 7.5], "texture": "#2"},
				"up": {"uv": [0, 0, 0.7, 0.1], "rotation": 270, "texture": "#2"},
				"down": {"uv": [0, 0, 0.7, 0.1], "rotation": 90, "texture": "#2"}
			}
		},
		{
			"from": [8.55, 10.8, 8.45],
			"to": [8.65, 11.45, 8.775],
			"rotation": {"angle": 0, "axis": "y", "origin": [8.25, 11.125, 8.60625]},
			"faces": {
				"north": {"uv": [0, 0, 0.7, 0.1], "texture": "#2"},
				"east": {"uv": [0, 0, 0.7, 0.1], "texture": "#2"},
				"south": {"uv": [0, 0, 0.7, 0.1], "texture": "#2"},
				"west": {"uv": [0, 0, 0.65, 1.3], "texture": "#2"},
				"up": {"uv": [0, 0, 0.7, 0.1], "rotation": 270, "texture": "#2"},
				"down": {"uv": [0, 0, 0.7, 0.1], "rotation": 90, "texture": "#2"}
			}
		},
		{
			"from": [8.55, 10.67011, 8.61124],
			"to": [8.65, 11.42011, 8.91124],
			"rotation": {"angle": -22.5, "axis": "x", "origin": [8.35, 11.09511, 8.76749]},
			"faces": {
				"north": {"uv": [0, 0, 0.7, 0.1], "texture": "#2"},
				"east": {"uv": [0, 0, 0.7, 0.1], "texture": "#2"},
				"south": {"uv": [0, 0, 0.7, 0.1], "texture": "#2"},
				"west": {"uv": [0, 0, 0.6, 1.5], "texture": "#2"},
				"up": {"uv": [0, 0, 0.7, 0.1], "rotation": 270, "texture": "#2"},
				"down": {"uv": [0, 0, 0.7, 0.1], "rotation": 90, "texture": "#2"}
			}
		},
		{
			"from": [7.85, 11.34511, 8.86124],
			"to": [8.55, 11.42011, 8.91124],
			"rotation": {"angle": -22.5, "axis": "x", "origin": [8.25, 11.09511, 8.76749]},
			"faces": {
				"north": {"uv": [0, 0, 0.7, 0.1], "texture": "#2"},
				"east": {"uv": [0, 0, 0.7, 0.1], "texture": "#2"},
				"south": {"uv": [0, 0, 0.7, 0.1], "texture": "#2"},
				"west": {"uv": [0, 0, 0.1, 0.15], "texture": "#2"},
				"up": {"uv": [0, 0, 0.7, 0.1], "rotation": 270, "texture": "#2"},
				"down": {"uv": [0, 0, 0.7, 0.1], "rotation": 90, "texture": "#2"}
			}
		},
		{
			"from": [7.95, 11.35, 8.45],
			"to": [8.55, 11.45, 8.775],
			"rotation": {"angle": 0, "axis": "y", "origin": [8, 9, 4.25]},
			"faces": {
				"north": {"uv": [0, 0, 0.7, 0.1], "texture": "#2"},
				"east": {"uv": [0, 0, 0.7, 0.1], "texture": "#2"},
				"south": {"uv": [0, 0, 0.7, 0.1], "texture": "#2"},
				"west": {"uv": [0, 0, 0.65, 0.2], "texture": "#2"},
				"up": {"uv": [0, 0, 0.7, 0.1], "rotation": 270, "texture": "#2"},
				"down": {"uv": [0, 0, 0.7, 0.1], "rotation": 90, "texture": "#2"}
			}
		},
		{
			"from": [8.6, 9.45, 2.6],
			"to": [8.9, 10.25, 6.7],
			"rotation": {"angle": 0, "axis": "y", "origin": [8, 9, -1.25]},
			"faces": {
				"north": {"uv": [12.813, 8.438, 14.038, 8.825], "texture": "#2"},
				"east": {"uv": [12.813, 8.438, 14.038, 8.825], "texture": "#2"},
				"south": {"uv": [12.813, 8.438, 14.038, 8.825], "texture": "#2"},
				"west": {"uv": [12.813, 8.438, 14.038, 8.825], "texture": "#2"},
				"up": {"uv": [12.813, 8.438, 14.038, 8.825], "rotation": 270, "texture": "#2"},
				"down": {"uv": [12.813, 8.438, 14.038, 8.825], "rotation": 90, "texture": "#2"}
			}
		},
		{
			"from": [7.6, 9.45, 2.6],
			"to": [7.9, 10.25, 6.7],
			"rotation": {"angle": 0, "axis": "y", "origin": [8, 9, -1.25]},
			"faces": {
				"north": {"uv": [12.813, 8.438, 14.038, 8.825], "texture": "#2"},
				"east": {"uv": [12.813, 8.438, 14.038, 8.825], "texture": "#2"},
				"south": {"uv": [12.813, 8.438, 14.038, 8.825], "texture": "#2"},
				"west": {"uv": [12.813, 8.438, 14.038, 8.825], "texture": "#2"},
				"up": {"uv": [12.813, 8.438, 14.038, 8.825], "rotation": 270, "texture": "#2"},
				"down": {"uv": [12.813, 8.438, 14.038, 8.825], "rotation": 90, "texture": "#2"}
			}
		},
		{
			"from": [8.1, 9.1, 1.1],
			"to": [8.4, 9.45, 2.1],
			"rotation": {"angle": 0, "axis": "y", "origin": [8, 9, -1.25]},
			"faces": {
				"north": {"uv": [10.5, 15, 14.788, 15.762], "texture": "#4"},
				"east": {"uv": [10.5, 15, 14.788, 15.762], "texture": "#4"},
				"south": {"uv": [10.5, 15, 14.788, 15.762], "texture": "#4"},
				"west": {"uv": [10.5, 15, 14.788, 15.762], "texture": "#4"},
				"up": {"uv": [10.5, 15, 14.788, 15.762], "rotation": 270, "texture": "#4"},
				"down": {"uv": [10.5, 15, 14.788, 15.762], "rotation": 90, "texture": "#4"}
			}
		},
		{
			"from": [8.65, 9.25, 2],
			"to": [8.75, 9.95, 10.6],
			"rotation": {"angle": 0, "axis": "y", "origin": [8, 9, 3]},
			"faces": {
				"north": {"uv": [10.5, 15, 14.288, 15.762], "texture": "#4"},
				"east": {"uv": [10.5, 15, 14.288, 15.762], "texture": "#4"},
				"south": {"uv": [10.5, 15, 14.288, 15.762], "texture": "#4"},
				"west": {"uv": [10.5, 15, 14.288, 15.762], "texture": "#4"},
				"up": {"uv": [10.5, 15, 14.288, 15.762], "rotation": 270, "texture": "#4"},
				"down": {"uv": [10.5, 15, 14.288, 15.762], "rotation": 90, "texture": "#4"}
			}
		},
		{
			"from": [8.15, 9.55, 6.2],
			"to": [8.35, 9.75, 6.5],
			"rotation": {"angle": 0, "axis": "y", "origin": [8, 9, 3]},
			"color": 6,
			"faces": {
				"north": {"uv": [0, 0, 0.2, 0.2], "texture": "#missing"},
				"east": {"uv": [0, 0, 0.3, 0.2], "texture": "#missing"},
				"south": {"uv": [0, 0, 0.2, 0.2], "texture": "#missing"},
				"west": {"uv": [0, 0, 0.3, 0.2], "texture": "#missing"},
				"up": {"uv": [0, 0, 0.3, 0.2], "rotation": 270, "texture": "#missing"},
				"down": {"uv": [0, 0, 0.3, 0.2], "rotation": 90, "texture": "#missing"}
			}
		},
		{
			"from": [7.75, 9.25, 2],
			"to": [7.85, 9.95, 10.6],
			"rotation": {"angle": 0, "axis": "y", "origin": [8, 9, 3]},
			"faces": {
				"north": {"uv": [10.5, 15, 14.788, 15.762], "texture": "#4"},
				"east": {"uv": [10.5, 15, 14.788, 15.762], "texture": "#4"},
				"south": {"uv": [10.5, 15, 14.788, 15.762], "texture": "#4"},
				"west": {"uv": [10.5, 15, 14.788, 15.762], "texture": "#4"},
				"up": {"uv": [10.5, 15, 14.788, 15.762], "rotation": 270, "texture": "#4"},
				"down": {"uv": [10.5, 15, 14.788, 15.762], "rotation": 90, "texture": "#4"}
			}
		},
		{
			"from": [7.85, 9.05, 2.15],
			"to": [8.65, 10.05, 2.7],
			"rotation": {"angle": 0, "axis": "y", "origin": [8, 9, 3]},
			"faces": {
				"north": {"uv": [15, 15, 15.8, 16], "texture": "#4"},
				"east": {"uv": [0, 0, 0.6, 1], "texture": "#1"},
				"south": {"uv": [0, 0, 0.8, 1], "texture": "#1"},
				"west": {"uv": [0, 0, 0.6, 1], "texture": "#1"},
				"up": {"uv": [0, 0, 0.6, 0.8], "rotation": 270, "texture": "#1"},
				"down": {"uv": [0, 0, 0.6, 0.8], "rotation": 90, "texture": "#1"}
			}
		},
		{
			"from": [8.35, 9.25, 2.1],
			"to": [8.65, 9.95, 2.7],
			"rotation": {"angle": 0, "axis": "y", "origin": [8, 9, 3]},
			"faces": {
				"north": {"uv": [11, 15.262, 15.788, 15.762], "texture": "#4"},
				"east": {"uv": [11, 15.262, 15.788, 15.762], "texture": "#4"},
				"south": {"uv": [11, 15.262, 15.788, 15.762], "texture": "#4"},
				"west": {"uv": [11, 15.262, 15.788, 15.762], "texture": "#4"},
				"up": {"uv": [11, 15.262, 15.788, 15.762], "rotation": 270, "texture": "#4"},
				"down": {"uv": [11, 15.262, 15.788, 15.762], "rotation": 90, "texture": "#4"}
			}
		},
		{
			"from": [8.15, 9.25, 2.1],
			"to": [8.35, 9.45, 2.75],
			"rotation": {"angle": 0, "axis": "y", "origin": [8, 9, 3]},
			"color": 4,
			"faces": {
				"north": {"uv": [0, 0, 0.2, 0.2], "texture": "#missing"},
				"east": {"uv": [0, 0, 0.65, 0.2], "texture": "#missing"},
				"south": {"uv": [0, 0, 0.2, 0.2], "texture": "#missing"},
				"west": {"uv": [0, 0, 0.65, 0.2], "texture": "#missing"},
				"up": {"uv": [0, 0, 0.65, 0.2], "rotation": 270, "texture": "#missing"},
				"down": {"uv": [0, 0, 0.65, 0.2], "rotation": 90, "texture": "#missing"}
			}
		},
		{
			"from": [8.15, 9.55, 2.1],
			"to": [8.35, 9.75, 2.75],
			"rotation": {"angle": 0, "axis": "y", "origin": [8, 9, 3]},
			"color": 2,
			"faces": {
				"north": {"uv": [0, 0, 0.2, 0.2], "texture": "#missing"},
				"east": {"uv": [0, 0, 0.65, 0.2], "texture": "#missing"},
				"south": {"uv": [0, 0, 0.2, 0.2], "texture": "#missing"},
				"west": {"uv": [0, 0, 0.65, 0.2], "texture": "#missing"},
				"up": {"uv": [0, 0, 0.65, 0.2], "rotation": 270, "texture": "#missing"},
				"down": {"uv": [0, 0, 0.65, 0.2], "rotation": 90, "texture": "#missing"}
			}
		},
		{
			"name": "hexadecagon",
			"from": [7.8375, 9.72292, -2.65],
			"to": [8.1375, 9.87708, 2.3],
			"rotation": {"angle": 45, "axis": "z", "origin": [8.225, 9.8, 0.3]},
			"faces": {
				"north": {"uv": [0, 0, 1, 1], "texture": "#2"},
				"east": {"uv": [0, 0, 1, 1], "texture": "#2"},
				"south": {"uv": [0, 0, 1, 1], "texture": "#2"},
				"west": {"uv": [0, 0, 1, 1], "texture": "#2"},
				"up": {"uv": [0, 0, 1, 1], "rotation": 270, "texture": "#2"},
				"down": {"uv": [0, 0, 1, 1], "rotation": 90, "texture": "#2"}
			}
		},
		{
			"name": "hexadecagon",
			"from": [7.8375, 9.72292, -2.65],
			"to": [8.1375, 9.87708, 2.3],
			"rotation": {"angle": 22.5, "axis": "z", "origin": [8.225, 9.8, 0.3]},
			"faces": {
				"north": {"uv": [0, 0, 1, 1], "texture": "#2"},
				"east": {"uv": [0, 0, 1, 1], "texture": "#2"},
				"south": {"uv": [0, 0, 1, 1], "texture": "#2"},
				"west": {"uv": [0, 0, 1, 1], "texture": "#2"},
				"up": {"uv": [0, 0, 1, 1], "rotation": 270, "texture": "#2"},
				"down": {"uv": [0, 0, 1, 1], "rotation": 90, "texture": "#2"}
			}
		},
		{
			"name": "hexadecagon",
			"from": [7.8375, 9.72292, -2.65],
			"to": [8.1375, 9.87708, 2.3],
			"rotation": {"angle": 0, "axis": "x", "origin": [8.225, 9.8, 0.3]},
			"faces": {
				"north": {"uv": [0, 0, 1, 1], "texture": "#2"},
				"east": {"uv": [0, 0, 1, 1], "texture": "#2"},
				"south": {"uv": [0, 0, 1, 1], "texture": "#2"},
				"west": {"uv": [0, 0, 1, 1], "texture": "#2"},
				"up": {"uv": [0, 0, 1, 1], "rotation": 270, "texture": "#2"},
				"down": {"uv": [0, 0, 1, 1], "rotation": 90, "texture": "#2"}
			}
		},
		{
			"name": "hexadecagon",
			"from": [7.8375, 9.72292, -2.65],
			"to": [8.1375, 9.87708, 2.3],
			"rotation": {"angle": -22.5, "axis": "z", "origin": [8.225, 9.8, 0.3]},
			"faces": {
				"north": {"uv": [0, 0, 1, 1], "texture": "#2"},
				"east": {"uv": [0, 0, 1, 1], "texture": "#2"},
				"south": {"uv": [0, 0, 1, 1], "texture": "#2"},
				"west": {"uv": [0, 0, 1, 1], "texture": "#2"},
				"up": {"uv": [0, 0, 1, 1], "rotation": 270, "texture": "#2"},
				"down": {"uv": [0, 0, 1, 1], "rotation": 90, "texture": "#2"}
			}
		},
		{
			"name": "hexadecagon",
			"from": [7.8375, 9.72292, -2.65],
			"to": [8.1375, 9.87708, 2.3],
			"rotation": {"angle": -45, "axis": "z", "origin": [8.225, 9.8, 0.3]},
			"faces": {
				"north": {"uv": [0, 0, 1, 1], "texture": "#2"},
				"east": {"uv": [0, 0, 1, 1], "texture": "#2"},
				"south": {"uv": [0, 0, 1, 1], "texture": "#2"},
				"west": {"uv": [0, 0, 1, 1], "texture": "#2"},
				"up": {"uv": [0, 0, 1, 1], "rotation": 270, "texture": "#2"},
				"down": {"uv": [0, 0, 1, 1], "rotation": 90, "texture": "#2"}
			}
		},
		{
			"name": "hexadecagon",
			"from": [8.3125, 9.72292, -2.65],
			"to": [8.6125, 9.87708, 2.3],
			"rotation": {"angle": 45, "axis": "z", "origin": [8.225, 9.8, 0.3]},
			"faces": {
				"north": {"uv": [0, 0, 1, 1], "texture": "#2"},
				"east": {"uv": [0, 0, 1, 1], "texture": "#2"},
				"south": {"uv": [0, 0, 1, 1], "texture": "#2"},
				"west": {"uv": [0, 0, 1, 1], "texture": "#2"},
				"up": {"uv": [0, 0, 1, 1], "rotation": 270, "texture": "#2"},
				"down": {"uv": [0, 0, 1, 1], "rotation": 90, "texture": "#2"}
			}
		},
		{
			"name": "hexadecagon",
			"from": [8.3125, 9.72292, -2.65],
			"to": [8.6125, 9.87708, 2.3],
			"rotation": {"angle": 22.5, "axis": "z", "origin": [8.225, 9.8, 0.3]},
			"faces": {
				"north": {"uv": [0, 0, 1, 1], "texture": "#2"},
				"east": {"uv": [0, 0, 1, 1], "texture": "#2"},
				"south": {"uv": [0, 0, 1, 1], "texture": "#2"},
				"west": {"uv": [0, 0, 1, 1], "texture": "#2"},
				"up": {"uv": [0, 0, 1, 1], "rotation": 270, "texture": "#2"},
				"down": {"uv": [0, 0, 1, 1], "rotation": 90, "texture": "#2"}
			}
		},
		{
			"name": "hexadecagon",
			"from": [8.3125, 9.72292, -2.65],
			"to": [8.6125, 9.87708, 2.3],
			"rotation": {"angle": 0, "axis": "x", "origin": [8.225, 9.8, 0.3]},
			"faces": {
				"north": {"uv": [0, 0, 1, 1], "texture": "#2"},
				"east": {"uv": [0, 0, 1, 1], "texture": "#2"},
				"south": {"uv": [0, 0, 1, 1], "texture": "#2"},
				"west": {"uv": [0, 0, 1, 1], "texture": "#2"},
				"up": {"uv": [0, 0, 1, 1], "rotation": 270, "texture": "#2"},
				"down": {"uv": [0, 0, 1, 1], "rotation": 90, "texture": "#2"}
			}
		},
		{
			"name": "hexadecagon",
			"from": [8.3125, 9.72292, -2.65],
			"to": [8.6125, 9.87708, 2.3],
			"rotation": {"angle": -22.5, "axis": "z", "origin": [8.225, 9.8, 0.3]},
			"faces": {
				"north": {"uv": [0, 0, 1, 1], "texture": "#2"},
				"east": {"uv": [0, 0, 1, 1], "texture": "#2"},
				"south": {"uv": [0, 0, 1, 1], "texture": "#2"},
				"west": {"uv": [0, 0, 1, 1], "texture": "#2"},
				"up": {"uv": [0, 0, 1, 1], "rotation": 270, "texture": "#2"},
				"down": {"uv": [0, 0, 1, 1], "rotation": 90, "texture": "#2"}
			}
		},
		{
			"name": "hexadecagon",
			"from": [8.3125, 9.72292, -2.65],
			"to": [8.6125, 9.87708, 2.3],
			"rotation": {"angle": -45, "axis": "z", "origin": [8.225, 9.8, 0.3]},
			"faces": {
				"north": {"uv": [0, 0, 1, 1], "texture": "#2"},
				"east": {"uv": [0, 0, 1, 1], "texture": "#2"},
				"south": {"uv": [0, 0, 1, 1], "texture": "#2"},
				"west": {"uv": [0, 0, 1, 1], "texture": "#2"},
				"up": {"uv": [0, 0, 1, 1], "rotation": 270, "texture": "#2"},
				"down": {"uv": [0, 0, 1, 1], "rotation": 90, "texture": "#2"}
			}
		},
		{
			"name": "hexadecagon",
			"from": [8.14792, 9.4125, -2.65],
			"to": [8.30208, 9.7125, 2.3],
			"rotation": {"angle": 22.5, "axis": "z", "origin": [8.225, 9.8, 0.3]},
			"faces": {
				"north": {"uv": [0, 0, 1, 1], "texture": "#2"},
				"east": {"uv": [0, 0, 1, 1], "texture": "#2"},
				"south": {"uv": [0, 0, 1, 1], "texture": "#2"},
				"west": {"uv": [0, 0, 1, 1], "texture": "#2"},
				"up": {"uv": [0, 0, 1, 1], "rotation": 270, "texture": "#2"},
				"down": {"uv": [0, 0, 1, 1], "rotation": 90, "texture": "#2"}
			}
		},
		{
			"name": "hexadecagon",
			"from": [8.14792, 9.4125, -2.65],
			"to": [8.30208, 9.7125, 2.3],
			"rotation": {"angle": 0, "axis": "x", "origin": [8.225, 9.8, 0.3]},
			"faces": {
				"north": {"uv": [0, 0, 1, 1], "texture": "#2"},
				"east": {"uv": [0, 0, 1, 1], "texture": "#2"},
				"south": {"uv": [0, 0, 1, 1], "texture": "#2"},
				"west": {"uv": [0, 0, 1, 1], "texture": "#2"},
				"up": {"uv": [0, 0, 1, 1], "rotation": 270, "texture": "#2"},
				"down": {"uv": [0, 0, 1, 1], "rotation": 90, "texture": "#2"}
			}
		},
		{
			"name": "hexadecagon",
			"from": [8.14792, 9.4125, -2.65],
			"to": [8.30208, 9.7125, 2.3],
			"rotation": {"angle": -22.5, "axis": "z", "origin": [8.225, 9.8, 0.3]},
			"faces": {
				"north": {"uv": [0, 0, 1, 1], "texture": "#2"},
				"east": {"uv": [0, 0, 1, 1], "texture": "#2"},
				"south": {"uv": [0, 0, 1, 1], "texture": "#2"},
				"west": {"uv": [0, 0, 1, 1], "texture": "#2"},
				"up": {"uv": [0, 0, 1, 1], "rotation": 270, "texture": "#2"},
				"down": {"uv": [0, 0, 1, 1], "rotation": 90, "texture": "#2"}
			}
		},
		{
			"name": "hexadecagon",
			"from": [8.14792, 9.8875, -2.65],
			"to": [8.30208, 10.1875, 2.3],
			"rotation": {"angle": 22.5, "axis": "z", "origin": [8.225, 9.8, 0.3]},
			"faces": {
				"north": {"uv": [0, 0, 1, 1], "texture": "#2"},
				"east": {"uv": [0, 0, 1, 1], "texture": "#2"},
				"south": {"uv": [0, 0, 1, 1], "texture": "#2"},
				"west": {"uv": [0, 0, 1, 1], "texture": "#2"},
				"up": {"uv": [0, 0, 1, 1], "rotation": 270, "texture": "#2"},
				"down": {"uv": [0, 0, 1, 1], "rotation": 90, "texture": "#2"}
			}
		},
		{
			"name": "hexadecagon",
			"from": [8.14792, 9.8875, -2.65],
			"to": [8.30208, 10.1875, 2.3],
			"rotation": {"angle": 0, "axis": "x", "origin": [8.225, 9.8, 0.3]},
			"faces": {
				"north": {"uv": [0, 0, 1, 1], "texture": "#2"},
				"east": {"uv": [0, 0, 1, 1], "texture": "#2"},
				"south": {"uv": [0, 0, 1, 1], "texture": "#2"},
				"west": {"uv": [0, 0, 1, 1], "texture": "#2"},
				"up": {"uv": [0, 0, 1, 1], "rotation": 270, "texture": "#2"},
				"down": {"uv": [0, 0, 1, 1], "rotation": 90, "texture": "#2"}
			}
		},
		{
			"name": "hexadecagon",
			"from": [8.14792, 9.8875, -2.65],
			"to": [8.30208, 10.1875, 2.3],
			"rotation": {"angle": -22.5, "axis": "z", "origin": [8.225, 9.8, 0.3]},
			"faces": {
				"north": {"uv": [0, 0, 1, 1], "texture": "#2"},
				"east": {"uv": [0, 0, 1, 1], "texture": "#2"},
				"south": {"uv": [0, 0, 1, 1], "texture": "#2"},
				"west": {"uv": [0, 0, 1, 1], "texture": "#2"},
				"up": {"uv": [0, 0, 1, 1], "rotation": 270, "texture": "#2"},
				"down": {"uv": [0, 0, 1, 1], "rotation": 90, "texture": "#2"}
			}
		}
	],
	"display": {
		"thirdperson_righthand": {
			"translation": [0, -1, -3.75],
			"scale": [1.05664, 1.18945, 1.18945]
		},
		"thirdperson_lefthand": {
			"translation": [0, -1, -3.75],
			"scale": [1.05664, 1.18945, 1.18945]
		},
		"firstperson_righthand": {
			"rotation": [22, 2, 0],
			"translation": [-1.25, 1, 0]
		},
		"firstperson_lefthand": {
			"rotation": [22, 2, 0],
			"translation": [-1.25, 1, 0]
		},
		"ground": {
			"scale": [0.68, 0.68, 0.68]
		},
		"gui": {
			"rotation": [37, 48, -15],
			"translation": [0, -1.5, 0],
			"scale": [1.76, 1.82, 1.12]
		},
		"fixed": {
			"rotation": [0, 93, 0],
			"translation": [-2.5, 0, -1.25],
			"scale": [2.15, 2.15, 2.15]
		}
	},
	"groups": [0, 1, 2, 3, 4, 5, 6, 7, 8, 9, 10, 11, 12, 13, 14, 15, 16, 17, 18, 19, 20, 21, 22, 23, 24, 25, 26, 27, 28, 29, 30, 31, 32, 33, 34, 35, 36, 37, 38, 39, 40, 41, 42, 43, 44, 45, 46, 47, 48, 49, 50, 51, 52, 53, 54, 55, 56, 57, 58, 59, 60, 61, 62, 63,
		{
			"name": "hexadecagon",
			"origin": [8, 8, 8],
			"children": [64, 65, 66, 67, 68, 69, 70, 71, 72, 73, 74, 75, 76, 77, 78, 79]
		}
	]
}