{
	"credit": "Made with Blockbench",
	"textures": {
		"0": "skin/1",
		"particle": "skin/1"
	},
	"elements": [
		{
			"from": [6, 0, 5],
			"to": [10, 12, 9],
			"faces": {
				"north": {"uv": [0, 4, 4, 15.999], "texture": "#0"},
				"east": {"uv": [12, 4, 16, 15.999], "texture": "#0"},
				"south": {"uv": [8, 4, 12, 15.999], "texture": "#0"},
				"west": {"uv": [4, 4, 8, 15.999], "texture": "#0"},
				"up": {"uv": [4, 0, 8, 4], "rotation": 90, "texture": "#0"},
				"down": {"uv": [8, 4, 4, 0], "texture": "#0"}
			}
		},
		{
			"from": [7, 7, 4.8],
			"to": [8, 12, 5.7],
			"faces": {
				"north": {"uv": [2, 4, 3, 8.999], "texture": "#0"},
				"east": {"uv": [2, 4, 3, 8.999], "texture": "#0"},
				"south": {"uv": [8, 4, 12, 15.999], "texture": "#0"},
				"west": {"uv": [2, 4, 3, 8.999], "texture": "#0"},
				"up": {"uv": [4, 0, 8, 4], "rotation": 90, "texture": "#0"},
				"down": {"uv": [8, 4, 4, 0], "texture": "#0"}
			}
		},
		{
			"from": [7, 12, 4.8],
			"to": [8, 12.225, 9.2],
			"faces": {
				"north": {"uv": [2, 4, 3, 4.999], "texture": "#0"},
				"east": {"uv": [4, 2, 7.999, 2.999], "texture": "#0"},
				"south": {"uv": [2, 4, 3, 4.999], "texture": "#0"},
				"west": {"uv": [4, 2, 7.999, 2.999], "texture": "#0"},
				"up": {"uv": [4, 2, 7.999, 2.999], "rotation": 90, "texture": "#0"},
				"down": {"uv": [8, 4, 4, 0], "texture": "#0"}
			}
		},
		{
			"from": [7, 7, 8.3],
			"to": [8, 12, 9.2],
			"faces": {
				"north": {"uv": [2, 4, 3, 8.999], "texture": "#0"},
				"east": {"uv": [2, 4, 3, 8.999], "texture": "#0"},
				"south": {"uv": [2, 4, 3, 8.999], "texture": "#0"},
				"west": {"uv": [2, 4, 3, 8.999], "texture": "#0"},
				"up": {"uv": [4, 0, 8, 4], "rotation": 90, "texture": "#0"},
				"down": {"uv": [8, 4, 4, 0], "texture": "#0"}
			}
		},
		{
			"from": [5.5, 11, 6],
			"to": [6, 12, 8],
			"faces": {
				"north": {"uv": [5, 4, 6, 5], "texture": "#0"},
				"east": {"uv": [4, 2, 7.999, 2.999], "texture": "#0"},
				"south": {"uv": [6, 4, 7, 5], "texture": "#0"},
				"west": {"uv": [5, 4, 6.999, 4.999], "texture": "#0"},
				"up": {"uv": [5, 4, 7, 5], "rotation": 90, "texture": "#0"},
				"down": {"uv": [5, 4, 7, 5], "rotation": 90, "texture": "#0"}
			}
		},
		{
			"from": [5.5, 8, 6],
			"to": [6, 9, 8],
			"faces": {
				"north": {"uv": [5, 4, 6, 5], "texture": "#0"},
				"east": {"uv": [4, 2, 7.999, 2.999], "texture": "#0"},
				"south": {"uv": [6, 4, 7, 5], "texture": "#0"},
				"west": {"uv": [5, 4, 6.999, 4.999], "texture": "#0"},
				"up": {"uv": [5, 4, 7, 5], "rotation": 90, "texture": "#0"},
				"down": {"uv": [5, 4, 7, 5], "rotation": 90, "texture": "#0"}
			}
		},
		{
			"from": [5.5, 9, 5],
			"to": [6, 11, 6],
			"faces": {
				"north": {"uv": [5, 4, 7, 5], "rotation": 270, "texture": "#0"},
				"east": {"uv": [4, 2, 7.999, 2.999], "rotation": 90, "texture": "#0"},
				"south": {"uv": [5, 4, 7, 5], "rotation": 90, "texture": "#0"},
				"west": {"uv": [5, 4, 6.999, 4.999], "rotation": 270, "texture": "#0"},
				"up": {"uv": [6, 4, 7, 5], "texture": "#0"},
				"down": {"uv": [5, 4, 6, 5], "rotation": 180, "texture": "#0"}
			}
		},
		{
			"from": [5.1, 9, 6],
			"to": [6, 11, 8],
			"faces": {
				"north": {"uv": [5, 5, 7, 7], "rotation": 270, "texture": "#0"},
				"east": {"uv": [4, 2, 7.999, 2.999], "rotation": 90, "texture": "#0"},
				"south": {"uv": [5, 5, 7, 7], "rotation": 270, "texture": "#0"},
				"west": {"uv": [5, 5, 7, 7], "rotation": 270, "texture": "#0"},
				"up": {"uv": [5, 5, 7, 7], "rotation": 270, "texture": "#0"},
				"down": {"uv": [5, 5, 7, 7], "rotation": 270, "texture": "#0"}
			}
		},
		{
			"from": [5.5, 9, 8],
			"to": [6, 11, 9],
			"faces": {
				"north": {"uv": [5, 4, 7, 5], "rotation": 270, "texture": "#0"},
				"east": {"uv": [4, 2, 7.999, 2.999], "rotation": 90, "texture": "#0"},
				"south": {"uv": [5, 4, 7, 5], "rotation": 90, "texture": "#0"},
				"west": {"uv": [5, 4, 6.999, 4.999], "rotation": 270, "texture": "#0"},
				"up": {"uv": [6, 4, 7, 5], "texture": "#0"},
				"down": {"uv": [5, 4, 6, 5], "rotation": 180, "texture": "#0"}
			}
		},
		{
			"from": [5.7, 6, 8],
			"to": [10.3, 7, 9.3],
			"faces": {
				"north": {"uv": [8, 9, 12, 10], "texture": "#0"},
				"east": {"uv": [12, 9, 13, 10], "texture": "#0"},
				"south": {"uv": [8, 9, 12, 10], "texture": "#0"},
				"west": {"uv": [7, 9, 8, 10], "texture": "#0"},
				"up": {"uv": [8, 9, 12, 10], "texture": "#0"},
				"down": {"uv": [8, 9, 12, 10], "texture": "#0"}
			}
		},
		{
			"from": [5.8, 6, 4.8],
			"to": [10.175, 7, 6],
			"faces": {
				"north": {"uv": [0, 9, 4, 10], "texture": "#0"},
				"east": {"uv": [15, 9, 16, 10], "texture": "#0"},
				"south": {"uv": [0, 9, 4, 10], "texture": "#0"},
				"west": {"uv": [4, 9, 5, 10], "texture": "#0"},
				"up": {"uv": [0, 9, 4, 10], "texture": "#0"},
				"down": {"uv": [0, 9, 4, 10], "texture": "#0"}
			}
		},
		{
			"from": [5.7, 2, 4.7],
			"to": [10.3, 4, 9.3],
			"faces": {
				"north": {"uv": [0, 12, 4, 14], "texture": "#0"},
				"east": {"uv": [12, 12, 16, 14], "texture": "#0"},
				"south": {"uv": [8, 12, 12, 14], "texture": "#0"},
				"west": {"uv": [4, 12, 8, 14], "texture": "#0"},
				"up": {"uv": [8, 9, 12, 10], "texture": "#0"},
				"down": {"uv": [8, 9, 12, 10], "texture": "#0"}
			}
		},
		{
			"from": [6.1, 3, 5.85],
			"to": [10.7, 4.1, 7],
			"faces": {
				"north": {"uv": [6, 6, 7, 7], "texture": "#0"},
				"east": {"uv": [14, 12, 15, 13], "texture": "#0"},
				"south": {"uv": [5, 6, 6, 7], "texture": "#0"},
				"west": {"uv": [4, 9, 5, 10], "texture": "#0"},
				"up": {"uv": [6, 6, 7, 7], "texture": "#0"},
				"down": {"uv": [14, 12, 15, 13], "texture": "#0"}
			}
		},
		{
			"from": [5.7, 4, 5.975],
			"to": [10.3, 5, 7],
			"faces": {
				"north": {"uv": [8, 9, 12, 10], "texture": "#0"},
				"east": {"uv": [12, 9, 13, 10], "texture": "#0"},
				"south": {"uv": [8, 9, 12, 10], "texture": "#0"},
				"west": {"uv": [5, 11, 6, 12], "texture": "#0"},
				"up": {"uv": [8, 9, 12, 10], "texture": "#0"},
				"down": {"uv": [8, 9, 12, 10], "texture": "#0"}
			}
		},
		{
			"from": [5.85, 4, 6],
			"to": [10.175, 6, 8],
			"faces": {
				"north": {"uv": [5, 10, 5.999, 12], "texture": "#0"},
				"east": {"uv": [13, 10, 15, 12], "texture": "#0"},
				"south": {"uv": [6, 10, 7, 12], "texture": "#0"},
				"west": {"uv": [5, 10, 6.999, 12], "texture": "#0"},
				"up": {"uv": [6, 10, 7, 12], "texture": "#0"},
				"down": {"uv": [8, 9, 12, 10], "texture": "#0"}
			}
		},
		{
			"from": [8, 11, 7],
			"to": [10.175, 12.225, 8],
			"faces": {
				"north": {"uv": [2, 4, 3, 4.999], "texture": "#0"},
				"east": {"uv": [4, 2, 5, 3], "texture": "#0"},
				"south": {"uv": [2, 4, 3, 4.999], "texture": "#0"},
				"west": {"uv": [4, 2, 7.999, 2.999], "texture": "#0"},
				"up": {"uv": [6, 2, 4, 3], "texture": "#0"},
				"down": {"uv": [4, 2, 5, 3], "texture": "#0"}
			}
		},
		{
			"from": [8, 9, 6],
			"to": [10.175, 11, 7],
			"faces": {
				"north": {"uv": [14, 5, 15, 7], "texture": "#0"},
				"east": {"uv": [14, 5, 15, 7], "texture": "#0"},
				"south": {"uv": [14, 5, 15, 7], "texture": "#0"},
				"west": {"uv": [4, 2, 7.999, 2.999], "texture": "#0"},
				"up": {"uv": [6, 2, 4, 3], "texture": "#0"},
				"down": {"uv": [4, 2, 5, 3], "texture": "#0"}
			}
		},
		{
			"from": [5.85, -0.125, 7.1],
			"to": [10.175, 2, 8],
			"faces": {
				"north": {"uv": [13, 14, 14, 16], "texture": "#0"},
				"east": {"uv": [13, 14, 14, 16], "texture": "#0"},
				"south": {"uv": [13, 14, 14, 16], "texture": "#0"},
				"west": {"uv": [6, 14, 7, 16], "texture": "#0"},
				"up": {"uv": [8, 9, 12, 10], "texture": "#0"},
				"down": {"uv": [10, 0, 11, 4], "rotation": 90, "texture": "#0"}
			}
		},
		{
			"from": [10, -0.2, 4.8],
			"to": [10.3, 1, 7],
			"faces": {
				"north": {"uv": [3, 15, 5, 16], "texture": "#0"},
				"east": {"uv": [14, 15, 16, 16], "texture": "#0"},
				"south": {"uv": [5, 15, 6, 16], "texture": "#0"},
				"west": {"uv": [6, 14, 7, 16], "texture": "#0"},
				"up": {"uv": [14, 15, 16, 16], "rotation": 90, "texture": "#0"},
				"down": {"uv": [14, 15, 16, 16], "rotation": 90, "texture": "#0"}
			}
		},
		{
			"from": [5.7, -0.2, 4.8],
			"to": [6, 1, 7],
			"faces": {
				"north": {"uv": [3, 15, 5, 16], "texture": "#0"},
				"east": {"uv": [13, 14, 14, 16], "texture": "#0"},
				"south": {"uv": [5, 15, 6, 16], "texture": "#0"},
				"west": {"uv": [14, 15, 16, 16], "texture": "#0"},
				"up": {"uv": [14, 15, 16, 16], "rotation": 90, "texture": "#0"},
				"down": {"uv": [14, 15, 16, 16], "rotation": 90, "texture": "#0"}
			}
		},
		{
			"from": [6, -0.2, 5.5],
			"to": [6.3, 1, 7],
			"faces": {
				"north": {"uv": [13, 14, 14, 16], "texture": "#0"},
				"east": {"uv": [14, 14.999, 15.35, 15.999], "texture": "#0"},
				"south": {"uv": [5, 15, 6, 16], "texture": "#0"},
				"west": {"uv": [6, 14, 7, 16], "texture": "#0"},
				"up": {"uv": [8, 9, 12, 10], "texture": "#0"},
				"down": {"uv": [14, 14.999, 15.35, 15.999], "rotation": 90, "texture": "#0"}
			}
		},
		{
			"from": [9.7, -0.2, 5.5],
			"to": [10, 1, 7],
			"faces": {
				"north": {"uv": [13, 14, 14, 16], "texture": "#0"},
				"east": {"uv": [13, 14, 14, 16], "texture": "#0"},
				"south": {"uv": [5, 15, 6, 16], "texture": "#0"},
				"west": {"uv": [15.35, 14.999, 14, 15.999], "texture": "#0"},
				"up": {"uv": [8, 9, 12, 10], "texture": "#0"},
				"down": {"uv": [14, 14.999, 15.35, 15.999], "rotation": 90, "texture": "#0"}
			}
		},
		{
			"from": [6, -0.2, 4.8],
			"to": [10, 1, 5.5],
			"faces": {
				"north": {"uv": [0, 15, 4, 16], "texture": "#0"},
				"east": {"uv": [13, 14, 14, 16], "texture": "#0"},
				"south": {"uv": [0, 15, 4, 16], "texture": "#0"},
				"west": {"uv": [6, 14, 7, 16], "texture": "#0"},
				"up": {"uv": [8, 9, 12, 10], "texture": "#0"},
				"down": {"uv": [0, 15, 4, 16], "texture": "#0"}
			}
		},
		{
			"from": [7, 5, 4.85],
			"to": [9, 6, 6],
			"faces": {
				"north": {"uv": [1, 10, 3, 11], "texture": "#0"},
				"east": {"uv": [15, 9, 16, 10], "texture": "#0"},
				"south": {"uv": [0, 9, 4, 10], "texture": "#0"},
				"west": {"uv": [4, 9, 5, 10], "texture": "#0"},
				"up": {"uv": [0, 9, 4, 10], "texture": "#0"},
				"down": {"uv": [0, 9, 4, 10], "texture": "#0"}
			}
		},
		{
			"from": [7, 1, 4.85],
			"to": [9, 2, 6],
			"faces": {
				"north": {"uv": [1, 14, 3, 15], "texture": "#0"},
				"east": {"uv": [15, 9, 16, 10], "texture": "#0"},
				"south": {"uv": [0, 9, 4, 10], "texture": "#0"},
				"west": {"uv": [4, 9, 5, 10], "texture": "#0"},
				"up": {"uv": [0, 9, 4, 10], "texture": "#0"},
				"down": {"uv": [0, 9, 4, 10], "texture": "#0"}
			}
		},
		{
			"from": [9, 4, 4.85],
			"to": [10, 5, 5],
			"faces": {
				"north": {"uv": [0, 11, 1, 12], "texture": "#0"},
				"east": {"uv": [15, 9, 16, 10], "texture": "#0"},
				"south": {"uv": [0, 9, 4, 10], "texture": "#0"},
				"west": {"uv": [4, 9, 5, 10], "texture": "#0"},
				"up": {"uv": [0, 9, 4, 10], "texture": "#0"},
				"down": {"uv": [0, 9, 4, 10], "texture": "#0"}
			}
		},
		{
			"from": [6, 4, 4.85],
			"to": [7, 5, 5],
			"faces": {
				"north": {"uv": [0, 11, 1, 12], "texture": "#0"},
				"east": {"uv": [15, 9, 16, 10], "texture": "#0"},
				"south": {"uv": [0, 9, 4, 10], "texture": "#0"},
				"west": {"uv": [4, 9, 5, 10], "texture": "#0"},
				"up": {"uv": [0, 9, 4, 10], "texture": "#0"},
				"down": {"uv": [0, 9, 4, 10], "texture": "#0"}
			}
		},
		{
			"from": [7, 5.975, 4.5],
			"to": [9, 7.05, 5.45],
			"faces": {
				"north": {"uv": [6, 5, 7, 6.999], "rotation": 270, "texture": "#0"},
				"east": {"uv": [6, 5, 7, 6], "rotation": 270, "texture": "#0"},
				"south": {"uv": [4, 2, 7.999, 2.999], "rotation": 90, "texture": "#0"},
				"west": {"uv": [6, 5, 7, 6], "rotation": 270, "texture": "#0"},
				"up": {"uv": [6, 5, 7, 6.999], "rotation": 270, "texture": "#0"},
				"down": {"uv": [5, 5, 7, 7], "rotation": 180, "texture": "#0"}
			}
		},
		{
			"from": [7.025, 3.025, 4.7],
			"to": [9, 5, 7.5],
			"faces": {
				"north": {"uv": [0, 12, 4, 14], "texture": "#0"},
				"east": {"uv": [12, 12, 16, 14], "texture": "#0"},
				"south": {"uv": [8, 12, 12, 14], "texture": "#0"},
				"west": {"uv": [4, 12, 8, 14], "texture": "#0"},
				"up": {"uv": [8, 9, 12, 10], "texture": "#0"},
				"down": {"uv": [8, 9, 12, 10], "texture": "#0"}
			}
		},
		{
			"from": [7, 3, 4.425],
			"to": [9, 4, 5.45],
			"faces": {
				"north": {"uv": [6, 5, 7, 6.999], "rotation": 270, "texture": "#0"},
				"east": {"uv": [6, 5, 7, 6.999], "rotation": 270, "texture": "#0"},
				"south": {"uv": [4, 2, 7.999, 2.999], "rotation": 90, "texture": "#0"},
				"west": {"uv": [6, 5, 7, 6.999], "rotation": 270, "texture": "#0"},
				"up": {"uv": [5, 5, 7, 7], "texture": "#0"},
				"down": {"uv": [5, 5, 7, 7], "rotation": 180, "texture": "#0"}
			}
		},
		{
			"from": [8, 7, 4.8],
			"to": [9, 8, 5.7],
			"faces": {
				"north": {"uv": [2, 8, 3, 8.999], "texture": "#0"},
				"east": {"uv": [2, 8, 3, 8.999], "texture": "#0"},
				"south": {"uv": [8, 4, 12, 15.999], "texture": "#0"},
				"west": {"uv": [2, 4, 3, 8.999], "texture": "#0"},
				"up": {"uv": [2, 8, 3, 8.999], "texture": "#0"},
				"down": {"uv": [8, 4, 4, 0], "texture": "#0"}
			}
		}
	],
	"display": {
		"thirdperson_righthand": {
			"rotation": [90, -90, 0],
			"translation": [-1.25, -2, 8.25],
			"scale": [1.1, 1.1, 1.1]
		},
		"thirdperson_lefthand": {
			"rotation": [90, -90, 0],
			"translation": [-1.25, -2, 8.5],
			"scale": [-1.1, 1.1, 1.1]
		},
		"firstperson_righthand": {
			"rotation": [162, -90, 23],
			"translation": [-0.5, -1.25, 1.75],
			"scale": [1.12, 1.12, 1.12]
		},
		"firstperson_lefthand": {
			"rotation": [162, -90, 23],
			"translation": [-0.5, -1.25, 1.75],
			"scale": [-1.12, 1.12, 1.12]
		},
		"ground": {
			"rotation": [90, 0, 0],
			"translation": [0.5, -3.25, 2.5],
			"scale": [0.87, 0.86, 0.86]
		},
		"gui": {
			"rotation": [18, 130, 123],
			"translation": [3, -1.5, 0],
			"scale": [1.37, 1.31, 1.34]
		},
		"fixed": {
			"translation": [0, 3.5, 0],
			"scale": [1.58, 1.5, 1.43]
		}
	},
	"groups": [
		{
			"name": "model",
			"children": []
		}, 0, 1, 2, 3, 4, 5, 6, 7, 8, 9, 10, 11, 12, 13, 14, 15, 16, 17, 18, 19, 20, 21, 22, 23, 24, 25, 26, 27, 28, 29, 30]
}