{
	"credit": "Made with Blockbench",
	"textures": {
		"3": "hats/emodji/black_wool",
		"5": "hats/emodji/yellow_wool"
	},
	"elements": [
		{
			"from": [20, 0, 3],
			"to": [21, 1, 13],
			"faces": {
				"north": {"uv": [0, 15, 0, 16], "texture": "#3"},
				"east": {"uv": [3, 15, 13, 16], "texture": "#3"},
				"south": {"uv": [16, 15, 16, 16], "texture": "#3"},
				"west": {"uv": [3, 15, 13, 16], "texture": "#3"},
				"up": {"uv": [16, 3, 16, 13], "texture": "#3"},
				"down": {"uv": [16, 3, 16, 13], "texture": "#3"}
			}
		},
		{
			"from": [-4, 0, 13],
			"to": [-3, 1, 14],
			"faces": {
				"north": {"uv": [16, 15, 16, 16], "texture": "#3"},
				"east": {"uv": [2, 15, 3, 16], "texture": "#3"},
				"south": {"uv": [0, 15, 0, 16], "texture": "#3"},
				"west": {"uv": [13, 15, 14, 16], "texture": "#3"},
				"up": {"uv": [0, 13, 0, 14], "texture": "#3"},
				"down": {"uv": [0, 2, 0, 3], "texture": "#3"}
			}
		},
		{
			"from": [0, 0, -4],
			"to": [16, 1, 20],
			"faces": {
				"north": {"uv": [0, 15, 16, 16], "texture": "#3"},
				"east": {"uv": [0, 15, 16, 16], "texture": "#3"},
				"south": {"uv": [0, 15, 16, 16], "texture": "#3"},
				"west": {"uv": [0, 15, 16, 16], "texture": "#3"},
				"up": {"uv": [0, 0, 16, 16], "texture": "#3"},
				"down": {"uv": [0, 0, 16, 16], "texture": "#3"}
			}
		},
		{
			"from": [3, 0, 20],
			"to": [13, 1, 21],
			"faces": {
				"north": {"uv": [3, 15, 13, 16], "texture": "#3"},
				"east": {"uv": [0, 15, 0, 16], "texture": "#3"},
				"south": {"uv": [3, 15, 13, 16], "texture": "#3"},
				"west": {"uv": [16, 15, 16, 16], "texture": "#3"},
				"up": {"uv": [3, 9, 13, 8], "texture": "#3"},
				"down": {"uv": [3, 0, 13, 0], "texture": "#3"}
			}
		},
		{
			"from": [-5, 0, 3],
			"to": [-4, 1, 13],
			"faces": {
				"north": {"uv": [16, 15, 16, 16], "texture": "#3"},
				"east": {"uv": [3, 15, 13, 16], "texture": "#3"},
				"south": {"uv": [0, 15, 0, 16], "texture": "#3"},
				"west": {"uv": [3, 15, 13, 16], "texture": "#3"},
				"up": {"uv": [0, 3, 0, 13], "texture": "#3"},
				"down": {"uv": [0, 3, 0, 13], "texture": "#3"}
			}
		},
		{
			"from": [3, 0, -5],
			"to": [13, 1, -4],
			"faces": {
				"north": {"uv": [3, 15, 13, 16], "texture": "#3"},
				"east": {"uv": [16, 15, 16, 16], "texture": "#3"},
				"south": {"uv": [3, 15, 13, 16], "texture": "#3"},
				"west": {"uv": [0, 15, 0, 16], "texture": "#3"},
				"up": {"uv": [3, 0, 13, 1], "texture": "#3"},
				"down": {"uv": [3, 16, 13, 16], "texture": "#3"}
			}
		},
		{
			"from": [16, 0, 0],
			"to": [20, 1, 16],
			"faces": {
				"north": {"uv": [0, 15, 0, 16], "texture": "#3"},
				"east": {"uv": [0, 15, 16, 16], "texture": "#3"},
				"south": {"uv": [16, 15, 16, 16], "texture": "#3"},
				"west": {"uv": [0, 15, 16, 16], "texture": "#3"},
				"up": {"uv": [13, 0, 15.999, 16], "texture": "#3"},
				"down": {"uv": [16, 0, 16, 16], "texture": "#3"}
			}
		},
		{
			"from": [-4, 0, 0],
			"to": [0, 1, 16],
			"faces": {
				"north": {"uv": [16, 15, 16, 16], "texture": "#3"},
				"east": {"uv": [0, 15, 16, 16], "texture": "#3"},
				"south": {"uv": [0, 15, 0, 16], "texture": "#3"},
				"west": {"uv": [0, 15, 16, 16], "texture": "#3"},
				"up": {"uv": [0, 0, 3, 16], "texture": "#3"},
				"down": {"uv": [0, 0, 0, 16], "texture": "#3"}
			}
		},
		{
			"from": [16, 0, -3],
			"to": [19, 1, 0],
			"faces": {
				"north": {"uv": [0, 15, 0, 16], "texture": "#3"},
				"east": {"uv": [16, 15, 16, 16], "texture": "#3"},
				"south": {"uv": [16, 15, 16, 16], "texture": "#3"},
				"west": {"uv": [0, 15, 0, 16], "texture": "#3"},
				"up": {"uv": [16, 0, 16, 0], "texture": "#3"},
				"down": {"uv": [16, 16, 16, 16], "texture": "#3"}
			}
		},
		{
			"from": [16, 0, 16],
			"to": [19, 1, 19],
			"faces": {
				"north": {"uv": [0, 15, 0, 16], "texture": "#3"},
				"east": {"uv": [0, 15, 0, 16], "texture": "#3"},
				"south": {"uv": [16, 15, 16, 16], "texture": "#3"},
				"west": {"uv": [16, 15, 16, 16], "texture": "#3"},
				"up": {"uv": [16, 16, 16, 16], "texture": "#3"},
				"down": {"uv": [16, 0, 16, 0], "texture": "#3"}
			}
		},
		{
			"from": [-3, 0, -3],
			"to": [0, 1, 0],
			"faces": {
				"north": {"uv": [16, 15, 16, 16], "texture": "#3"},
				"east": {"uv": [16, 15, 16, 16], "texture": "#3"},
				"south": {"uv": [0, 15, 0, 16], "texture": "#3"},
				"west": {"uv": [0, 15, 0, 16], "texture": "#3"},
				"up": {"uv": [0, 0, 0, 0], "texture": "#3"},
				"down": {"uv": [0, 16, 0, 16], "texture": "#3"}
			}
		},
		{
			"from": [-3, 0, 16],
			"to": [0, 1, 19],
			"faces": {
				"north": {"uv": [16, 15, 16, 16], "texture": "#3"},
				"east": {"uv": [0, 15, 0, 16], "texture": "#3"},
				"south": {"uv": [0, 15, 0, 16], "texture": "#3"},
				"west": {"uv": [16, 15, 16, 16], "texture": "#3"},
				"up": {"uv": [0, 16, 0, 16], "texture": "#3"},
				"down": {"uv": [0, 0, 0, 0], "texture": "#3"}
			}
		},
		{
			"from": [2, 1, 21],
			"to": [14, 3, 23],
			"faces": {
				"north": {"uv": [0, 0, 12, 2], "texture": "#5"},
				"east": {"uv": [0, 0, 2, 2], "texture": "#5"},
				"south": {"uv": [0, 0, 12, 2], "texture": "#5"},
				"west": {"uv": [0, 0, 2, 2], "texture": "#5"},
				"up": {"uv": [0, 0, 12, 2], "texture": "#5"},
				"down": {"uv": [0, 0, 12, 2], "texture": "#5"}
			}
		},
		{
			"from": [-7, 1, 2],
			"to": [-5, 3, 14],
			"faces": {
				"north": {"uv": [0, 0, 2, 2], "texture": "#5"},
				"east": {"uv": [0, 0, 12, 2], "texture": "#5"},
				"south": {"uv": [0, 0, 2, 2], "texture": "#5"},
				"west": {"uv": [0, 0, 12, 2], "texture": "#5"},
				"up": {"uv": [0, 0, 2, 12], "texture": "#5"},
				"down": {"uv": [0, 0, 2, 12], "texture": "#5"}
			}
		},
		{
			"from": [2, 1, -7],
			"to": [14, 3, -5],
			"faces": {
				"north": {"uv": [0, 0, 12, 2], "texture": "#5"},
				"east": {"uv": [0, 0, 2, 2], "texture": "#5"},
				"south": {"uv": [0, 0, 12, 2], "texture": "#5"},
				"west": {"uv": [0, 0, 2, 2], "texture": "#5"},
				"up": {"uv": [0, 0, 12, 2], "texture": "#5"},
				"down": {"uv": [0, 0, 12, 2], "texture": "#5"}
			}
		},
		{
			"from": [4, 1, 2],
			"to": [12, 2, 14],
			"faces": {
				"north": {"uv": [0, 0, 8, 1], "texture": "#5"},
				"east": {"uv": [0, 0, 12, 1], "texture": "#5"},
				"south": {"uv": [0, 0, 8, 1], "texture": "#5"},
				"west": {"uv": [0, 0, 12, 1], "texture": "#5"},
				"up": {"uv": [0, 0, 8, 12], "texture": "#5"},
				"down": {"uv": [0, 0, 8, 12], "texture": "#5"}
			}
		},
		{
			"from": [2, 1, 4],
			"to": [14, 2, 12],
			"faces": {
				"north": {"uv": [0, 0, 12, 1], "texture": "#5"},
				"east": {"uv": [0, 0, 8, 1], "texture": "#5"},
				"south": {"uv": [0, 0, 12, 1], "texture": "#5"},
				"west": {"uv": [0, 0, 8, 1], "texture": "#5"},
				"up": {"uv": [0, 0, 12, 8], "texture": "#5"},
				"down": {"uv": [0, 0, 12, 8], "texture": "#5"}
			}
		},
		{
			"from": [2, 2, 4],
			"to": [14, 4, 12],
			"faces": {
				"north": {"uv": [0, 0, 12, 2], "texture": "#3"},
				"east": {"uv": [0, 0, 8, 2], "texture": "#3"},
				"south": {"uv": [0, 0, 12, 2], "texture": "#3"},
				"west": {"uv": [0, 0, 8, 2], "texture": "#3"},
				"up": {"uv": [0, 0, 12, 8], "texture": "#3"},
				"down": {"uv": [0, 0, 12, 8], "texture": "#3"}
			}
		},
		{
			"from": [4, 2, 2],
			"to": [12, 4, 14],
			"faces": {
				"north": {"uv": [0, 0, 8, 2], "texture": "#3"},
				"east": {"uv": [0, 0, 12, 2], "texture": "#3"},
				"south": {"uv": [0, 0, 8, 2], "texture": "#3"},
				"west": {"uv": [0, 0, 12, 2], "texture": "#3"},
				"up": {"uv": [0, 0, 8, 12], "texture": "#3"},
				"down": {"uv": [0, 0, 8, 12], "texture": "#3"}
			}
		},
		{
			"from": [4, 4, 4],
			"to": [12, 7, 12],
			"faces": {
				"north": {"uv": [0, 0, 8, 3], "texture": "#3"},
				"east": {"uv": [0, 0, 8, 3], "texture": "#3"},
				"south": {"uv": [0, 0, 8, 3], "texture": "#3"},
				"west": {"uv": [0, 0, 8, 3], "texture": "#3"},
				"up": {"uv": [0, 0, 8, 8], "texture": "#3"},
				"down": {"uv": [0, 0, 8, 8], "texture": "#3"}
			}
		},
		{
			"from": [21, 1, 2],
			"to": [23, 3, 14],
			"faces": {
				"north": {"uv": [0, 0, 2, 2], "texture": "#5"},
				"east": {"uv": [0, 0, 12, 2], "texture": "#5"},
				"south": {"uv": [0, 0, 2, 2], "texture": "#5"},
				"west": {"uv": [0, 0, 12, 2], "texture": "#5"},
				"up": {"uv": [0, 0, 2, 12], "texture": "#5"},
				"down": {"uv": [0, 0, 2, 12], "texture": "#5"}
			}
		},
		{
			"from": [19, 1, 13],
			"to": [21, 3, 17.1],
			"faces": {
				"north": {"uv": [0, 0, 2, 2], "texture": "#5"},
				"east": {"uv": [0, 0, 4.1, 2], "texture": "#5"},
				"south": {"uv": [0, 0, 2, 2], "texture": "#5"},
				"west": {"uv": [0, 0, 4.1, 2], "texture": "#5"},
				"up": {"uv": [0, 0, 2, 4.1], "texture": "#5"},
				"down": {"uv": [0, 0, 2, 4.1], "texture": "#5"}
			}
		},
		{
			"from": [13, 1, 19],
			"to": [17, 3, 21],
			"faces": {
				"north": {"uv": [0, 0, 4, 2], "texture": "#5"},
				"east": {"uv": [0, 0, 2, 2], "texture": "#5"},
				"south": {"uv": [0, 0, 4, 2], "texture": "#5"},
				"west": {"uv": [0, 0, 2, 2], "texture": "#5"},
				"up": {"uv": [0, 0, 4, 2], "texture": "#5"},
				"down": {"uv": [0, 0, 4, 2], "texture": "#5"}
			}
		},
		{
			"from": [13, 1, -5],
			"to": [17, 3, -3],
			"faces": {
				"north": {"uv": [0, 0, 4, 2], "texture": "#5"},
				"east": {"uv": [0, 0, 2, 2], "texture": "#5"},
				"south": {"uv": [0, 0, 4, 2], "texture": "#5"},
				"west": {"uv": [0, 0, 2, 2], "texture": "#5"},
				"up": {"uv": [0, 0, 4, 2], "texture": "#5"},
				"down": {"uv": [0, 0, 4, 2], "texture": "#5"}
			}
		},
		{
			"from": [-5, 1, 13],
			"to": [-3, 3, 17],
			"faces": {
				"north": {"uv": [0, 0, 2, 2], "texture": "#5"},
				"east": {"uv": [0, 0, 4, 2], "texture": "#5"},
				"south": {"uv": [0, 0, 2, 2], "texture": "#5"},
				"west": {"uv": [0, 0, 4, 2], "texture": "#5"},
				"up": {"uv": [0, 0, 2, 4], "texture": "#5"},
				"down": {"uv": [0, 0, 2, 4], "texture": "#5"}
			}
		},
		{
			"from": [-1, 1, -5],
			"to": [3, 3, -3],
			"faces": {
				"north": {"uv": [0, 0, 4, 2], "texture": "#5"},
				"east": {"uv": [0, 0, 2, 2], "texture": "#5"},
				"south": {"uv": [0, 0, 4, 2], "texture": "#5"},
				"west": {"uv": [0, 0, 2, 2], "texture": "#5"},
				"up": {"uv": [0, 0, 4, 2], "texture": "#5"},
				"down": {"uv": [0, 0, 4, 2], "texture": "#5"}
			}
		},
		{
			"from": [-1, 1, 19],
			"to": [3, 3, 21],
			"faces": {
				"north": {"uv": [0, 0, 4, 2], "texture": "#5"},
				"east": {"uv": [0, 0, 2, 2], "texture": "#5"},
				"south": {"uv": [0, 0, 4, 2], "texture": "#5"},
				"west": {"uv": [0, 0, 2, 2], "texture": "#5"},
				"up": {"uv": [0, 0, 4, 2], "texture": "#5"},
				"down": {"uv": [0, 0, 4, 2], "texture": "#5"}
			}
		},
		{
			"from": [-5, 1, -1],
			"to": [-3, 3, 3],
			"faces": {
				"north": {"uv": [0, 0, 2, 2], "texture": "#5"},
				"east": {"uv": [0, 0, 4, 2], "texture": "#5"},
				"south": {"uv": [0, 0, 2, 2], "texture": "#5"},
				"west": {"uv": [0, 0, 4, 2], "texture": "#5"},
				"up": {"uv": [0, 0, 2, 4], "texture": "#5"},
				"down": {"uv": [0, 0, 2, 4], "texture": "#5"}
			}
		},
		{
			"from": [19, 1, -1],
			"to": [21, 3, 3],
			"faces": {
				"north": {"uv": [0, 0, 2, 2], "texture": "#5"},
				"east": {"uv": [0, 0, 4, 2], "texture": "#5"},
				"south": {"uv": [0, 0, 2, 2], "texture": "#5"},
				"west": {"uv": [0, 0, 4, 2], "texture": "#5"},
				"up": {"uv": [0, 0, 2, 4], "texture": "#5"},
				"down": {"uv": [0, 0, 2, 4], "texture": "#5"}
			}
		},
		{
			"from": [18, 1, 17.1],
			"to": [20, 3, 19.1],
			"faces": {
				"north": {"uv": [0, 0, 2, 2], "texture": "#5"},
				"east": {"uv": [0, 0, 2, 2], "texture": "#5"},
				"south": {"uv": [0, 0, 2, 2], "texture": "#5"},
				"west": {"uv": [0, 0, 2, 2], "texture": "#5"},
				"up": {"uv": [0, 0, 2, 2], "texture": "#5"},
				"down": {"uv": [0, 0, 2, 2], "texture": "#5"}
			}
		},
		{
			"from": [17, 1, 18.1],
			"to": [19, 3, 20.1],
			"faces": {
				"north": {"uv": [0, 0, 2, 2], "texture": "#5"},
				"east": {"uv": [0, 0, 2, 2], "texture": "#5"},
				"south": {"uv": [0, 0, 2, 2], "texture": "#5"},
				"west": {"uv": [0, 0, 2, 2], "texture": "#5"},
				"up": {"uv": [0, 0, 2, 2], "texture": "#5"},
				"down": {"uv": [0, 0, 2, 2], "texture": "#5"}
			}
		},
		{
			"from": [18, 1, -3],
			"to": [20, 3, -1],
			"faces": {
				"north": {"uv": [0, 0, 2, 2], "texture": "#5"},
				"east": {"uv": [0, 0, 2, 2], "texture": "#5"},
				"south": {"uv": [0, 0, 2, 2], "texture": "#5"},
				"west": {"uv": [0, 0, 2, 2], "texture": "#5"},
				"up": {"uv": [0, 0, 2, 2], "texture": "#5"},
				"down": {"uv": [0, 0, 2, 2], "texture": "#5"}
			}
		},
		{
			"from": [17, 1, -4],
			"to": [19, 3, -2],
			"faces": {
				"north": {"uv": [0, 0, 2, 2], "texture": "#5"},
				"east": {"uv": [0, 0, 2, 2], "texture": "#5"},
				"south": {"uv": [0, 0, 2, 2], "texture": "#5"},
				"west": {"uv": [0, 0, 2, 2], "texture": "#5"},
				"up": {"uv": [0, 0, 2, 2], "texture": "#5"},
				"down": {"uv": [0, 0, 2, 2], "texture": "#5"}
			}
		},
		{
			"from": [-4, 1, -3],
			"to": [-2, 3, -1],
			"faces": {
				"north": {"uv": [0, 0, 2, 2], "texture": "#5"},
				"east": {"uv": [0, 0, 2, 2], "texture": "#5"},
				"south": {"uv": [0, 0, 2, 2], "texture": "#5"},
				"west": {"uv": [0, 0, 2, 2], "texture": "#5"},
				"up": {"uv": [0, 0, 2, 2], "texture": "#5"},
				"down": {"uv": [0, 0, 2, 2], "texture": "#5"}
			}
		},
		{
			"from": [-3, 1, -4],
			"to": [-1, 3, -2],
			"faces": {
				"north": {"uv": [0, 0, 2, 2], "texture": "#5"},
				"east": {"uv": [0, 0, 2, 2], "texture": "#5"},
				"south": {"uv": [0, 0, 2, 2], "texture": "#5"},
				"west": {"uv": [0, 0, 2, 2], "texture": "#5"},
				"up": {"uv": [0, 0, 2, 2], "texture": "#5"},
				"down": {"uv": [0, 0, 2, 2], "texture": "#5"}
			}
		},
		{
			"from": [-4, 1, 17],
			"to": [-2, 3, 19],
			"faces": {
				"north": {"uv": [0, 0, 2, 2], "texture": "#5"},
				"east": {"uv": [0, 0, 2, 2], "texture": "#5"},
				"south": {"uv": [0, 0, 2, 2], "texture": "#5"},
				"west": {"uv": [0, 0, 2, 2], "texture": "#5"},
				"up": {"uv": [0, 0, 2, 2], "texture": "#5"},
				"down": {"uv": [0, 0, 2, 2], "texture": "#5"}
			}
		},
		{
			"from": [-3, 1, 18],
			"to": [-1, 3, 20],
			"faces": {
				"north": {"uv": [0, 0, 2, 2], "texture": "#5"},
				"east": {"uv": [0, 0, 2, 2], "texture": "#5"},
				"south": {"uv": [0, 0, 2, 2], "texture": "#5"},
				"west": {"uv": [0, 0, 2, 2], "texture": "#5"},
				"up": {"uv": [0, 0, 2, 2], "texture": "#5"},
				"down": {"uv": [0, 0, 2, 2], "texture": "#5"}
			}
		},
		{
			"from": [4, 7, 6],
			"to": [12, 10, 10],
			"faces": {
				"north": {"uv": [4, 6, 12, 9], "texture": "#3"},
				"east": {"uv": [6, 6, 10, 9], "texture": "#3"},
				"south": {"uv": [4, 6, 12, 9], "texture": "#3"},
				"west": {"uv": [6, 6, 10, 9], "texture": "#3"},
				"up": {"uv": [4, 6, 12, 10], "texture": "#3"},
				"down": {"uv": [4, 6, 12, 10], "texture": "#3"}
			}
		},
		{
			"from": [6, 7, 4],
			"to": [10, 10, 12],
			"faces": {
				"north": {"uv": [6, 6, 10, 9], "texture": "#3"},
				"east": {"uv": [4, 6, 12, 9], "texture": "#3"},
				"south": {"uv": [6, 6, 10, 9], "texture": "#3"},
				"west": {"uv": [4, 6, 12, 9], "texture": "#3"},
				"up": {"uv": [6, 4, 10, 12], "texture": "#3"},
				"down": {"uv": [6, 4, 10, 12], "texture": "#3"}
			}
		},
		{
			"from": [3, 1, 20],
			"to": [13, 2, 21],
			"faces": {
				"north": {"uv": [0, 0, 10, 1], "texture": "#5"},
				"east": {"uv": [0, 0, 1, 1], "texture": "#5"},
				"south": {"uv": [0, 0, 10, 1], "texture": "#5"},
				"west": {"uv": [0, 0, 1, 1], "texture": "#5"},
				"up": {"uv": [0, 0, 10, 1], "texture": "#5"},
				"down": {"uv": [0, 0, 10, 1], "texture": "#5"}
			}
		},
		{
			"from": [3, 1, -5],
			"to": [13, 2, -4],
			"faces": {
				"north": {"uv": [0, 0, 10, 1], "texture": "#5"},
				"east": {"uv": [0, 0, 1, 1], "texture": "#5"},
				"south": {"uv": [0, 0, 10, 1], "texture": "#5"},
				"west": {"uv": [0, 0, 1, 1], "texture": "#5"},
				"up": {"uv": [0, 0, 10, 1], "texture": "#5"},
				"down": {"uv": [0, 0, 10, 1], "texture": "#5"}
			}
		},
		{
			"from": [-5, 1, 3],
			"to": [-4, 2, 13],
			"faces": {
				"north": {"uv": [0, 0, 1, 1], "texture": "#5"},
				"east": {"uv": [0, 0, 10, 1], "texture": "#5"},
				"south": {"uv": [0, 0, 1, 1], "texture": "#5"},
				"west": {"uv": [0, 0, 10, 1], "texture": "#5"},
				"up": {"uv": [0, 0, 1, 10], "texture": "#5"},
				"down": {"uv": [0, 0, 1, 10], "texture": "#5"}
			}
		},
		{
			"from": [20, 1, 3],
			"to": [21, 2, 13],
			"faces": {
				"north": {"uv": [0, 0, 1, 1], "texture": "#5"},
				"east": {"uv": [0, 0, 10, 1], "texture": "#5"},
				"south": {"uv": [0, 0, 1, 1], "texture": "#5"},
				"west": {"uv": [0, 0, 10, 1], "texture": "#5"},
				"up": {"uv": [0, 0, 1, 10], "texture": "#5"},
				"down": {"uv": [0, 0, 1, 10], "texture": "#5"}
			}
		},
		{
			"from": [6, 8, 6],
			"to": [10, 11, 10],
			"faces": {
				"north": {"uv": [6, 5, 10, 8], "texture": "#3"},
				"east": {"uv": [6, 5, 10, 8], "texture": "#3"},
				"south": {"uv": [6, 5, 10, 8], "texture": "#3"},
				"west": {"uv": [6, 5, 10, 8], "texture": "#3"},
				"up": {"uv": [6, 6, 10, 10], "texture": "#3"},
				"down": {"uv": [6, 6, 10, 10], "texture": "#3"}
			}
		}
	],
	"display": {
		"thirdperson_righthand": {
			"rotation": [-10, 128, 15],
			"translation": [0, 2.5, -1.5],
			"scale": [0.31, 0.3, 0.32]
		},
		"thirdperson_lefthand": {
			"rotation": [-10, 128, 15],
			"translation": [0, 2.5, -1.5],
			"scale": [0.31, 0.3, 0.32]
		},
		"firstperson_righthand": {
			"rotation": [-10, 128, 15],
			"translation": [3.5, 1.5, -3.5],
			"scale": [0.47, 0.46, 0.45]
		},
		"firstperson_lefthand": {
			"rotation": [-10, 128, 15],
			"translation": [3.5, 1.5, -3.5],
			"scale": [0.47, 0.46, 0.45]
		},
		"ground": {
			"scale": [0.47, 0.46, 0.45]
		},
		"gui": {
			"rotation": [45, 133, 0],
			"translation": [0, 1.5, 0],
			"scale": [0.52, 0.52, 0.52]
		},
		"head": {
			"translation": [0, 12.5, 0]
		},
		"fixed": {
			"rotation": [-90, 0, 0],
			"translation": [0, 0, -8.5]
		}
	},
	"groups": [
		{
			"name": "group",
			"children": [0, 1, 2, 3, 4, 5, 6, 7, 8, 9, 10, 11]
		},
		{
			"name": "group",
			"children": [12, 13, 14, 15, 16, 17, 18, 19, 20, 21, 22, 23, 24, 25, 26, 27, 28, 29, 30, 31, 32, 33, 34, 35, 36, 37, 38, 39, 40, 41, 42, 43]
		}
	]
}