{
	"credit": "Made by MrVECKER (vk.com/vecker)",
	"textures": {
		"0": "cup/gold_block",
		"1": "cup/brown_terracotta",
		"particle": "cup/gold_block"
	},
	"elements": [
		{
			"from": [6, -0.1, 7],
			"to": [10, 2.1, 10],
			"faces": {
				"north": {"uv": [0, 0, 4, 2.2], "texture": "#1"},
				"east": {"uv": [0, 0, 4, 2.2], "texture": "#1"},
				"south": {"uv": [0, 0, 4, 2.2], "texture": "#1"},
				"west": {"uv": [0, 0, 4, 2.2], "texture": "#1"},
				"up": {"uv": [0, 0, 4, 2.2], "texture": "#1"},
				"down": {"uv": [0, 0, 4, 2.2], "texture": "#1"}
			}
		},
		{
			"from": [5.9, 0.1, 6.9],
			"to": [10.1, 0.5, 10.1],
			"faces": {
				"north": {"uv": [0, 0, 4, 2.2], "texture": "#1"},
				"east": {"uv": [0, 0, 4, 2.2], "texture": "#1"},
				"south": {"uv": [0, 0, 4, 2.2], "texture": "#1"},
				"west": {"uv": [0, 0, 4, 2.2], "texture": "#1"},
				"up": {"uv": [0, 0, 4, 2.2], "texture": "#1"},
				"down": {"uv": [0, 0, 4, 2.2], "texture": "#1"}
			}
		},
		{
			"from": [5.8, -0.1, 6.8],
			"to": [10.2, 0.1, 10.2],
			"faces": {
				"north": {"uv": [0, 0, 4, 2.2], "texture": "#1"},
				"east": {"uv": [0, 0, 4, 2.2], "texture": "#1"},
				"south": {"uv": [0, 0, 4, 2.2], "texture": "#1"},
				"west": {"uv": [0, 0, 4, 2.2], "texture": "#1"},
				"up": {"uv": [0, 0, 4, 2.2], "texture": "#1"},
				"down": {"uv": [0, 0, 4, 2.2], "texture": "#1"}
			}
		},
		{
			"from": [6.7, 2.1, 7.6],
			"to": [9.1, 2.4, 9.4],
			"faces": {
				"north": {"uv": [6.9, 13.6, 9.3, 13.9], "texture": "#0"},
				"east": {"uv": [6.6, 13.6, 8.4, 13.9], "texture": "#0"},
				"south": {"uv": [6.7, 13.6, 9.1, 13.9], "texture": "#0"},
				"west": {"uv": [7.6, 13.6, 9.4, 13.9], "texture": "#0"},
				"up": {"uv": [6.7, 7.6, 9.1, 9.4], "texture": "#0"},
				"down": {"uv": [6.7, 6.6, 9.1, 8.4], "texture": "#0"}
			}
		},
		{
			"from": [7, 2.1, 7.3],
			"to": [8.8, 2.4, 9.7],
			"faces": {
				"north": {"uv": [7.2, 13.6, 9, 13.9], "texture": "#0"},
				"east": {"uv": [6.3, 13.6, 8.7, 13.9], "texture": "#0"},
				"south": {"uv": [7, 13.6, 8.8, 13.9], "texture": "#0"},
				"west": {"uv": [7.3, 13.6, 9.7, 13.9], "texture": "#0"},
				"up": {"uv": [7, 7.3, 8.8, 9.7], "texture": "#0"},
				"down": {"uv": [7, 6.3, 8.8, 8.7], "texture": "#0"}
			}
		},
		{
			"from": [7, 2.4, 7.6],
			"to": [8.8, 2.7, 9.4],
			"faces": {
				"north": {"uv": [7.2, 13.3, 9, 13.6], "texture": "#0"},
				"east": {"uv": [6.6, 13.3, 8.4, 13.6], "texture": "#0"},
				"south": {"uv": [7, 13.3, 8.8, 13.6], "texture": "#0"},
				"west": {"uv": [7.6, 13.3, 9.4, 13.6], "texture": "#0"},
				"up": {"uv": [7, 7.6, 8.8, 9.4], "texture": "#0"},
				"down": {"uv": [7, 6.6, 8.8, 8.4], "texture": "#0"}
			}
		},
		{
			"from": [7, 2.7, 7.8],
			"to": [8.8, 3.2, 9.2],
			"faces": {
				"north": {"uv": [7.2, 12.8, 9, 13.3], "texture": "#0"},
				"east": {"uv": [6.8, 12.8, 8.2, 13.3], "texture": "#0"},
				"south": {"uv": [7, 12.8, 8.8, 13.3], "texture": "#0"},
				"west": {"uv": [7.8, 12.8, 9.2, 13.3], "texture": "#0"},
				"up": {"uv": [7, 7.8, 8.8, 9.2], "texture": "#0"},
				"down": {"uv": [7, 6.8, 8.8, 8.2], "texture": "#0"}
			}
		},
		{
			"from": [7.2, 2.7, 7.6],
			"to": [8.6, 3.2, 9.4],
			"faces": {
				"north": {"uv": [7.4, 12.8, 8.8, 13.3], "texture": "#0"},
				"east": {"uv": [6.6, 12.8, 8.4, 13.3], "texture": "#0"},
				"south": {"uv": [7.2, 12.8, 8.6, 13.3], "texture": "#0"},
				"west": {"uv": [7.6, 12.8, 9.4, 13.3], "texture": "#0"},
				"up": {"uv": [7.2, 7.6, 8.6, 9.4], "texture": "#0"},
				"down": {"uv": [7.2, 6.6, 8.6, 8.4], "texture": "#0"}
			}
		},
		{
			"from": [7.3, 3.2, 7.9],
			"to": [8.5, 3.7, 9.1],
			"faces": {
				"north": {"uv": [7.5, 12.3, 8.7, 12.8], "texture": "#0"},
				"east": {"uv": [6.9, 12.3, 8.1, 12.8], "texture": "#0"},
				"south": {"uv": [7.3, 12.3, 8.5, 12.8], "texture": "#0"},
				"west": {"uv": [7.9, 12.3, 9.1, 12.8], "texture": "#0"},
				"up": {"uv": [7.3, 7.9, 8.5, 9.1], "texture": "#0"},
				"down": {"uv": [7.3, 6.9, 8.5, 8.1], "texture": "#0"}
			}
		},
		{
			"from": [7.3, 3.7, 8.1],
			"to": [8.5, 3.95, 8.9],
			"faces": {
				"north": {"uv": [7.5, 12.05, 8.7, 12.3], "texture": "#0"},
				"east": {"uv": [7.1, 12.05, 7.9, 12.3], "texture": "#0"},
				"south": {"uv": [7.3, 12.05, 8.5, 12.3], "texture": "#0"},
				"west": {"uv": [8.1, 12.05, 8.9, 12.3], "texture": "#0"},
				"up": {"uv": [7.3, 8.1, 8.5, 8.9], "texture": "#0"},
				"down": {"uv": [7.3, 7.1, 8.5, 7.9], "texture": "#0"}
			}
		},
		{
			"from": [7.5, 3.7, 7.9],
			"to": [8.3, 4.2, 9.1],
			"faces": {
				"north": {"uv": [7.7, 11.8, 8.5, 12.3], "texture": "#0"},
				"east": {"uv": [6.9, 11.8, 8.1, 12.3], "texture": "#0"},
				"south": {"uv": [7.5, 11.8, 8.3, 12.3], "texture": "#0"},
				"west": {"uv": [7.9, 11.8, 9.1, 12.3], "texture": "#0"},
				"up": {"uv": [7.5, 7.9, 8.3, 9.1], "texture": "#0"},
				"down": {"uv": [7.5, 6.9, 8.3, 8.1], "texture": "#0"}
			}
		},
		{
			"from": [7.1, 3.2, 8.1],
			"to": [7.3, 3.4, 8.9],
			"faces": {
				"north": {"uv": [8.7, 12.6, 8.9, 12.8], "texture": "#0"},
				"east": {"uv": [7.1, 12.6, 7.9, 12.8], "texture": "#0"},
				"south": {"uv": [7.1, 12.6, 7.3, 12.8], "texture": "#0"},
				"west": {"uv": [8.1, 12.6, 8.9, 12.8], "texture": "#0"},
				"up": {"uv": [7.1, 8.1, 7.3, 8.9], "texture": "#0"},
				"down": {"uv": [7.1, 7.1, 7.3, 7.9], "texture": "#0"}
			}
		},
		{
			"from": [7.5, 3.2, 7.7],
			"to": [8.3, 3.4, 7.9],
			"faces": {
				"north": {"uv": [7.7, 12.6, 8.5, 12.8], "texture": "#0"},
				"east": {"uv": [8.1, 12.6, 8.3, 12.8], "texture": "#0"},
				"south": {"uv": [7.5, 12.6, 8.3, 12.8], "texture": "#0"},
				"west": {"uv": [7.7, 12.6, 7.9, 12.8], "texture": "#0"},
				"up": {"uv": [7.5, 7.7, 8.3, 7.9], "texture": "#0"},
				"down": {"uv": [7.5, 8.1, 8.3, 8.3], "texture": "#0"}
			}
		},
		{
			"from": [7.5, 3.2, 9.1],
			"to": [8.3, 3.4, 9.3],
			"faces": {
				"north": {"uv": [7.7, 12.6, 8.5, 12.8], "texture": "#0"},
				"east": {"uv": [6.7, 12.6, 6.9, 12.8], "texture": "#0"},
				"south": {"uv": [7.5, 12.6, 8.3, 12.8], "texture": "#0"},
				"west": {"uv": [9.1, 12.6, 9.3, 12.8], "texture": "#0"},
				"up": {"uv": [7.5, 9.1, 8.3, 9.3], "texture": "#0"},
				"down": {"uv": [7.5, 6.7, 8.3, 6.9], "texture": "#0"}
			}
		},
		{
			"from": [8.5, 3.2, 8.1],
			"to": [8.7, 3.4, 8.9],
			"faces": {
				"north": {"uv": [7.3, 12.6, 7.5, 12.8], "texture": "#0"},
				"east": {"uv": [7.1, 12.6, 7.9, 12.8], "texture": "#0"},
				"south": {"uv": [8.5, 12.6, 8.7, 12.8], "texture": "#0"},
				"west": {"uv": [8.1, 12.6, 8.9, 12.8], "texture": "#0"},
				"up": {"uv": [8.5, 8.1, 8.7, 8.9], "texture": "#0"},
				"down": {"uv": [8.5, 7.1, 8.7, 7.9], "texture": "#0"}
			}
		},
		{
			"from": [7.6, 4.2, 8.2],
			"to": [8.2, 4.7, 8.8],
			"faces": {
				"north": {"uv": [7.8, 11.3, 8.4, 11.8], "texture": "#0"},
				"east": {"uv": [7.2, 11.3, 7.8, 11.8], "texture": "#0"},
				"south": {"uv": [7.6, 11.3, 8.2, 11.8], "texture": "#0"},
				"west": {"uv": [8.2, 11.3, 8.8, 11.8], "texture": "#0"},
				"up": {"uv": [15.5, 2, 16, 9.6], "texture": "#0"},
				"down": {"uv": [7.6, 7.2, 8.2, 7.8], "texture": "#0"}
			}
		},
		{
			"from": [7.3, 4.7, 7.9],
			"to": [8.5, 5, 8.2],
			"faces": {
				"north": {"uv": [7.5, 11, 8.7, 11.3], "texture": "#0"},
				"east": {"uv": [7.8, 11, 8.1, 11.3], "texture": "#0"},
				"south": {"uv": [14.999, 2.3, 15.999, 7.9], "texture": "#0"},
				"west": {"uv": [7.9, 11, 8.2, 11.3], "texture": "#0"},
				"up": {"uv": [15.5, 2, 16, 9.6], "texture": "#0"},
				"down": {"uv": [7.3, 7.8, 8.5, 8.1], "texture": "#0"}
			}
		},
		{
			"from": [7.6, 4.7, 8.8],
			"to": [8.5, 5, 9.1],
			"faces": {
				"north": {"uv": [15.5, 2, 16, 9.6], "texture": "#0"},
				"east": {"uv": [6.9, 11, 7.2, 11.3], "texture": "#0"},
				"south": {"uv": [7.6, 11, 8.5, 11.3], "texture": "#0"},
				"west": {"uv": [8.8, 11, 9.1, 11.3], "texture": "#0"},
				"up": {"uv": [15.5, 2, 16, 9.6], "texture": "#0"},
				"down": {"uv": [7.6, 6.9, 8.5, 7.2], "texture": "#0"}
			}
		},
		{
			"from": [7.3, 4.7, 8.2],
			"to": [7.6, 5, 9.1],
			"faces": {
				"north": {"uv": [8.4, 11, 8.7, 11.3], "texture": "#0"},
				"east": {"uv": [15.5, 2, 16, 9.6], "texture": "#0"},
				"south": {"uv": [7.3, 11, 7.6, 11.3], "texture": "#0"},
				"west": {"uv": [8.2, 11, 9.1, 11.3], "texture": "#0"},
				"up": {"uv": [15.5, 2, 16, 9.6], "texture": "#0"},
				"down": {"uv": [7.3, 6.9, 7.6, 7.8], "texture": "#0"}
			}
		},
		{
			"from": [8.2, 4.7, 8.2],
			"to": [8.5, 5, 8.8],
			"faces": {
				"north": {"uv": [15.5, 2, 16, 9.6], "texture": "#0"},
				"east": {"uv": [7.2, 11, 7.8, 11.3], "texture": "#0"},
				"south": {"uv": [8.2, 11, 8.5, 11.3], "texture": "#0"},
				"west": {"uv": [14.999, 2.3, 15.999, 7.9], "texture": "#0"},
				"up": {"uv": [15.5, 2, 16, 9.6], "texture": "#0"},
				"down": {"uv": [8.2, 7.2, 8.5, 7.8], "texture": "#0"}
			}
		},
		{
			"from": [7.3, 5, 7.6],
			"to": [8.5, 5.3, 7.9],
			"faces": {
				"north": {"uv": [7.5, 10.7, 8.7, 11], "texture": "#0"},
				"east": {"uv": [8.1, 10.7, 8.4, 11], "texture": "#0"},
				"south": {"uv": [14.999, 2.3, 15.999, 7.9], "texture": "#0"},
				"west": {"uv": [7.6, 10.7, 7.9, 11], "texture": "#0"},
				"up": {"uv": [15.5, 2, 16, 9.6], "texture": "#0"},
				"down": {"uv": [7.3, 8.1, 8.5, 8.4], "texture": "#0"}
			}
		},
		{
			"from": [8.5, 5, 7.6],
			"to": [8.8, 5.3, 9.4],
			"faces": {
				"north": {"uv": [7.2, 10.7, 7.5, 11], "texture": "#0"},
				"east": {"uv": [6.6, 10.7, 8.4, 11], "texture": "#0"},
				"south": {"uv": [8.5, 10.7, 8.8, 11], "texture": "#0"},
				"west": {"uv": [14.999, 2.3, 15.999, 7.9], "texture": "#0"},
				"up": {"uv": [15.5, 2, 16, 9.6], "texture": "#0"},
				"down": {"uv": [8.5, 6.6, 8.8, 8.4], "texture": "#0"}
			}
		},
		{
			"from": [7, 5, 7.6],
			"to": [7.3, 5.3, 9.4],
			"faces": {
				"north": {"uv": [8.7, 10.7, 9, 11], "texture": "#0"},
				"east": {"uv": [14.999, 2.3, 15.999, 7.9], "texture": "#0"},
				"south": {"uv": [7, 10.7, 7.3, 11], "texture": "#0"},
				"west": {"uv": [7.6, 10.7, 9.4, 11], "texture": "#0"},
				"up": {"uv": [15.5, 2, 16, 9.6], "texture": "#0"},
				"down": {"uv": [7, 6.6, 7.3, 8.4], "texture": "#0"}
			}
		},
		{
			"from": [7.3, 5, 9.1],
			"to": [8.5, 5.3, 9.4],
			"faces": {
				"north": {"uv": [14.999, 2.3, 15.999, 7.9], "texture": "#0"},
				"east": {"uv": [6.6, 10.7, 6.9, 11], "texture": "#0"},
				"south": {"uv": [7.3, 10.7, 8.5, 11], "texture": "#0"},
				"west": {"uv": [9.1, 10.7, 9.4, 11], "texture": "#0"},
				"up": {"uv": [15.5, 2, 16, 9.6], "texture": "#0"},
				"down": {"uv": [7.3, 6.6, 8.5, 6.9], "texture": "#0"}
			}
		},
		{
			"from": [7, 5.3, 7.3],
			"to": [8.8, 5.9, 7.6],
			"faces": {
				"north": {"uv": [7.2, 10.1, 9, 10.7], "texture": "#0"},
				"east": {"uv": [8.4, 10.1, 8.7, 10.7], "texture": "#0"},
				"south": {"uv": [15.5, 2, 16, 9.6], "texture": "#0"},
				"west": {"uv": [7.3, 10.1, 7.6, 10.7], "texture": "#0"},
				"up": {"uv": [15.5, 2, 16, 9.6], "texture": "#0"},
				"down": {"uv": [7, 8.4, 8.8, 8.7], "texture": "#0"}
			}
		},
		{
			"from": [7, 5.3, 9.4],
			"to": [8.8, 5.9, 9.7],
			"faces": {
				"north": {"uv": [15.5, 2, 16, 9.6], "texture": "#0"},
				"east": {"uv": [6.3, 10.1, 6.6, 10.7], "texture": "#0"},
				"south": {"uv": [7, 10.1, 8.8, 10.7], "texture": "#0"},
				"west": {"uv": [9.4, 10.1, 9.7, 10.7], "texture": "#0"},
				"up": {"uv": [15.5, 2, 16, 9.6], "texture": "#0"},
				"down": {"uv": [7, 6.3, 8.8, 6.6], "texture": "#0"}
			}
		},
		{
			"from": [8.8, 5.3, 7.6],
			"to": [9.1, 5.9, 9.4],
			"faces": {
				"north": {"uv": [6.9, 10.1, 7.2, 10.7], "texture": "#0"},
				"east": {"uv": [6.6, 10.1, 8.4, 10.7], "texture": "#0"},
				"south": {"uv": [8.8, 10.1, 9.1, 10.7], "texture": "#0"},
				"west": {"uv": [14.999, 2.3, 15.999, 7.9], "texture": "#0"},
				"up": {"uv": [15.5, 2, 16, 9.6], "texture": "#0"},
				"down": {"uv": [8.8, 6.6, 9.1, 8.4], "texture": "#0"}
			}
		},
		{
			"from": [6.7, 5.3, 7.6],
			"to": [7, 5.9, 9.4],
			"faces": {
				"north": {"uv": [9, 10.1, 9.3, 10.7], "texture": "#0"},
				"east": {"uv": [15.5, 2, 16, 9.6], "texture": "#0"},
				"south": {"uv": [6.7, 10.1, 7, 10.7], "texture": "#0"},
				"west": {"uv": [7.6, 10.1, 9.4, 10.7], "texture": "#0"},
				"up": {"uv": [15.5, 2, 16, 9.6], "texture": "#0"},
				"down": {"uv": [6.7, 6.6, 7, 8.4], "texture": "#0"}
			}
		},
		{
			"from": [6.4, 5.9, 7.6],
			"to": [6.7, 7.1, 9.4],
			"faces": {
				"north": {"uv": [9.3, 8.9, 9.6, 10.1], "texture": "#0"},
				"east": {"uv": [15.5, 2, 16, 9.6], "texture": "#0"},
				"south": {"uv": [6.4, 8.9, 6.7, 10.1], "texture": "#0"},
				"west": {"uv": [7.6, 8.9, 9.4, 10.1], "texture": "#0"},
				"up": {"uv": [15.5, 2, 16, 9.6], "texture": "#0"},
				"down": {"uv": [6.4, 6.6, 6.7, 8.4], "texture": "#0"}
			}
		},
		{
			"from": [9.1, 5.9, 7.6],
			"to": [9.4, 7.1, 9.4],
			"faces": {
				"north": {"uv": [6.6, 8.9, 6.9, 10.1], "texture": "#0"},
				"east": {"uv": [6.6, 8.9, 8.4, 10.1], "texture": "#0"},
				"south": {"uv": [9.1, 8.9, 9.4, 10.1], "texture": "#0"},
				"west": {"uv": [15.5, 2, 16, 9.6], "texture": "#0"},
				"up": {"uv": [15.5, 2, 16, 9.6], "texture": "#0"},
				"down": {"uv": [9.1, 6.6, 9.4, 8.4], "texture": "#0"}
			}
		},
		{
			"from": [7, 5.9, 7],
			"to": [8.8, 7.1, 7.3],
			"faces": {
				"north": {"uv": [7.2, 8.9, 9, 10.1], "texture": "#0"},
				"east": {"uv": [8.7, 8.9, 9, 10.1], "texture": "#0"},
				"south": {"uv": [15.5, 2, 16, 9.6], "texture": "#0"},
				"west": {"uv": [7, 8.9, 7.3, 10.1], "texture": "#0"},
				"up": {"uv": [15.5, 2, 16, 9.6], "texture": "#0"},
				"down": {"uv": [7, 8.7, 8.8, 9], "texture": "#0"}
			}
		},
		{
			"from": [7, 5.9, 9.7],
			"to": [8.8, 7.1, 10],
			"faces": {
				"north": {"uv": [15.5, 2, 16, 9.6], "texture": "#0"},
				"east": {"uv": [6, 8.9, 6.3, 10.1], "texture": "#0"},
				"south": {"uv": [7, 8.9, 8.8, 10.1], "texture": "#0"},
				"west": {"uv": [9.7, 8.9, 10, 10.1], "texture": "#0"},
				"up": {"uv": [15.5, 2, 16, 9.6], "texture": "#0"},
				"down": {"uv": [7, 6, 8.8, 6.3], "texture": "#0"}
			}
		},
		{
			"from": [7, 5.9, 9.7],
			"to": [8.8, 7.1, 10],
			"faces": {
				"north": {"uv": [14.999, 2.3, 15.999, 7.9], "texture": "#0"},
				"east": {"uv": [6, 8.9, 6.3, 10.1], "texture": "#0"},
				"south": {"uv": [7, 8.9, 8.8, 10.1], "texture": "#0"},
				"west": {"uv": [9.7, 8.9, 10, 10.1], "texture": "#0"},
				"up": {"uv": [14.999, 2.3, 15.999, 7.9], "texture": "#0"},
				"down": {"uv": [7, 6, 8.8, 6.3], "texture": "#0"}
			}
		},
		{
			"from": [7, 7.1, 10],
			"to": [8.8, 8.7, 10.3],
			"faces": {
				"north": {"uv": [15.5, 2, 16, 9.6], "texture": "#0"},
				"east": {"uv": [5.7, 7.3, 6, 8.9], "texture": "#0"},
				"south": {"uv": [7, 7.3, 8.8, 8.9], "texture": "#0"},
				"west": {"uv": [10, 7.3, 10.3, 8.9], "texture": "#0"},
				"up": {"uv": [10, 5, 10.3, 6.8], "texture": "#0"},
				"down": {"uv": [7, 5.7, 8.8, 6], "texture": "#0"}
			}
		},
		{
			"from": [7, 7.1, 6.7],
			"to": [8.8, 8.7, 7],
			"faces": {
				"north": {"uv": [7.2, 7.3, 9, 8.9], "texture": "#0"},
				"east": {"uv": [9, 7.3, 9.3, 8.9], "texture": "#0"},
				"south": {"uv": [15.5, 2, 16, 9.6], "texture": "#0"},
				"west": {"uv": [6.7, 7.3, 7, 8.9], "texture": "#0"},
				"up": {"uv": [7, 6.7, 8.8, 7], "texture": "#0"},
				"down": {"uv": [7, 9, 8.8, 9.3], "texture": "#0"}
			}
		},
		{
			"from": [9.4, 7.1, 7.6],
			"to": [9.7, 8.7, 9.4],
			"faces": {
				"north": {"uv": [6.3, 7.3, 6.6, 8.9], "texture": "#0"},
				"east": {"uv": [6.6, 7.3, 8.4, 8.9], "texture": "#0"},
				"south": {"uv": [9.4, 7.3, 9.7, 8.9], "texture": "#0"},
				"west": {"uv": [15.5, 2, 16, 9.6], "texture": "#0"},
				"up": {"uv": [9.4, 7.6, 9.7, 9.4], "texture": "#0"},
				"down": {"uv": [9.4, 6.6, 9.7, 8.4], "texture": "#0"}
			}
		},
		{
			"from": [6.1, 7.1, 7.6],
			"to": [6.4, 8.7, 9.4],
			"faces": {
				"north": {"uv": [9.6, 7.3, 9.9, 8.9], "texture": "#0"},
				"east": {"uv": [15.5, 2, 16, 9.6], "texture": "#0"},
				"south": {"uv": [6.1, 7.3, 6.4, 8.9], "texture": "#0"},
				"west": {"uv": [7.6, 7.3, 9.4, 8.9], "texture": "#0"},
				"up": {"uv": [6.1, 7.6, 6.4, 9.4], "texture": "#0"},
				"down": {"uv": [6.1, 6.6, 6.4, 8.4], "texture": "#0"}
			}
		},
		{
			"from": [8.8, 5.9, 9.4],
			"to": [9.1, 7.1, 9.7],
			"faces": {
				"north": {"uv": [15.5, 2, 16, 9.6], "texture": "#0"},
				"east": {"uv": [6.3, 8.9, 6.6, 10.1], "texture": "#0"},
				"south": {"uv": [8.8, 8.9, 9.1, 10.1], "texture": "#0"},
				"west": {"uv": [15.5, 2, 16, 9.6], "texture": "#0"},
				"up": {"uv": [14.999, 2.3, 15.999, 7.9], "texture": "#0"},
				"down": {"uv": [8.8, 6.3, 9.1, 6.6], "texture": "#0"}
			}
		},
		{
			"from": [6.7, 5.9, 9.4],
			"to": [7, 7.1, 9.7],
			"faces": {
				"north": {"uv": [15.5, 2, 16, 9.6], "texture": "#0"},
				"east": {"uv": [15.5, 2, 16, 9.6], "texture": "#0"},
				"south": {"uv": [6.7, 8.9, 7, 10.1], "texture": "#0"},
				"west": {"uv": [9.4, 8.9, 9.7, 10.1], "texture": "#0"},
				"up": {"uv": [15.5, 2, 16, 9.6], "texture": "#0"},
				"down": {"uv": [6.7, 6.3, 7, 6.6], "texture": "#0"}
			}
		},
		{
			"from": [8.8, 5.9, 7.3],
			"to": [9.1, 7.1, 7.6],
			"faces": {
				"north": {"uv": [6.9, 8.9, 7.2, 10.1], "texture": "#0"},
				"east": {"uv": [8.4, 8.9, 8.7, 10.1], "texture": "#0"},
				"south": {"uv": [15.5, 2, 16, 9.6], "texture": "#0"},
				"west": {"uv": [15.5, 2, 16, 9.6], "texture": "#0"},
				"up": {"uv": [15.5, 2, 16, 9.6], "texture": "#0"},
				"down": {"uv": [8.8, 8.4, 9.1, 8.7], "texture": "#0"}
			}
		},
		{
			"from": [6.7, 5.9, 7.3],
			"to": [7, 7.1, 7.6],
			"faces": {
				"north": {"uv": [9, 8.9, 9.3, 10.1], "texture": "#0"},
				"east": {"uv": [15.5, 2, 16, 9.6], "texture": "#0"},
				"south": {"uv": [15.5, 2, 16, 9.6], "texture": "#0"},
				"west": {"uv": [7.3, 8.9, 7.6, 10.1], "texture": "#0"},
				"up": {"uv": [15.5, 2, 16, 9.6], "texture": "#0"},
				"down": {"uv": [6.7, 8.4, 7, 8.7], "texture": "#0"}
			}
		},
		{
			"from": [6.4, 7.1, 7.3],
			"to": [6.7, 8.7, 7.6],
			"faces": {
				"north": {"uv": [9.3, 7.3, 9.6, 8.9], "texture": "#0"},
				"east": {"uv": [15.5, 2, 16, 9.6], "texture": "#0"},
				"south": {"uv": [15.5, 2, 16, 9.6], "texture": "#0"},
				"west": {"uv": [7.3, 7.3, 7.6, 8.9], "texture": "#0"},
				"up": {"uv": [6.4, 7.3, 6.7, 7.6], "texture": "#0"},
				"down": {"uv": [6.4, 8.4, 6.7, 8.7], "texture": "#0"}
			}
		},
		{
			"from": [6.7, 7.1, 7],
			"to": [7, 8.7, 7.3],
			"faces": {
				"north": {"uv": [9, 7.3, 9.3, 8.9], "texture": "#0"},
				"east": {"uv": [15.5, 2, 16, 9.6], "texture": "#0"},
				"south": {"uv": [15.5, 2, 16, 9.6], "texture": "#0"},
				"west": {"uv": [7, 7.3, 7.3, 8.9], "texture": "#0"},
				"up": {"uv": [6.7, 7, 7, 7.3], "texture": "#0"},
				"down": {"uv": [6.7, 8.7, 7, 9], "texture": "#0"}
			}
		},
		{
			"from": [8.8, 7.1, 9.7],
			"to": [9.1, 8.7, 10],
			"faces": {
				"north": {"uv": [14.999, 2.3, 15.999, 7.9], "texture": "#0"},
				"east": {"uv": [6, 7.3, 6.3, 8.9], "texture": "#0"},
				"south": {"uv": [8.8, 7.3, 9.1, 8.9], "texture": "#0"},
				"west": {"uv": [14.999, 2.3, 15.999, 7.9], "texture": "#0"},
				"up": {"uv": [8.8, 9.7, 9.1, 10], "texture": "#0"},
				"down": {"uv": [8.8, 6, 9.1, 6.3], "texture": "#0"}
			}
		},
		{
			"from": [9.1, 7.1, 9.4],
			"to": [9.4, 8.7, 9.7],
			"faces": {
				"north": {"uv": [14.999, 2.3, 15.999, 7.9], "texture": "#0"},
				"east": {"uv": [6.3, 7.3, 6.6, 8.9], "texture": "#0"},
				"south": {"uv": [9.1, 7.3, 9.4, 8.9], "texture": "#0"},
				"west": {"uv": [14.999, 2.3, 15.999, 7.9], "texture": "#0"},
				"up": {"uv": [9.1, 9.4, 9.4, 9.7], "texture": "#0"},
				"down": {"uv": [9.1, 6.3, 9.4, 6.6], "texture": "#0"}
			}
		},
		{
			"from": [9.1, 7.1, 7.3],
			"to": [9.4, 8.7, 7.6],
			"faces": {
				"north": {"uv": [6.6, 7.3, 6.9, 8.9], "texture": "#0"},
				"east": {"uv": [8.4, 7.3, 8.7, 8.9], "texture": "#0"},
				"south": {"uv": [15.5, 2, 16, 9.6], "texture": "#0"},
				"west": {"uv": [15.5, 2, 16, 9.6], "texture": "#0"},
				"up": {"uv": [9.1, 7.3, 9.4, 7.6], "texture": "#0"},
				"down": {"uv": [9.1, 8.4, 9.4, 8.7], "texture": "#0"}
			}
		},
		{
			"from": [8.8, 7.1, 7],
			"to": [9.1, 8.7, 7.3],
			"faces": {
				"north": {"uv": [6.9, 7.3, 7.2, 8.9], "texture": "#0"},
				"east": {"uv": [8.7, 7.3, 9, 8.9], "texture": "#0"},
				"south": {"uv": [15.5, 2, 16, 9.6], "texture": "#0"},
				"west": {"uv": [15.5, 2, 16, 9.6], "texture": "#0"},
				"up": {"uv": [8.8, 7, 9.1, 7.3], "texture": "#0"},
				"down": {"uv": [8.8, 8.7, 9.1, 9], "texture": "#0"}
			}
		},
		{
			"from": [6.7, 7.1, 9.7],
			"to": [7, 8.7, 10],
			"faces": {
				"north": {"uv": [15.5, 2, 16, 9.6], "texture": "#0"},
				"east": {"uv": [15.5, 2, 16, 9.6], "texture": "#0"},
				"south": {"uv": [6.4, 7.3, 6.7, 8.9], "texture": "#0"},
				"west": {"uv": [6.4, 7.3, 6.7, 8.9], "texture": "#0"},
				"up": {"uv": [10, 5, 10.3, 6.8], "texture": "#0"},
				"down": {"uv": [6.4, 6.3, 6.7, 6.6], "texture": "#0"}
			}
		},
		{
			"from": [6.4, 7.1, 9.4],
			"to": [6.7, 8.7, 9.7],
			"faces": {
				"north": {"uv": [15.5, 2, 16, 9.6], "texture": "#0"},
				"east": {"uv": [15.5, 2, 16, 9.6], "texture": "#0"},
				"south": {"uv": [6.4, 7.3, 6.7, 8.9], "texture": "#0"},
				"west": {"uv": [9.4, 7.3, 9.7, 8.9], "texture": "#0"},
				"up": {"uv": [6.4, 9.4, 6.7, 9.7], "texture": "#0"},
				"down": {"uv": [6.4, 6.3, 6.7, 6.6], "texture": "#0"}
			}
		},
		{
			"from": [9.6, 5.5, 8.3],
			"to": [10.1, 5.9, 8.6],
			"faces": {
				"north": {"uv": [5.9, 10.1, 6.4, 10.5], "texture": "#0"},
				"east": {"uv": [7.4, 10.1, 7.7, 10.5], "texture": "#0"},
				"south": {"uv": [9.6, 10.1, 10.1, 10.5], "texture": "#0"},
				"west": {"uv": [8.3, 10.1, 8.6, 10.5], "texture": "#0"},
				"up": {"uv": [9.6, 8.3, 10.1, 8.6], "texture": "#0"},
				"down": {"uv": [9.6, 7.4, 10.1, 7.7], "texture": "#0"}
			}
		},
		{
			"from": [9.1, 5.3, 8.3],
			"to": [9.6, 5.7, 8.6],
			"faces": {
				"north": {"uv": [6.4, 10.3, 6.9, 10.7], "texture": "#0"},
				"east": {"uv": [7.4, 10.3, 7.7, 10.7], "texture": "#0"},
				"south": {"uv": [9.1, 10.3, 9.6, 10.7], "texture": "#0"},
				"west": {"uv": [8.3, 10.3, 8.6, 10.7], "texture": "#0"},
				"up": {"uv": [9.1, 8.3, 9.6, 8.6], "texture": "#0"},
				"down": {"uv": [9.1, 7.4, 9.6, 7.7], "texture": "#0"}
			}
		},
		{
			"from": [10.1, 5.9, 8.3],
			"to": [10.5, 6.5, 8.6],
			"faces": {
				"north": {"uv": [5.5, 9.5, 5.9, 10.1], "texture": "#0"},
				"east": {"uv": [7.4, 9.5, 7.7, 10.1], "texture": "#0"},
				"south": {"uv": [10.1, 9.5, 10.5, 10.1], "texture": "#0"},
				"west": {"uv": [8.3, 9.5, 8.6, 10.1], "texture": "#0"},
				"up": {"uv": [10.1, 8.3, 10.5, 8.6], "texture": "#0"},
				"down": {"uv": [10.1, 7.4, 10.5, 7.7], "texture": "#0"}
			}
		},
		{
			"from": [10.5, 6.1, 8.3],
			"to": [10.7, 7.9, 8.6],
			"faces": {
				"north": {"uv": [5.3, 8.1, 5.5, 9.9], "texture": "#0"},
				"east": {"uv": [7.4, 8.1, 7.7, 9.9], "texture": "#0"},
				"south": {"uv": [10.5, 8.1, 10.7, 9.9], "texture": "#0"},
				"west": {"uv": [8.3, 8.1, 8.6, 9.9], "texture": "#0"},
				"up": {"uv": [10.5, 8.3, 10.7, 8.6], "texture": "#0"},
				"down": {"uv": [10.5, 7.4, 10.7, 7.7], "texture": "#0"}
			}
		},
		{
			"from": [10.3, 7.9, 8.3],
			"to": [10.7, 8.3, 8.6],
			"faces": {
				"north": {"uv": [5.3, 7.7, 5.7, 8.1], "texture": "#0"},
				"east": {"uv": [7.4, 7.7, 7.7, 8.1], "texture": "#0"},
				"south": {"uv": [10.3, 7.7, 10.7, 8.1], "texture": "#0"},
				"west": {"uv": [8.3, 7.7, 8.6, 8.1], "texture": "#0"},
				"up": {"uv": [10.3, 8.3, 10.7, 8.6], "texture": "#0"},
				"down": {"uv": [10.3, 7.4, 10.7, 7.7], "texture": "#0"}
			}
		},
		{
			"from": [10.3, 7.5, 8.3],
			"to": [10.5, 7.9, 8.6],
			"faces": {
				"north": {"uv": [5.5, 8.1, 5.7, 8.5], "texture": "#0"},
				"east": {"uv": [7.4, 8.1, 7.7, 8.5], "texture": "#0"},
				"south": {"uv": [10.3, 8.1, 10.5, 8.5], "texture": "#0"},
				"west": {"uv": [8.3, 8.1, 8.6, 8.5], "texture": "#0"},
				"up": {"uv": [10.3, 8.3, 10.5, 8.6], "texture": "#0"},
				"down": {"uv": [10.3, 7.4, 10.5, 7.7], "texture": "#0"}
			}
		},
		{
			"from": [9.9, 5.9, 8.3],
			"to": [10.1, 6.2, 8.6],
			"faces": {
				"north": {"uv": [5.9, 9.8, 6.1, 10.1], "texture": "#0"},
				"east": {"uv": [7.4, 9.8, 7.7, 10.1], "texture": "#0"},
				"south": {"uv": [9.9, 9.8, 10.1, 10.1], "texture": "#0"},
				"west": {"uv": [8.3, 9.8, 8.6, 10.1], "texture": "#0"},
				"up": {"uv": [9.9, 8.3, 10.1, 8.6], "texture": "#0"},
				"down": {"uv": [9.9, 7.4, 10.1, 7.7], "texture": "#0"}
			}
		},
		{
			"from": [9.6, 5.3, 8.3],
			"to": [9.8, 5.5, 8.6],
			"faces": {
				"north": {"uv": [6.2, 10.5, 6.4, 10.7], "texture": "#0"},
				"east": {"uv": [7.4, 10.5, 7.7, 10.7], "texture": "#0"},
				"south": {"uv": [9.6, 10.5, 9.8, 10.7], "texture": "#0"},
				"west": {"uv": [8.3, 10.5, 8.6, 10.7], "texture": "#0"},
				"up": {"uv": [9.6, 8.3, 9.8, 8.6], "texture": "#0"},
				"down": {"uv": [9.6, 7.4, 9.8, 7.7], "texture": "#0"}
			}
		},
		{
			"from": [10.1, 5.7, 8.3],
			"to": [10.3, 5.9, 8.6],
			"faces": {
				"north": {"uv": [5.7, 10.1, 5.9, 10.3], "texture": "#0"},
				"east": {"uv": [7.4, 10.1, 7.7, 10.3], "texture": "#0"},
				"south": {"uv": [10.1, 10.1, 10.3, 10.3], "texture": "#0"},
				"west": {"uv": [8.3, 10.1, 8.6, 10.3], "texture": "#0"},
				"up": {"uv": [10.1, 8.3, 10.3, 8.6], "texture": "#0"},
				"down": {"uv": [10.1, 7.4, 10.3, 7.7], "texture": "#0"}
			}
		},
		{
			"from": [10.3, 6.5, 8.3],
			"to": [10.5, 6.9, 8.6],
			"faces": {
				"north": {"uv": [5.5, 9.1, 5.7, 9.5], "texture": "#0"},
				"east": {"uv": [7.4, 9.1, 7.7, 9.5], "texture": "#0"},
				"south": {"uv": [10.3, 9.1, 10.5, 9.5], "texture": "#0"},
				"west": {"uv": [8.3, 9.1, 8.6, 9.5], "texture": "#0"},
				"up": {"uv": [10.3, 8.3, 10.5, 8.6], "texture": "#0"},
				"down": {"uv": [10.3, 7.4, 10.5, 7.7], "texture": "#0"}
			}
		},
		{
			"from": [10.7, 6.5, 8.3],
			"to": [10.9, 7.9, 8.6],
			"faces": {
				"north": {"uv": [5.1, 8.1, 5.3, 9.5], "texture": "#0"},
				"east": {"uv": [7.4, 8.1, 7.7, 9.5], "texture": "#0"},
				"south": {"uv": [10.7, 8.1, 10.9, 9.5], "texture": "#0"},
				"west": {"uv": [8.3, 8.1, 8.6, 9.5], "texture": "#0"},
				"up": {"uv": [10.7, 8.3, 10.9, 8.6], "texture": "#0"},
				"down": {"uv": [10.7, 7.4, 10.9, 7.7], "texture": "#0"}
			}
		},
		{
			"from": [9.7, 8.1, 8.3],
			"to": [10.3, 8.5, 8.6],
			"faces": {
				"north": {"uv": [5.7, 7.5, 6.3, 7.9], "texture": "#0"},
				"east": {"uv": [7.4, 7.5, 7.7, 7.9], "texture": "#0"},
				"south": {"uv": [9.7, 7.5, 10.3, 7.9], "texture": "#0"},
				"west": {"uv": [8.3, 7.5, 8.6, 7.9], "texture": "#0"},
				"up": {"uv": [9.7, 8.3, 10.3, 8.6], "texture": "#0"},
				"down": {"uv": [9.7, 7.4, 10.3, 7.7], "texture": "#0"}
			}
		},
		{
			"from": [10.1, 7.9, 8.3],
			"to": [10.3, 8.1, 8.6],
			"faces": {
				"north": {"uv": [5.7, 7.9, 5.9, 8.1], "texture": "#0"},
				"east": {"uv": [7.4, 7.9, 7.7, 8.1], "texture": "#0"},
				"south": {"uv": [10.1, 7.9, 10.3, 8.1], "texture": "#0"},
				"west": {"uv": [8.3, 7.9, 8.6, 8.1], "texture": "#0"},
				"up": {"uv": [10.1, 8.3, 10.3, 8.6], "texture": "#0"},
				"down": {"uv": [10.1, 7.4, 10.3, 7.7], "texture": "#0"}
			}
		},
		{
			"from": [6.2, 5.3, 8.3],
			"to": [6.7, 5.7, 8.6],
			"faces": {
				"north": {"uv": [9.3, 10.3, 9.8, 10.7], "texture": "#0"},
				"east": {"uv": [7.4, 10.3, 7.7, 10.7], "texture": "#0"},
				"south": {"uv": [6.2, 10.3, 6.7, 10.7], "texture": "#0"},
				"west": {"uv": [8.3, 10.3, 8.6, 10.7], "texture": "#0"},
				"up": {"uv": [6.2, 8.3, 6.7, 8.6], "texture": "#0"},
				"down": {"uv": [6.2, 7.4, 6.7, 7.7], "texture": "#0"}
			}
		},
		{
			"from": [5.7, 5.5, 8.3],
			"to": [6.2, 5.9, 8.6],
			"faces": {
				"north": {"uv": [9.8, 10.1, 10.3, 10.5], "texture": "#0"},
				"east": {"uv": [7.4, 10.1, 7.7, 10.5], "texture": "#0"},
				"south": {"uv": [5.7, 10.1, 6.2, 10.5], "texture": "#0"},
				"west": {"uv": [8.3, 10.1, 8.6, 10.5], "texture": "#0"},
				"up": {"uv": [5.7, 8.3, 6.2, 8.6], "texture": "#0"},
				"down": {"uv": [5.7, 7.4, 6.2, 7.7], "texture": "#0"}
			}
		},
		{
			"from": [6, 5.3, 8.3],
			"to": [6.2, 5.5, 8.6],
			"faces": {
				"north": {"uv": [9.8, 10.5, 10, 10.7], "texture": "#0"},
				"east": {"uv": [7.4, 10.5, 7.7, 10.7], "texture": "#0"},
				"south": {"uv": [6, 10.5, 6.2, 10.7], "texture": "#0"},
				"west": {"uv": [8.3, 10.5, 8.6, 10.7], "texture": "#0"},
				"up": {"uv": [6, 8.3, 6.2, 8.6], "texture": "#0"},
				"down": {"uv": [6, 7.4, 6.2, 7.7], "texture": "#0"}
			}
		},
		{
			"from": [5.5, 5.7, 8.3],
			"to": [5.7, 5.9, 8.6],
			"faces": {
				"north": {"uv": [10.3, 10.1, 10.5, 10.3], "texture": "#0"},
				"east": {"uv": [7.4, 10.1, 7.7, 10.3], "texture": "#0"},
				"south": {"uv": [5.5, 10.1, 5.7, 10.3], "texture": "#0"},
				"west": {"uv": [8.3, 10.1, 8.6, 10.3], "texture": "#0"},
				"up": {"uv": [5.5, 8.3, 5.7, 8.6], "texture": "#0"},
				"down": {"uv": [5.5, 7.4, 5.7, 7.7], "texture": "#0"}
			}
		},
		{
			"from": [5.7, 5.9, 8.3],
			"to": [5.9, 6.2, 8.6],
			"faces": {
				"north": {"uv": [10.1, 9.8, 10.3, 10.1], "texture": "#0"},
				"east": {"uv": [7.4, 9.8, 7.7, 10.1], "texture": "#0"},
				"south": {"uv": [5.7, 9.8, 5.9, 10.1], "texture": "#0"},
				"west": {"uv": [8.3, 9.8, 8.6, 10.1], "texture": "#0"},
				"up": {"uv": [5.7, 8.3, 5.9, 8.6], "texture": "#0"},
				"down": {"uv": [5.7, 7.4, 5.9, 7.7], "texture": "#0"}
			}
		},
		{
			"from": [5.3, 5.9, 8.3],
			"to": [5.7, 6.5, 8.6],
			"faces": {
				"north": {"uv": [10.3, 9.5, 10.7, 10.1], "texture": "#0"},
				"east": {"uv": [7.4, 9.5, 7.7, 10.1], "texture": "#0"},
				"south": {"uv": [5.3, 9.5, 5.7, 10.1], "texture": "#0"},
				"west": {"uv": [8.3, 9.5, 8.6, 10.1], "texture": "#0"},
				"up": {"uv": [5.3, 8.3, 5.7, 8.6], "texture": "#0"},
				"down": {"uv": [5.3, 7.4, 5.7, 7.7], "texture": "#0"}
			}
		},
		{
			"from": [4.9, 6.5, 8.3],
			"to": [5.1, 7.9, 8.6],
			"faces": {
				"north": {"uv": [10.9, 8.1, 11.1, 9.5], "texture": "#0"},
				"east": {"uv": [7.4, 8.1, 7.7, 9.5], "texture": "#0"},
				"south": {"uv": [4.9, 8.1, 5.1, 9.5], "texture": "#0"},
				"west": {"uv": [8.3, 8.1, 8.6, 9.5], "texture": "#0"},
				"up": {"uv": [4.9, 8.3, 5.1, 8.6], "texture": "#0"},
				"down": {"uv": [4.9, 7.4, 5.1, 7.7], "texture": "#0"}
			}
		},
		{
			"from": [5.3, 6.5, 8.3],
			"to": [5.5, 6.9, 8.6],
			"faces": {
				"north": {"uv": [10.5, 9.1, 10.7, 9.5], "texture": "#0"},
				"east": {"uv": [7.4, 9.1, 7.7, 9.5], "texture": "#0"},
				"south": {"uv": [5.3, 9.1, 5.5, 9.5], "texture": "#0"},
				"west": {"uv": [8.3, 9.1, 8.6, 9.5], "texture": "#0"},
				"up": {"uv": [5.3, 8.3, 5.5, 8.6], "texture": "#0"},
				"down": {"uv": [5.3, 7.4, 5.5, 7.7], "texture": "#0"}
			}
		},
		{
			"from": [5.1, 6.1, 8.3],
			"to": [5.3, 7.9, 8.6],
			"faces": {
				"north": {"uv": [10.7, 8.1, 10.9, 9.9], "texture": "#0"},
				"east": {"uv": [7.4, 8.1, 7.7, 9.9], "texture": "#0"},
				"south": {"uv": [5.1, 8.1, 5.3, 9.9], "texture": "#0"},
				"west": {"uv": [8.3, 8.1, 8.6, 9.9], "texture": "#0"},
				"up": {"uv": [5.1, 8.3, 5.3, 8.6], "texture": "#0"},
				"down": {"uv": [5.1, 7.4, 5.3, 7.7], "texture": "#0"}
			}
		},
		{
			"from": [5.3, 7.5, 8.3],
			"to": [5.5, 7.9, 8.6],
			"faces": {
				"north": {"uv": [10.5, 8.1, 10.7, 8.5], "texture": "#0"},
				"east": {"uv": [7.4, 8.1, 7.7, 8.5], "texture": "#0"},
				"south": {"uv": [5.3, 8.1, 5.5, 8.5], "texture": "#0"},
				"west": {"uv": [8.3, 8.1, 8.6, 8.5], "texture": "#0"},
				"up": {"uv": [5.3, 8.3, 5.5, 8.6], "texture": "#0"},
				"down": {"uv": [5.3, 7.4, 5.5, 7.7], "texture": "#0"}
			}
		},
		{
			"from": [5.1, 7.9, 8.3],
			"to": [5.5, 8.3, 8.6],
			"faces": {
				"north": {"uv": [10.5, 7.7, 10.9, 8.1], "texture": "#0"},
				"east": {"uv": [7.4, 7.7, 7.7, 8.1], "texture": "#0"},
				"south": {"uv": [5.1, 7.7, 5.5, 8.1], "texture": "#0"},
				"west": {"uv": [8.3, 7.7, 8.6, 8.1], "texture": "#0"},
				"up": {"uv": [5.1, 8.3, 5.5, 8.6], "texture": "#0"},
				"down": {"uv": [5.1, 7.4, 5.5, 7.7], "texture": "#0"}
			}
		},
		{
			"from": [5.5, 7.9, 8.3],
			"to": [5.7, 8.1, 8.6],
			"faces": {
				"north": {"uv": [10.3, 7.9, 10.5, 8.1], "texture": "#0"},
				"east": {"uv": [7.4, 7.9, 7.7, 8.1], "texture": "#0"},
				"south": {"uv": [5.5, 7.9, 5.7, 8.1], "texture": "#0"},
				"west": {"uv": [8.3, 7.9, 8.6, 8.1], "texture": "#0"},
				"up": {"uv": [5.5, 8.3, 5.7, 8.6], "texture": "#0"},
				"down": {"uv": [5.5, 7.4, 5.7, 7.7], "texture": "#0"}
			}
		},
		{
			"from": [5.5, 8.1, 8.3],
			"to": [6.1, 8.5, 8.6],
			"faces": {
				"north": {"uv": [9.9, 7.5, 10.5, 7.9], "texture": "#0"},
				"east": {"uv": [7.4, 7.5, 7.7, 7.9], "texture": "#0"},
				"south": {"uv": [5.5, 7.5, 6.1, 7.9], "texture": "#0"},
				"west": {"uv": [8.3, 7.5, 8.6, 7.9], "texture": "#0"},
				"up": {"uv": [5.5, 8.3, 6.1, 8.6], "texture": "#0"},
				"down": {"uv": [5.5, 7.4, 6.1, 7.7], "texture": "#0"}
			}
		},
		{
			"from": [6.5, 0.7, 6.9],
			"to": [9.4, 1.9, 7],
			"faces": {
				"north": {"uv": [4, 6, 7.6, 7.2], "texture": "#0"},
				"east": {"uv": [4, 6, 7.6, 7.2], "texture": "#0"},
				"south": {"uv": [4, 6, 7.6, 7.2], "texture": "#0"},
				"west": {"uv": [4, 6, 7.6, 7.2], "texture": "#0"},
				"up": {"uv": [4, 6, 7.6, 7.2], "texture": "#0"},
				"down": {"uv": [4, 6, 7.6, 7.2], "texture": "#0"}
			}
		},
		{
			"from": [7.75, 0.8, 6.85],
			"to": [7.975, 1.75, 7],
			"faces": {
				"north": {"uv": [15.5, 2, 16, 9.6], "texture": "#0"},
				"east": {"uv": [15.5, 2, 16, 9.6], "texture": "#0"},
				"south": {"uv": [15.5, 2, 16, 9.6], "texture": "#0"},
				"west": {"uv": [15.5, 2, 16, 9.6], "texture": "#0"},
				"up": {"uv": [15.5, 2, 16, 9.6], "texture": "#0"},
				"down": {"uv": [15.5, 2, 16, 9.6], "texture": "#0"}
			}
		},
		{
			"from": [7.85, 1.4, 6.85],
			"to": [8.075, 1.65, 7],
			"faces": {
				"north": {"uv": [15.5, 2, 16, 9.6], "texture": "#0"},
				"east": {"uv": [15.5, 2, 16, 9.6], "texture": "#0"},
				"south": {"uv": [15.5, 2, 16, 9.6], "texture": "#0"},
				"west": {"uv": [15.5, 2, 16, 9.6], "texture": "#0"},
				"up": {"uv": [15.5, 2, 16, 9.6], "texture": "#0"},
				"down": {"uv": [15.5, 2, 16, 9.6], "texture": "#0"}
			}
		},
		{
			"from": [7.95, 1.3, 6.85],
			"to": [8.175, 1.55, 7],
			"faces": {
				"north": {"uv": [15.5, 2, 16, 9.6], "texture": "#0"},
				"east": {"uv": [15.5, 2, 16, 9.6], "texture": "#0"},
				"south": {"uv": [15.5, 2, 16, 9.6], "texture": "#0"},
				"west": {"uv": [15.5, 2, 16, 9.6], "texture": "#0"},
				"up": {"uv": [15.5, 2, 16, 9.6], "texture": "#0"},
				"down": {"uv": [15.5, 2, 16, 9.6], "texture": "#0"}
			}
		}
	],
	"display": {
		"thirdperson_righthand": {
			"rotation": [37, 0, 0],
			"translation": [0, 2.5, 2],
			"scale": [1.06, 1, 1]
		},
		"thirdperson_lefthand": {
			"rotation": [37, 0, 0],
			"translation": [0, 2.5, 2],
			"scale": [1.06, 1, 1]
		},
		"firstperson_righthand": {
			"rotation": [0, 167, 0],
			"translation": [1.5, 8.25, 0.5]
		},
		"firstperson_lefthand": {
			"rotation": [0, 167, 0],
			"translation": [1.5, 8.25, 0.5]
		},
		"ground": {
			"translation": [0, 4.75, 0]
		},
		"gui": {
			"rotation": [26, 153, 35],
			"translation": [3.5, 4.25, 0],
			"scale": [1.87, 1.79, 1.79]
		},
		"head": {
			"translation": [0, 22.25, -1.5],
			"scale": [1.95, 1.95, 1.95]
		},
		"fixed": {
			"rotation": [-90, 0, 0],
			"translation": [0, -2, -28.5],
			"scale": [3.64, 3.64, 3.64]
		}
	},
	"groups": [
		{
			"name": "group",
			"children": [0, 1, 2]
		},
		{
			"name": "group",
			"children": [3, 4, 5, 6, 7, 8, 9, 10, 11, 12, 13, 14, 15, 16, 17, 18, 19, 20, 21, 22, 23, 24, 25, 26, 27, 28, 29, 30, 31, 32, 33, 34, 35, 36, 37, 38, 39, 40, 41, 42, 43, 44, 45, 46, 47, 48, 49, 50, 51, 52, 53, 54, 55, 56, 57, 58, 59, 60, 61, 62, 63, 64, 65, 66, 67, 68, 69, 70, 71, 72, 73, 74]
		}, 75, 76, 77, 78]
}