{
	"credit": "Made with Blockbench",
	"textures": {
		"7": "hats/emodji/cyan_terracotta",
		"8": "hats/emodji/gray_concrete"
	},
	"elements": [
		{
			"from": [3.5, 6.5, 3],
			"to": [12.1, 7, 14],
			"faces": {
				"north": {"uv": [0, 0, 8.6, 0.5], "texture": "#7"},
				"east": {"uv": [0, 0, 11, 0.5], "texture": "#7"},
				"south": {"uv": [0, 0, 8.6, 0.5], "texture": "#7"},
				"west": {"uv": [0, 0, 11, 0.5], "texture": "#7"},
				"up": {"uv": [0, 0, 8.6, 11], "texture": "#7"},
				"down": {"uv": [0, 0, 8.6, 11], "texture": "#7"}
			}
		},
		{
			"from": [5, 7, 4],
			"to": [11, 9, 13],
			"faces": {
				"north": {"uv": [0, 0, 6, 2], "texture": "#7"},
				"east": {"uv": [0, 0, 9, 2], "texture": "#7"},
				"south": {"uv": [0, 0, 6, 2], "texture": "#7"},
				"west": {"uv": [0, 0, 9, 2], "texture": "#7"},
				"up": {"uv": [0, 0, 6, 9], "texture": "#7"},
				"down": {"uv": [0, 0, 6, 9], "texture": "#7"}
			}
		},
		{
			"from": [4, 7, 5],
			"to": [12, 9, 12],
			"faces": {
				"north": {"uv": [0, 0, 8, 2], "texture": "#7"},
				"east": {"uv": [0, 0, 7, 2], "texture": "#7"},
				"south": {"uv": [0, 0, 8, 2], "texture": "#7"},
				"west": {"uv": [0, 0, 7, 2], "texture": "#7"},
				"up": {"uv": [0, 0, 8, 7], "texture": "#7"},
				"down": {"uv": [0, 0, 8, 7], "texture": "#7"}
			}
		},
		{
			"from": [5, 8, 5],
			"to": [11, 11, 12],
			"faces": {
				"north": {"uv": [0, 0, 6, 3], "texture": "#7"},
				"east": {"uv": [0, 0, 7, 3], "texture": "#7"},
				"south": {"uv": [0, 0, 6, 3], "texture": "#7"},
				"west": {"uv": [0, 0, 7, 3], "texture": "#7"},
				"up": {"uv": [0, 0, 6, 7], "texture": "#7"},
				"down": {"uv": [0, 0, 6, 7], "texture": "#7"}
			}
		},
		{
			"from": [3.8, 7, 4.9],
			"to": [12.1, 8, 12.1],
			"faces": {
				"north": {"uv": [0, 0, 8.3, 1], "texture": "#8"},
				"east": {"uv": [0, 0, 7.2, 1], "texture": "#8"},
				"south": {"uv": [0, 0, 8.3, 1], "texture": "#8"},
				"west": {"uv": [0, 0, 7.2, 1], "texture": "#8"},
				"up": {"uv": [0, 0, 8.3, 7.2], "texture": "#8"},
				"down": {"uv": [0, 0, 8.3, 7.2], "texture": "#8"}
			}
		},
		{
			"from": [4.9, 7, 3.9],
			"to": [11.1, 8, 13.1],
			"faces": {
				"north": {"uv": [0, 0, 6.2, 1], "texture": "#8"},
				"east": {"uv": [0, 0, 9.2, 1], "texture": "#8"},
				"south": {"uv": [0, 0, 6.2, 1], "texture": "#8"},
				"west": {"uv": [0, 0, 9.2, 1], "texture": "#8"},
				"up": {"uv": [0, 0, 6.2, 9.2], "texture": "#8"},
				"down": {"uv": [0, 0, 6.2, 9.2], "texture": "#8"}
			}
		},
		{
			"from": [4, 5.7, 13.4],
			"to": [12, 6.5, 14.7],
			"faces": {
				"north": {"uv": [0, 0, 8, 0.8], "texture": "#7"},
				"east": {"uv": [0, 0, 1.3, 0.8], "texture": "#7"},
				"south": {"uv": [0, 0, 8, 0.8], "texture": "#7"},
				"west": {"uv": [0, 0, 1.3, 0.8], "texture": "#7"},
				"up": {"uv": [0, 0, 8, 1.3], "texture": "#7"},
				"down": {"uv": [0, 0, 8, 1.3], "texture": "#7"}
			}
		},
		{
			"from": [5.2, 5.4, 13.9],
			"to": [10.8, 5.8, 15.5],
			"faces": {
				"north": {"uv": [0, 0, 5.6, 0.4], "texture": "#7"},
				"east": {"uv": [0, 0, 1.6, 0.4], "texture": "#7"},
				"south": {"uv": [0, 0, 5.6, 0.4], "texture": "#7"},
				"west": {"uv": [0, 0, 1.6, 0.4], "texture": "#7"},
				"up": {"uv": [0, 0, 5.6, 1.6], "texture": "#7"},
				"down": {"uv": [0, 0, 5.6, 1.6], "texture": "#7"}
			}
		},
		{
			"from": [4, 5.7, 2.2],
			"to": [12, 6.5, 3.6],
			"faces": {
				"north": {"uv": [0, 0, 8, 0.8], "texture": "#7"},
				"east": {"uv": [0, 0, 1.4, 0.8], "texture": "#7"},
				"south": {"uv": [0, 0, 8, 0.8], "texture": "#7"},
				"west": {"uv": [0, 0, 1.4, 0.8], "texture": "#7"},
				"up": {"uv": [0, 0, 8, 1.4], "texture": "#7"},
				"down": {"uv": [0, 0, 8, 1.4], "texture": "#7"}
			}
		},
		{
			"from": [5.2, 5.4, 1.3],
			"to": [10.8, 5.8, 2.9],
			"faces": {
				"north": {"uv": [0, 0, 5.6, 0.4], "texture": "#7"},
				"east": {"uv": [0, 0, 1.6, 0.4], "texture": "#7"},
				"south": {"uv": [0, 0, 5.6, 0.4], "texture": "#7"},
				"west": {"uv": [0, 0, 1.6, 0.4], "texture": "#7"},
				"up": {"uv": [0, 0, 5.6, 1.6], "texture": "#7"},
				"down": {"uv": [0, 0, 5.6, 1.6], "texture": "#7"}
			}
		}
	],
	"display": {
		"thirdperson_righthand": {
			"rotation": [-10, 128, 15],
			"translation": [0, 2.5, -1.5],
			"scale": [0.51, 0.51, 0.51]
		},
		"thirdperson_lefthand": {
			"rotation": [-10, 128, 15],
			"translation": [0, 2.5, -1.5],
			"scale": [0.51, 0.51, 0.51]
		},
		"firstperson_righthand": {
			"rotation": [-10, 128, 15],
			"translation": [0, 2.5, -1.5],
			"scale": [0.51, 0.51, 0.51]
		},
		"firstperson_lefthand": {
			"rotation": [-10, 128, 15],
			"translation": [0, 2.5, -1.5],
			"scale": [0.51, 0.51, 0.51]
		},
		"ground": {
			"scale": [0.6, 0.6, 0.6]
		},
		"gui": {
			"rotation": [45, 133, 0],
			"translation": [0, 1.25, 0],
			"scale": [0.97, 0.97, 0.97]
		},
		"head": {
			"translation": [0, 9, 0],
			"scale": [1.62, 1.62, 1.62]
		},
		"fixed": {
			"rotation": [-90, 0, 0],
			"translation": [0, 0, -2]
		}
	}
}