{
	"credit": "Made by DrVECKER",
	"textures": {
		"0": "hats/faradey_ears",
		"1": "hats/faradey_eye",
		"particle": "hats/faradey_ears"
	},
	"elements": [
		{
			"from": [-0.4, 9, 6],
			"to": [6.6, 12, 7],
			"rotation": {"angle": 45, "axis": "y", "origin": [9.6, 8, 8]},
			"faces": {
				"north": {"uv": [1, 9, 8, 12], "texture": "#0"},
				"east": {"uv": [7, 9, 8, 12], "texture": "#0"},
				"south": {"uv": [1, 9, 8, 12], "texture": "#0"},
				"west": {"uv": [7, 9, 8, 12], "texture": "#0"},
				"up": {"uv": [1, 15, 2, 16], "rotation": 270, "texture": "#0"},
				"down": {"uv": [5, 1, 6, 8], "rotation": 90, "texture": "#missing"}
			}
		},
		{
			"from": [-1.4, 6, 6],
			"to": [7.6, 9, 7],
			"rotation": {"angle": 45, "axis": "y", "origin": [9.6, 8, 8]},
			"faces": {
				"north": {"uv": [0, 12, 9, 15], "texture": "#0"},
				"east": {"uv": [0, 12, 1, 15], "texture": "#0"},
				"south": {"uv": [0, 12, 9, 15], "texture": "#0"},
				"west": {"uv": [0, 12, 1, 15], "texture": "#0"},
				"up": {"uv": [0, 12, 1, 15], "rotation": 270, "texture": "#0"},
				"down": {"uv": [0, 12, 1, 15], "rotation": 90, "texture": "#0"}
			}
		},
		{
			"from": [-0.4, 5, 6],
			"to": [6.6, 6, 7],
			"rotation": {"angle": 45, "axis": "y", "origin": [9.6, 8, 8]},
			"faces": {
				"north": {"uv": [1, 15, 8, 16], "texture": "#0"},
				"east": {"uv": [1, 15, 2, 16], "texture": "#0"},
				"south": {"uv": [1, 15, 8, 16], "texture": "#0"},
				"west": {"uv": [7, 15, 8, 16], "texture": "#0"},
				"up": {"uv": [5, 8, 6, 15], "rotation": 270, "texture": "#missing"},
				"down": {"uv": [1, 15, 2, 16], "rotation": 90, "texture": "#0"}
			}
		},
		{
			"from": [0.6, 12, 6],
			"to": [5.6, 14, 7],
			"rotation": {"angle": 45, "axis": "y", "origin": [9.6, 8, 8]},
			"faces": {
				"north": {"uv": [2, 7, 7, 9], "texture": "#0"},
				"east": {"uv": [2, 7, 3, 9], "texture": "#0"},
				"south": {"uv": [2, 7, 7, 9], "texture": "#0"},
				"west": {"uv": [6, 7, 7, 9], "texture": "#0"},
				"up": {"uv": [1, 15, 2, 16], "rotation": 270, "texture": "#0"},
				"down": {"uv": [5, 2, 6, 7], "rotation": 90, "texture": "#missing"}
			}
		},
		{
			"from": [1.6, 14, 6],
			"to": [4.6, 15, 7],
			"rotation": {"angle": 45, "axis": "y", "origin": [9.6, 8, 8]},
			"faces": {
				"north": {"uv": [3, 6, 6, 7], "texture": "#0"},
				"east": {"uv": [3, 6, 4, 7], "texture": "#0"},
				"south": {"uv": [3, 6, 6, 7], "texture": "#0"},
				"west": {"uv": [3, 6, 4, 7], "texture": "#0"},
				"up": {"uv": [3, 6, 4, 7], "texture": "#0"},
				"down": {"uv": [5, 3, 6, 6], "rotation": 90, "texture": "#missing"}
			}
		},
		{
			"from": [2.6, 15, 6],
			"to": [3.6, 16, 7],
			"rotation": {"angle": 45, "axis": "y", "origin": [9.6, 8, 8]},
			"faces": {
				"north": {"uv": [4, 5, 5, 6], "texture": "#0"},
				"east": {"uv": [3, 6, 4, 7], "texture": "#0"},
				"south": {"uv": [3, 6, 4, 7], "texture": "#0"},
				"west": {"uv": [3, 6, 4, 7], "texture": "#0"},
				"up": {"uv": [3, 6, 4, 7], "texture": "#0"},
				"down": {"uv": [5, 4, 6, 5], "rotation": 90, "texture": "#missing"}
			}
		},
		{
			"from": [0.6, 5, 7],
			"to": [5.6, 6, 8],
			"rotation": {"angle": 45, "axis": "y", "origin": [9.6, 8, 8]},
			"faces": {
				"north": {"uv": [1, 15, 8, 16], "texture": "#0"},
				"east": {"uv": [14, 15, 15, 16], "texture": "#0"},
				"south": {"uv": [10, 15, 15, 16], "texture": "#0"},
				"west": {"uv": [10, 15, 11, 16], "texture": "#0"},
				"up": {"uv": [5, 8, 6, 15], "rotation": 270, "texture": "#missing"},
				"down": {"uv": [10, 15, 15, 16], "rotation": 180, "texture": "#0"}
			}
		},
		{
			"from": [-0.4, 6, 7],
			"to": [6.6, 9, 8],
			"rotation": {"angle": 45, "axis": "y", "origin": [9.6, 8, 8]},
			"faces": {
				"north": {"uv": [0, 12, 9, 15], "texture": "#0"},
				"east": {"uv": [9, 12, 10, 15], "texture": "#0"},
				"south": {"uv": [9, 12, 16, 15], "texture": "#0"},
				"west": {"uv": [9, 12, 10, 15], "texture": "#0"},
				"up": {"uv": [9, 14, 16, 15], "texture": "#0"},
				"down": {"uv": [9, 14, 16, 15], "rotation": 180, "texture": "#0"}
			}
		},
		{
			"from": [0.6, 9, 7],
			"to": [5.6, 12, 8],
			"rotation": {"angle": 45, "axis": "y", "origin": [9.6, 8, 8]},
			"faces": {
				"north": {"uv": [0, 12, 9, 15], "texture": "#0"},
				"east": {"uv": [14, 9, 15, 12], "texture": "#0"},
				"south": {"uv": [10, 9, 15, 12], "texture": "#0"},
				"west": {"uv": [10, 9, 11, 12], "texture": "#0"},
				"up": {"uv": [11, 14, 16, 15], "texture": "#0"},
				"down": {"uv": [9, 14, 16, 15], "rotation": 180, "texture": "#0"}
			}
		},
		{
			"from": [1.6, 12, 7],
			"to": [4.6, 14, 8],
			"rotation": {"angle": 45, "axis": "y", "origin": [9.6, 8, 8]},
			"faces": {
				"north": {"uv": [0, 12, 9, 15], "texture": "#0"},
				"east": {"uv": [13, 7, 14, 9], "texture": "#0"},
				"south": {"uv": [11, 7, 14, 9], "texture": "#0"},
				"west": {"uv": [11, 7, 12, 9], "texture": "#0"},
				"up": {"uv": [13, 14, 16, 15], "texture": "#0"},
				"down": {"uv": [9, 14, 16, 15], "rotation": 180, "texture": "#0"}
			}
		},
		{
			"from": [2.6, 14, 7],
			"to": [3.6, 15, 8],
			"rotation": {"angle": 45, "axis": "y", "origin": [9.6, 8, 8]},
			"faces": {
				"north": {"uv": [0, 12, 9, 15], "texture": "#0"},
				"east": {"uv": [12, 6, 13, 7], "texture": "#0"},
				"south": {"uv": [12, 6, 13, 7], "texture": "#0"},
				"west": {"uv": [12, 6, 13, 7], "texture": "#0"},
				"up": {"uv": [12, 6, 13, 7], "rotation": 270, "texture": "#0"},
				"down": {"uv": [9, 14, 16, 15], "rotation": 180, "texture": "#0"}
			}
		},
		{
			"from": [9.6, 6, 8],
			"to": [18.6, 9, 9],
			"rotation": {"angle": -45, "axis": "y", "origin": [9.6, 8, 8]},
			"faces": {
				"north": {"uv": [0, 12, 9, 15], "texture": "#0"},
				"east": {"uv": [0, 12, 1, 15], "texture": "#0"},
				"south": {"uv": [0, 12, 9, 15], "texture": "#0"},
				"west": {"uv": [0, 12, 1, 15], "texture": "#0"},
				"up": {"uv": [0, 12, 1, 15], "rotation": 270, "texture": "#0"},
				"down": {"uv": [0, 12, 1, 15], "rotation": 90, "texture": "#0"}
			}
		},
		{
			"from": [10.6, 5, 8],
			"to": [17.6, 6, 9],
			"rotation": {"angle": -45, "axis": "y", "origin": [9.6, 8, 8]},
			"faces": {
				"north": {"uv": [1, 15, 8, 16], "texture": "#0"},
				"east": {"uv": [1, 15, 2, 16], "texture": "#0"},
				"south": {"uv": [1, 15, 8, 16], "texture": "#0"},
				"west": {"uv": [7, 15, 8, 16], "texture": "#0"},
				"up": {"uv": [5, 8, 6, 15], "rotation": 270, "texture": "#missing"},
				"down": {"uv": [1, 15, 2, 16], "rotation": 90, "texture": "#0"}
			}
		},
		{
			"from": [10.6, 9, 8],
			"to": [17.6, 12, 9],
			"rotation": {"angle": -45, "axis": "y", "origin": [9.6, 8, 8]},
			"faces": {
				"north": {"uv": [1, 9, 8, 12], "texture": "#0"},
				"east": {"uv": [7, 9, 8, 12], "texture": "#0"},
				"south": {"uv": [1, 9, 8, 12], "texture": "#0"},
				"west": {"uv": [7, 9, 8, 12], "texture": "#0"},
				"up": {"uv": [1, 15, 2, 16], "rotation": 270, "texture": "#0"},
				"down": {"uv": [5, 1, 6, 8], "rotation": 90, "texture": "#missing"}
			}
		},
		{
			"from": [11.6, 12, 8],
			"to": [16.6, 14, 9],
			"rotation": {"angle": -45, "axis": "y", "origin": [9.6, 8, 8]},
			"faces": {
				"north": {"uv": [2, 7, 7, 9], "texture": "#0"},
				"east": {"uv": [2, 7, 3, 9], "texture": "#0"},
				"south": {"uv": [2, 7, 7, 9], "texture": "#0"},
				"west": {"uv": [6, 7, 7, 9], "texture": "#0"},
				"up": {"uv": [1, 15, 2, 16], "rotation": 270, "texture": "#0"},
				"down": {"uv": [5, 2, 6, 7], "rotation": 90, "texture": "#missing"}
			}
		},
		{
			"from": [12.6, 14, 8],
			"to": [15.6, 15, 9],
			"rotation": {"angle": -45, "axis": "y", "origin": [9.6, 8, 8]},
			"faces": {
				"north": {"uv": [3, 6, 6, 7], "texture": "#0"},
				"east": {"uv": [3, 6, 4, 7], "texture": "#0"},
				"south": {"uv": [3, 6, 6, 7], "texture": "#0"},
				"west": {"uv": [3, 6, 4, 7], "texture": "#0"},
				"up": {"uv": [3, 6, 4, 7], "texture": "#0"},
				"down": {"uv": [5, 3, 6, 6], "rotation": 90, "texture": "#missing"}
			}
		},
		{
			"from": [13.6, 15, 8],
			"to": [14.6, 16, 9],
			"rotation": {"angle": -45, "axis": "y", "origin": [9.6, 8, 8]},
			"faces": {
				"north": {"uv": [4, 5, 5, 6], "texture": "#0"},
				"east": {"uv": [3, 6, 4, 7], "texture": "#0"},
				"south": {"uv": [3, 6, 4, 7], "texture": "#0"},
				"west": {"uv": [3, 6, 4, 7], "texture": "#0"},
				"up": {"uv": [3, 6, 4, 7], "texture": "#0"},
				"down": {"uv": [5, 4, 6, 5], "rotation": 90, "texture": "#missing"}
			}
		},
		{
			"from": [11.6, 5, 9],
			"to": [16.6, 6, 10],
			"rotation": {"angle": -45, "axis": "y", "origin": [9.6, 8, 8]},
			"faces": {
				"north": {"uv": [1, 15, 8, 16], "texture": "#0"},
				"east": {"uv": [14, 15, 15, 16], "texture": "#0"},
				"south": {"uv": [10, 15, 15, 16], "texture": "#0"},
				"west": {"uv": [10, 15, 11, 16], "texture": "#0"},
				"up": {"uv": [5, 8, 6, 15], "rotation": 270, "texture": "#missing"},
				"down": {"uv": [10, 15, 15, 16], "rotation": 180, "texture": "#0"}
			}
		},
		{
			"from": [10.6, 6, 9],
			"to": [17.6, 9, 10],
			"rotation": {"angle": -45, "axis": "y", "origin": [9.6, 8, 8]},
			"faces": {
				"north": {"uv": [0, 12, 9, 15], "texture": "#0"},
				"east": {"uv": [9, 12, 10, 15], "texture": "#0"},
				"south": {"uv": [9, 12, 16, 15], "texture": "#0"},
				"west": {"uv": [9, 12, 10, 15], "texture": "#0"},
				"up": {"uv": [9, 14, 16, 15], "texture": "#0"},
				"down": {"uv": [9, 14, 16, 15], "rotation": 180, "texture": "#0"}
			}
		},
		{
			"from": [11.6, 9, 9],
			"to": [16.6, 12, 10],
			"rotation": {"angle": -45, "axis": "y", "origin": [9.6, 8, 8]},
			"faces": {
				"north": {"uv": [0, 12, 9, 15], "texture": "#0"},
				"east": {"uv": [14, 9, 15, 12], "texture": "#0"},
				"south": {"uv": [10, 9, 15, 12], "texture": "#0"},
				"west": {"uv": [10, 9, 11, 12], "texture": "#0"},
				"up": {"uv": [11, 14, 16, 15], "texture": "#0"},
				"down": {"uv": [9, 14, 16, 15], "rotation": 180, "texture": "#0"}
			}
		},
		{
			"from": [12.6, 12, 9],
			"to": [15.6, 14, 10],
			"rotation": {"angle": -45, "axis": "y", "origin": [9.6, 8, 8]},
			"faces": {
				"north": {"uv": [0, 12, 9, 15], "texture": "#0"},
				"east": {"uv": [13, 7, 14, 9], "texture": "#0"},
				"south": {"uv": [11, 7, 14, 9], "texture": "#0"},
				"west": {"uv": [11, 7, 12, 9], "texture": "#0"},
				"up": {"uv": [13, 14, 16, 15], "texture": "#0"},
				"down": {"uv": [9, 14, 16, 15], "rotation": 180, "texture": "#0"}
			}
		},
		{
			"from": [13.6, 14, 9],
			"to": [14.6, 15, 10],
			"rotation": {"angle": -45, "axis": "y", "origin": [9.6, 8, 8]},
			"faces": {
				"north": {"uv": [0, 12, 9, 15], "texture": "#0"},
				"east": {"uv": [12, 6, 13, 7], "texture": "#0"},
				"south": {"uv": [12, 6, 13, 7], "texture": "#0"},
				"west": {"uv": [12, 6, 13, 7], "texture": "#0"},
				"up": {"uv": [12, 6, 13, 7], "rotation": 270, "texture": "#0"},
				"down": {"uv": [9, 14, 16, 15], "rotation": 180, "texture": "#0"}
			}
		},
		{
			"from": [5.3, -3.5, 1.6],
			"to": [10.7, -0.1, 6],
			"faces": {
				"north": {"uv": [3, 3, 7, 5], "texture": "#0"},
				"east": {"uv": [0, 3, 3, 5], "texture": "#0"},
				"south": {"uv": [10, 3, 14, 5], "texture": "#0"},
				"west": {"uv": [7, 3, 10, 5], "texture": "#0"},
				"up": {"uv": [3, 0, 7, 3], "texture": "#0"},
				"down": {"uv": [7, 0, 11, 3], "rotation": 180, "texture": "#0"}
			}
		},
		{
			"from": [3.85, -0.2, 5.375],
			"to": [6.65, 2.5, 5.375],
			"faces": {
				"north": {"uv": [16, 0, 0, 16], "texture": "#1"},
				"east": {"uv": [0, 3, 3, 5], "texture": "#0"},
				"south": {"uv": [16, 0, 16, 1], "texture": "#0"},
				"west": {"uv": [7, 3, 10, 5], "texture": "#0"},
				"up": {"uv": [3, 0, 7, 3], "texture": "#0"},
				"down": {"uv": [7, 0, 11, 3], "rotation": 180, "texture": "#0"}
			}
		},
		{
			"from": [9.35, -0.2, 5.375],
			"to": [12.15, 2.5, 5.375],
			"faces": {
				"north": {"uv": [0, 0, 16, 16], "texture": "#1"},
				"east": {"uv": [0, 3, 3, 5], "texture": "#0"},
				"south": {"uv": [16, 0, 16, 1], "texture": "#0"},
				"west": {"uv": [7, 3, 10, 5], "texture": "#0"},
				"up": {"uv": [3, 0, 7, 3], "texture": "#0"},
				"down": {"uv": [7, 0, 11, 3], "rotation": 180, "texture": "#0"}
			}
		}
	],
	"display": {
		"thirdperson_righthand": {
			"rotation": [0, 133, 0],
			"scale": [0.35, 0.35, 0.35]
		},
		"thirdperson_lefthand": {
			"rotation": [0.5, 133, 0],
			"scale": [0.35, 0.35, 0.35]
		},
		"firstperson_righthand": {
			"rotation": [0, 133, 0],
			"translation": [0, 2.75, 0],
			"scale": [0.35, 0.35, 0.35]
		},
		"firstperson_lefthand": {
			"rotation": [0, 133, 0],
			"translation": [0, 2.75, 0],
			"scale": [0.35, 0.35, 0.35]
		},
		"ground": {
			"scale": [0.39, 0.39, 0.39]
		},
		"gui": {
			"rotation": [46, 145, 0],
			"translation": [-0.75, -0.75, 0],
			"scale": [0.81, 0.81, 0.81]
		},
		"head": {
			"translation": [0, 6.75, -3.25],
			"scale": [1.21, 1.23, 1.23]
		},
		"fixed": {
			"translation": [0, 0, -5]
		}
	},
	"groups": [
		{
			"name": "group",
			"origin": [9, 8, 8],
			"children": [0, 1, 2, 3, 4, 5, 6, 7, 8, 9, 10]
		},
		{
			"name": "group",
			"origin": [9, 8, 8],
			"children": [11, 12, 13, 14, 15, 16, 17, 18, 19, 20, 21]
		}, 22, 23, 24]
}