{
	"credit": "Made with Blockbench",
	"textures": {
		"7": "hats/emodji/brown_terracotta",
		"8": "hats/emodji/brown_wool"
	},
	"elements": [
		{
			"from": [2, 6, 4],
			"to": [14, 7, 13],
			"faces": {
				"north": {"uv": [0, 0, 12, 1], "texture": "#7"},
				"east": {"uv": [0, 0, 9, 1], "texture": "#7"},
				"south": {"uv": [0, 0, 12, 1], "texture": "#7"},
				"west": {"uv": [0, 0, 9, 1], "texture": "#7"},
				"up": {"uv": [0, 0, 12, 9], "texture": "#7"},
				"down": {"uv": [0, 0, 12, 9], "texture": "#7"}
			}
		},
		{
			"from": [3, 5, 13],
			"to": [13, 6, 16],
			"faces": {
				"north": {"uv": [0, 0, 10, 1], "texture": "#7"},
				"east": {"uv": [0, 0, 3, 1], "texture": "#7"},
				"south": {"uv": [0, 0, 10, 1], "texture": "#7"},
				"west": {"uv": [0, 0, 3, 1], "texture": "#7"},
				"up": {"uv": [0, 0, 10, 3], "texture": "#7"},
				"down": {"uv": [0, 0, 10, 3], "texture": "#7"}
			}
		},
		{
			"from": [5, 4, 0],
			"to": [11, 5, 1],
			"faces": {
				"north": {"uv": [0, 0, 6, 1], "texture": "#7"},
				"east": {"uv": [0, 0, 1, 1], "texture": "#7"},
				"south": {"uv": [0, 0, 6, 1], "texture": "#7"},
				"west": {"uv": [0, 0, 1, 1], "texture": "#7"},
				"up": {"uv": [0, 0, 6, 1], "texture": "#7"},
				"down": {"uv": [0, 0, 6, 1], "texture": "#7"}
			}
		},
		{
			"from": [3, 5, 1],
			"to": [13, 6, 4],
			"faces": {
				"north": {"uv": [0, 0, 10, 1], "texture": "#7"},
				"east": {"uv": [0, 0, 3, 1], "texture": "#7"},
				"south": {"uv": [0, 0, 10, 1], "texture": "#7"},
				"west": {"uv": [0, 0, 3, 1], "texture": "#7"},
				"up": {"uv": [0, 0, 10, 3], "texture": "#7"},
				"down": {"uv": [0, 0, 10, 3], "texture": "#7"}
			}
		},
		{
			"from": [5, 4, 16],
			"to": [11, 5, 17],
			"faces": {
				"north": {"uv": [0, 0, 6, 1], "texture": "#7"},
				"east": {"uv": [0, 0, 1, 1], "texture": "#7"},
				"south": {"uv": [0, 0, 6, 1], "texture": "#7"},
				"west": {"uv": [0, 0, 1, 1], "texture": "#7"},
				"up": {"uv": [0, 0, 6, 1], "texture": "#7"},
				"down": {"uv": [0, 0, 6, 1], "texture": "#7"}
			}
		},
		{
			"from": [1, 6, 6],
			"to": [2, 7, 11],
			"faces": {
				"north": {"uv": [0, 0, 1, 1], "texture": "#7"},
				"east": {"uv": [0, 0, 5, 1], "texture": "#7"},
				"south": {"uv": [0, 0, 1, 1], "texture": "#7"},
				"west": {"uv": [0, 0, 5, 1], "texture": "#7"},
				"up": {"uv": [0, 0, 1, 5], "texture": "#7"},
				"down": {"uv": [0, 0, 1, 5], "texture": "#7"}
			}
		},
		{
			"from": [14, 6, 6],
			"to": [15, 7, 11],
			"faces": {
				"north": {"uv": [0, 0, 1, 1], "texture": "#7"},
				"east": {"uv": [0, 0, 5, 1], "texture": "#7"},
				"south": {"uv": [0, 0, 1, 1], "texture": "#7"},
				"west": {"uv": [0, 0, 5, 1], "texture": "#7"},
				"up": {"uv": [0, 0, 1, 5], "texture": "#7"},
				"down": {"uv": [0, 0, 1, 5], "texture": "#7"}
			}
		},
		{
			"from": [4, 6, 3],
			"to": [12, 6.5, 14],
			"faces": {
				"north": {"uv": [0, 0, 8, 0.5], "texture": "#7"},
				"east": {"uv": [0, 0, 11, 0.5], "texture": "#7"},
				"south": {"uv": [0, 0, 8, 0.5], "texture": "#7"},
				"west": {"uv": [0, 0, 11, 0.5], "texture": "#7"},
				"up": {"uv": [0, 0, 8, 11], "texture": "#7"},
				"down": {"uv": [0, 0, 8, 11], "texture": "#7"}
			}
		},
		{
			"from": [5, 5, 16],
			"to": [11, 5.5, 16.5],
			"faces": {
				"north": {"uv": [0, 0, 6, 0.5], "texture": "#7"},
				"east": {"uv": [0, 0, 0.5, 0.5], "texture": "#7"},
				"south": {"uv": [0, 0, 6, 0.5], "texture": "#7"},
				"west": {"uv": [0, 0, 0.5, 0.5], "texture": "#7"},
				"up": {"uv": [0, 0, 6, 0.5], "texture": "#7"},
				"down": {"uv": [0, 0, 6, 0.5], "texture": "#7"}
			}
		},
		{
			"from": [5, 5, 0.5],
			"to": [11, 5.5, 1],
			"faces": {
				"north": {"uv": [0, 0, 6, 0.5], "texture": "#7"},
				"east": {"uv": [0, 0, 0.5, 0.5], "texture": "#7"},
				"south": {"uv": [0, 0, 6, 0.5], "texture": "#7"},
				"west": {"uv": [0, 0, 0.5, 0.5], "texture": "#7"},
				"up": {"uv": [0, 0, 6, 0.5], "texture": "#7"},
				"down": {"uv": [0, 0, 6, 0.5], "texture": "#7"}
			}
		},
		{
			"from": [5, 7, 4],
			"to": [11, 9, 13],
			"faces": {
				"north": {"uv": [0, 0, 6, 2], "texture": "#7"},
				"east": {"uv": [0, 0, 9, 2], "texture": "#7"},
				"south": {"uv": [0, 0, 6, 2], "texture": "#7"},
				"west": {"uv": [0, 0, 9, 2], "texture": "#7"},
				"up": {"uv": [0, 0, 6, 9], "texture": "#7"},
				"down": {"uv": [0, 0, 6, 9], "texture": "#7"}
			}
		},
		{
			"from": [4, 7, 5],
			"to": [12, 9, 12],
			"faces": {
				"north": {"uv": [0, 0, 8, 2], "texture": "#7"},
				"east": {"uv": [0, 0, 7, 2], "texture": "#7"},
				"south": {"uv": [0, 0, 8, 2], "texture": "#7"},
				"west": {"uv": [0, 0, 7, 2], "texture": "#7"},
				"up": {"uv": [0, 0, 8, 7], "texture": "#7"},
				"down": {"uv": [0, 0, 8, 7], "texture": "#7"}
			}
		},
		{
			"from": [5, 8, 5],
			"to": [11, 11, 12],
			"faces": {
				"north": {"uv": [0, 0, 6, 3], "texture": "#7"},
				"east": {"uv": [0, 0, 7, 3], "texture": "#7"},
				"south": {"uv": [0, 0, 6, 3], "texture": "#7"},
				"west": {"uv": [0, 0, 7, 3], "texture": "#7"},
				"up": {"uv": [0, 0, 6, 7], "texture": "#7"},
				"down": {"uv": [0, 0, 6, 7], "texture": "#7"}
			}
		},
		{
			"from": [2, 5.4, 3],
			"to": [14, 6, 4],
			"faces": {
				"north": {"uv": [0, 0, 12, 0.6], "texture": "#7"},
				"east": {"uv": [0, 0, 1, 0.6], "texture": "#7"},
				"south": {"uv": [0, 0, 12, 0.6], "texture": "#7"},
				"west": {"uv": [0, 0, 1, 0.6], "texture": "#7"},
				"up": {"uv": [0, 0, 12, 1], "texture": "#7"},
				"down": {"uv": [0, 0, 12, 1], "texture": "#7"}
			}
		},
		{
			"from": [4, 4, 0.5],
			"to": [12, 5, 1],
			"faces": {
				"north": {"uv": [0, 0, 8, 1], "texture": "#7"},
				"east": {"uv": [0, 0, 0.5, 1], "texture": "#7"},
				"south": {"uv": [0, 0, 8, 1], "texture": "#7"},
				"west": {"uv": [0, 0, 0.5, 1], "texture": "#7"},
				"up": {"uv": [0, 0, 8, 0.5], "texture": "#7"},
				"down": {"uv": [0, 0, 8, 0.5], "texture": "#7"}
			}
		},
		{
			"from": [2, 5.5, 13],
			"to": [14, 6, 14],
			"faces": {
				"north": {"uv": [0, 0, 12, 0.5], "texture": "#7"},
				"east": {"uv": [0, 0, 1, 0.5], "texture": "#7"},
				"south": {"uv": [0, 0, 12, 0.5], "texture": "#7"},
				"west": {"uv": [0, 0, 1, 0.5], "texture": "#7"},
				"up": {"uv": [0, 0, 12, 1], "texture": "#7"},
				"down": {"uv": [0, 0, 12, 1], "texture": "#7"}
			}
		},
		{
			"from": [4, 4, 16],
			"to": [12, 5, 16.5],
			"faces": {
				"north": {"uv": [0, 0, 8, 1], "texture": "#7"},
				"east": {"uv": [0, 0, 0.5, 1], "texture": "#7"},
				"south": {"uv": [0, 0, 8, 1], "texture": "#7"},
				"west": {"uv": [0, 0, 0.5, 1], "texture": "#7"},
				"up": {"uv": [0, 0, 8, 0.5], "texture": "#7"},
				"down": {"uv": [0, 0, 8, 0.5], "texture": "#7"}
			}
		},
		{
			"from": [1, 6, 4],
			"to": [2, 6.5, 13],
			"faces": {
				"north": {"uv": [0, 0, 1, 0.5], "texture": "#7"},
				"east": {"uv": [0, 0, 9, 0.5], "texture": "#7"},
				"south": {"uv": [0, 0, 1, 0.5], "texture": "#7"},
				"west": {"uv": [0, 0, 9, 0.5], "texture": "#7"},
				"up": {"uv": [0, 0, 1, 9], "texture": "#7"},
				"down": {"uv": [0, 0, 1, 9], "texture": "#7"}
			}
		},
		{
			"from": [14, 6, 4],
			"to": [15, 6.5, 13],
			"faces": {
				"north": {"uv": [0, 0, 1, 0.5], "texture": "#7"},
				"east": {"uv": [0, 0, 9, 0.5], "texture": "#7"},
				"south": {"uv": [0, 0, 1, 0.5], "texture": "#7"},
				"west": {"uv": [0, 0, 9, 0.5], "texture": "#7"},
				"up": {"uv": [0, 0, 1, 9], "texture": "#7"},
				"down": {"uv": [0, 0, 1, 9], "texture": "#7"}
			}
		},
		{
			"from": [3.8, 7, 4.9],
			"to": [12.1, 8, 12.1],
			"faces": {
				"north": {"uv": [0, 0, 8.3, 1], "texture": "#8"},
				"east": {"uv": [0, 0, 7.2, 1], "texture": "#8"},
				"south": {"uv": [0, 0, 8.3, 1], "texture": "#8"},
				"west": {"uv": [0, 0, 7.2, 1], "texture": "#8"},
				"up": {"uv": [0, 0, 8.3, 7.2], "texture": "#8"},
				"down": {"uv": [0, 0, 8.3, 7.2], "texture": "#8"}
			}
		},
		{
			"from": [4.9, 7, 3.9],
			"to": [11.1, 8, 13.1],
			"faces": {
				"north": {"uv": [0, 0, 6.2, 1], "texture": "#8"},
				"east": {"uv": [0, 0, 9.2, 1], "texture": "#8"},
				"south": {"uv": [0, 0, 6.2, 1], "texture": "#8"},
				"west": {"uv": [0, 0, 9.2, 1], "texture": "#8"},
				"up": {"uv": [0, 0, 6.2, 9.2], "texture": "#8"},
				"down": {"uv": [0, 0, 6.2, 9.2], "texture": "#8"}
			}
		}
	],
	"display": {
		"thirdperson_righthand": {
			"rotation": [-10, 128, 15],
			"translation": [0, 2.5, -1.5],
			"scale": [0.47, 0.47, 0.47]
		},
		"thirdperson_lefthand": {
			"rotation": [-10, 128, 15],
			"translation": [0, 2.5, -1.5],
			"scale": [0.47, 0.47, 0.47]
		},
		"firstperson_righthand": {
			"rotation": [-10, 128, 15],
			"translation": [0, 2.5, -1.5],
			"scale": [0.47, 0.47, 0.47]
		},
		"firstperson_lefthand": {
			"rotation": [-10, 128, 15],
			"translation": [0, 2.5, -1.5],
			"scale": [0.47, 0.47, 0.47]
		},
		"ground": {
			"scale": [0.65, 0.65, 0.65]
		},
		"gui": {
			"rotation": [45, 133, 0],
			"translation": [0, 1.5, 0],
			"scale": [0.87, 0.87, 0.87]
		},
		"head": {
			"translation": [0, 9, 0],
			"scale": [1.62, 1.62, 1.62]
		},
		"fixed": {
			"rotation": [-90, 0, 0],
			"translation": [0, 0, -4]
		}
	}
}