{
	"credit": "Made with Blockbench",
	"textures": {
		"1": "hats/emodji/black_wool",
		"7": "hats/emodji/black_concrete",
		"particle": "hats/emodji/black_wool"
	},
	"elements": [
		{
			"from": [4, 0, 0],
			"to": [12, 1, 16],
			"faces": {
				"north": {"uv": [4, 15, 12, 16], "texture": "#7"},
				"east": {"uv": [0, 15, 16, 16], "texture": "#7"},
				"south": {"uv": [4, 15, 12, 16], "texture": "#7"},
				"west": {"uv": [0, 15, 16, 16], "texture": "#7"},
				"up": {"uv": [4, 0, 12, 16], "texture": "#7"},
				"down": {"uv": [4, 0, 12, 16], "texture": "#7"}
			}
		},
		{
			"from": [0, 0, 4],
			"to": [16, 1, 12],
			"faces": {
				"north": {"uv": [0, 15, 16, 16], "texture": "#7"},
				"east": {"uv": [4, 15, 12, 16], "texture": "#7"},
				"south": {"uv": [0, 15, 16, 16], "texture": "#7"},
				"west": {"uv": [4, 15, 12, 16], "texture": "#7"},
				"up": {"uv": [0, 4, 16, 12], "texture": "#7"},
				"down": {"uv": [0, 4, 16, 12], "texture": "#7"}
			}
		},
		{
			"from": [2, 0, 1],
			"to": [14, 1, 15],
			"faces": {
				"north": {"uv": [2, 15, 14, 16], "texture": "#7"},
				"east": {"uv": [1, 15, 15, 16], "texture": "#7"},
				"south": {"uv": [2, 15, 14, 16], "texture": "#7"},
				"west": {"uv": [1, 15, 15, 16], "texture": "#7"},
				"up": {"uv": [2, 1, 14, 15], "texture": "#7"},
				"down": {"uv": [2, 1, 14, 15], "texture": "#7"}
			}
		},
		{
			"from": [1, 0, 2],
			"to": [15, 1, 14],
			"faces": {
				"north": {"uv": [1, 15, 15, 16], "texture": "#7"},
				"east": {"uv": [2, 15, 14, 16], "texture": "#7"},
				"south": {"uv": [1, 15, 15, 16], "texture": "#7"},
				"west": {"uv": [2, 15, 14, 16], "texture": "#7"},
				"up": {"uv": [1, 2, 15, 14], "texture": "#7"},
				"down": {"uv": [1, 2, 15, 14], "texture": "#7"}
			}
		},
		{
			"from": [5, 1, 4],
			"to": [11, 4, 12],
			"faces": {
				"north": {"uv": [5, 12, 11, 15], "texture": "#7"},
				"east": {"uv": [4, 12, 12, 15], "texture": "#7"},
				"south": {"uv": [5, 12, 11, 15], "texture": "#7"},
				"west": {"uv": [4, 12, 12, 15], "texture": "#7"},
				"up": {"uv": [5, 4, 11, 12], "texture": "#7"},
				"down": {"uv": [5, 4, 11, 12], "texture": "#7"}
			}
		},
		{
			"from": [4, 1, 5],
			"to": [12, 4, 11],
			"faces": {
				"north": {"uv": [4, 12, 12, 15], "texture": "#7"},
				"east": {"uv": [5, 12, 11, 15], "texture": "#7"},
				"south": {"uv": [4, 12, 12, 15], "texture": "#7"},
				"west": {"uv": [5, 12, 11, 15], "texture": "#7"},
				"up": {"uv": [4, 5, 12, 11], "texture": "#7"},
				"down": {"uv": [4, 5, 12, 11], "texture": "#7"}
			}
		},
		{
			"from": [3.75, 1, 3.75],
			"to": [12.25, 2, 12.25],
			"faces": {
				"north": {"uv": [4, 14, 12, 15], "texture": "#1"},
				"east": {"uv": [4, 14, 12, 15], "texture": "#1"},
				"south": {"uv": [4, 14, 12, 15], "texture": "#1"},
				"west": {"uv": [4, 14, 12, 15], "texture": "#1"},
				"up": {"uv": [4, 4, 12, 12], "texture": "#1"},
				"down": {"uv": [4, 4, 12, 12], "texture": "#1"}
			}
		},
		{
			"from": [5, 2, 5],
			"to": [11, 5, 11],
			"faces": {
				"north": {"uv": [5, 11, 11, 14], "texture": "#7"},
				"east": {"uv": [5, 11, 11, 14], "texture": "#7"},
				"south": {"uv": [5, 11, 11, 14], "texture": "#7"},
				"west": {"uv": [5, 11, 11, 14], "texture": "#7"},
				"up": {"uv": [5, 5, 11, 11], "texture": "#7"},
				"down": {"uv": [5, 5, 11, 11], "texture": "#7"}
			}
		}
	],
	"display": {
		"thirdperson_righthand": {
			"rotation": [-10, 128, 15],
			"translation": [0, 1, -1.5],
			"scale": [0.31, 0.3, 0.32]
		},
		"thirdperson_lefthand": {
			"rotation": [-10, 128, 15],
			"translation": [-1, 1, -1.5],
			"scale": [0.31, 0.3, 0.32]
		},
		"firstperson_righthand": {
			"rotation": [7, 118, 15],
			"translation": [5.25, 1.5, -3.5],
			"scale": [0.47, 0.46, 0.45]
		},
		"firstperson_lefthand": {
			"rotation": [7, 118, 15],
			"translation": [5.25, 1.5, -3.5],
			"scale": [0.47, 0.46, 0.45]
		},
		"ground": {
			"scale": [0.47, 0.46, 0.45]
		},
		"gui": {
			"rotation": [45, 133, 0],
			"translation": [0, 5, 0],
			"scale": [0.91, 0.91, 0.91]
		},
		"head": {
			"translation": [-0.25, 18.75, 0],
			"scale": [1.59, 1.59, 1.59]
		},
		"fixed": {
			"rotation": [-90, 0, 0],
			"translation": [0, 0.25, -7.5]
		}
	}
}