{
	"credit": "Made by DrVECKER",
	"textures": {
		"0": "hats/emodji/light_gray_wool",
		"1": "hats/emodji/white_wool",
		"2": "hats/emodji/gray_wool",
		"particle": "hats/emodji/light_gray_wool"
	},
	"elements": [
		{
			"from": [-6, 12, 16.4],
			"to": [4, 19, 17.7],
			"rotation": {"angle": 0, "axis": "y", "origin": [13, 16, 17]},
			"faces": {
				"north": {"uv": [0, 0, 10, 7], "texture": "#1"},
				"east": {"uv": [0, 0, 1.3, 7], "texture": "#0"},
				"south": {"uv": [0, 0, 10, 7], "texture": "#0"},
				"west": {"uv": [0, 0, 1.3, 7], "texture": "#0"},
				"up": {"uv": [0, 0, 10, 1.3], "texture": "#0"},
				"down": {"uv": [0, 0, 10, 1.3], "texture": "#0"}
			}
		},
		{
			"from": [-4, 19, 16.4],
			"to": [2, 21, 17.7],
			"rotation": {"angle": 0, "axis": "y", "origin": [13, 16, 17]},
			"faces": {
				"north": {"uv": [0, 0, 6, 2], "texture": "#1"},
				"east": {"uv": [0, 0, 1.3, 2], "texture": "#0"},
				"south": {"uv": [0, 0, 6, 2], "texture": "#0"},
				"west": {"uv": [0, 0, 1.3, 2], "texture": "#0"},
				"up": {"uv": [0, 0, 6, 1.3], "texture": "#0"},
				"down": {"uv": [0, 0, 6, 1.3], "texture": "#0"}
			}
		},
		{
			"from": [-4, 10, 16.4],
			"to": [2, 12, 17.7],
			"rotation": {"angle": 0, "axis": "y", "origin": [13, 16, 17]},
			"faces": {
				"north": {"uv": [0, 0, 6, 2], "texture": "#1"},
				"east": {"uv": [0, 0, 1.3, 2], "texture": "#0"},
				"south": {"uv": [0, 0, 6, 2], "texture": "#0"},
				"west": {"uv": [0, 0, 1.3, 2], "texture": "#0"},
				"up": {"uv": [0, 0, 6, 1.3], "texture": "#0"},
				"down": {"uv": [0, 0, 6, 1.3], "texture": "#0"}
			}
		},
		{
			"from": [-4, 8, 15.1],
			"to": [2, 10, 16.4],
			"rotation": {"angle": 0, "axis": "y", "origin": [13, 16, 17]},
			"faces": {
				"north": {"uv": [0, 0, 6, 2], "texture": "#0"},
				"east": {"uv": [0, 0, 1.3, 2], "texture": "#0"},
				"south": {"uv": [0, 0, 6, 2], "texture": "#0"},
				"west": {"uv": [0, 0, 1.3, 2], "texture": "#0"},
				"up": {"uv": [0, 0, 6, 1.3], "texture": "#0"},
				"down": {"uv": [0, 0, 6, 1.3], "texture": "#0"}
			}
		},
		{
			"from": [-6, 10, 15.1],
			"to": [-4, 12, 16.4],
			"rotation": {"angle": 0, "axis": "y", "origin": [13, 16, 17]},
			"faces": {
				"north": {"uv": [0, 0, 2, 2], "texture": "#0"},
				"east": {"uv": [0, 0, 1.3, 2], "texture": "#0"},
				"south": {"uv": [0, 0, 2, 2], "texture": "#0"},
				"west": {"uv": [0, 0, 1.3, 2], "texture": "#0"},
				"up": {"uv": [0, 0, 2, 1.3], "texture": "#0"},
				"down": {"uv": [0, 0, 2, 1.3], "texture": "#0"}
			}
		},
		{
			"from": [-8, 12, 15.1],
			"to": [-6, 19, 16.4],
			"rotation": {"angle": 0, "axis": "y", "origin": [13, 16, 17]},
			"faces": {
				"north": {"uv": [0, 0, 2, 7], "texture": "#0"},
				"east": {"uv": [0, 0, 1.3, 7], "texture": "#0"},
				"south": {"uv": [0, 0, 2, 7], "texture": "#0"},
				"west": {"uv": [0, 0, 1.3, 7], "texture": "#0"},
				"up": {"uv": [0, 0, 2, 1.3], "texture": "#0"},
				"down": {"uv": [0, 0, 2, 1.3], "texture": "#0"}
			}
		},
		{
			"from": [-6, 19, 15.1],
			"to": [-4, 21, 16.4],
			"rotation": {"angle": 0, "axis": "y", "origin": [13, 16, 17]},
			"faces": {
				"north": {"uv": [0, 0, 2, 2], "texture": "#0"},
				"east": {"uv": [0, 0, 1.3, 2], "texture": "#0"},
				"south": {"uv": [0, 0, 2, 2], "texture": "#0"},
				"west": {"uv": [0, 0, 1.3, 2], "texture": "#0"},
				"up": {"uv": [0, 0, 2, 1.3], "texture": "#0"},
				"down": {"uv": [0, 0, 2, 1.3], "texture": "#0"}
			}
		},
		{
			"from": [-4, 21, 15.1],
			"to": [2, 23, 16.4],
			"rotation": {"angle": 0, "axis": "y", "origin": [13, 16, 17]},
			"faces": {
				"north": {"uv": [0, 0, 6, 2], "texture": "#0"},
				"east": {"uv": [0, 0, 1.3, 2], "texture": "#0"},
				"south": {"uv": [0, 0, 6, 2], "texture": "#0"},
				"west": {"uv": [0, 0, 1.3, 2], "texture": "#0"},
				"up": {"uv": [0, 0, 6, 1.3], "texture": "#0"},
				"down": {"uv": [0, 0, 6, 1.3], "texture": "#0"}
			}
		},
		{
			"from": [2, 19, 15.1],
			"to": [4, 21, 16.4],
			"rotation": {"angle": 0, "axis": "y", "origin": [13, 16, 17]},
			"faces": {
				"north": {"uv": [0, 0, 2, 2], "texture": "#0"},
				"east": {"uv": [0, 0, 1.3, 2], "texture": "#0"},
				"south": {"uv": [0, 0, 2, 2], "texture": "#0"},
				"west": {"uv": [0, 0, 1.3, 2], "texture": "#0"},
				"up": {"uv": [0, 0, 2, 1.3], "texture": "#0"},
				"down": {"uv": [0, 0, 2, 1.3], "texture": "#0"}
			}
		},
		{
			"from": [4, 12, 15.1],
			"to": [6, 19, 16.4],
			"rotation": {"angle": 0, "axis": "y", "origin": [13, 16, 17]},
			"faces": {
				"north": {"uv": [0, 0, 2, 7], "texture": "#0"},
				"east": {"uv": [0, 0, 1.3, 7], "texture": "#0"},
				"south": {"uv": [0, 0, 2, 7], "texture": "#0"},
				"west": {"uv": [0, 0, 1.3, 7], "texture": "#0"},
				"up": {"uv": [0, 0, 2, 1.3], "texture": "#0"},
				"down": {"uv": [0, 0, 2, 1.3], "texture": "#0"}
			}
		},
		{
			"from": [2, 10, 15.1],
			"to": [4, 12, 16.4],
			"rotation": {"angle": 0, "axis": "y", "origin": [13, 16, 17]},
			"faces": {
				"north": {"uv": [0, 0, 2, 2], "texture": "#0"},
				"east": {"uv": [0, 0, 1.3, 2], "texture": "#0"},
				"south": {"uv": [0, 0, 2, 2], "texture": "#0"},
				"west": {"uv": [0, 0, 1.3, 2], "texture": "#0"},
				"up": {"uv": [0, 0, 2, 1.3], "texture": "#0"},
				"down": {"uv": [0, 0, 2, 1.3], "texture": "#0"}
			}
		},
		{
			"from": [14, 10, 16.4],
			"to": [20, 12, 17.7],
			"rotation": {"angle": 0, "axis": "y", "origin": [2, 16, 17]},
			"faces": {
				"north": {"uv": [0, 0, 6, 2], "texture": "#1"},
				"east": {"uv": [0, 0, 1.3, 2], "texture": "#0"},
				"south": {"uv": [0, 0, 6, 2], "texture": "#0"},
				"west": {"uv": [0, 0, 1.3, 2], "texture": "#0"},
				"up": {"uv": [0, 0, 6, 1.3], "texture": "#0"},
				"down": {"uv": [0, 0, 6, 1.3], "texture": "#0"}
			}
		},
		{
			"from": [14, 19, 16.4],
			"to": [20, 21, 17.7],
			"rotation": {"angle": 0, "axis": "y", "origin": [2, 16, 17]},
			"faces": {
				"north": {"uv": [0, 0, 6, 2], "texture": "#1"},
				"east": {"uv": [0, 0, 1.3, 2], "texture": "#0"},
				"south": {"uv": [0, 0, 6, 2], "texture": "#0"},
				"west": {"uv": [0, 0, 1.3, 2], "texture": "#0"},
				"up": {"uv": [0, 0, 6, 1.3], "texture": "#0"},
				"down": {"uv": [0, 0, 6, 1.3], "texture": "#0"}
			}
		},
		{
			"from": [12, 12, 16.4],
			"to": [22, 19, 17.7],
			"rotation": {"angle": 0, "axis": "y", "origin": [2, 16, 17]},
			"faces": {
				"north": {"uv": [0, 0, 10, 7], "texture": "#1"},
				"east": {"uv": [0, 0, 1.3, 7], "texture": "#0"},
				"south": {"uv": [0, 0, 10, 7], "texture": "#0"},
				"west": {"uv": [0, 0, 1.3, 7], "texture": "#0"},
				"up": {"uv": [0, 0, 10, 1.3], "texture": "#0"},
				"down": {"uv": [0, 0, 10, 1.3], "texture": "#0"}
			}
		},
		{
			"from": [22, 12, 15.1],
			"to": [24, 19, 16.4],
			"rotation": {"angle": 0, "axis": "y", "origin": [2, 16, 17]},
			"faces": {
				"north": {"uv": [0, 0, 2, 7], "texture": "#0"},
				"east": {"uv": [0, 0, 1.3, 7], "texture": "#0"},
				"south": {"uv": [0, 0, 2, 7], "texture": "#0"},
				"west": {"uv": [0, 0, 1.3, 7], "texture": "#0"},
				"up": {"uv": [0, 0, 2, 1.3], "texture": "#0"},
				"down": {"uv": [0, 0, 2, 1.3], "texture": "#0"}
			}
		},
		{
			"from": [10, 12, 15.1],
			"to": [12, 19, 16.4],
			"rotation": {"angle": 0, "axis": "y", "origin": [2, 16, 17]},
			"faces": {
				"north": {"uv": [0, 0, 2, 7], "texture": "#0"},
				"east": {"uv": [0, 0, 1.3, 7], "texture": "#0"},
				"south": {"uv": [0, 0, 2, 7], "texture": "#0"},
				"west": {"uv": [0, 0, 1.3, 7], "texture": "#0"},
				"up": {"uv": [0, 0, 2, 1.3], "texture": "#0"},
				"down": {"uv": [0, 0, 2, 1.3], "texture": "#0"}
			}
		},
		{
			"from": [12, 10, 15.1],
			"to": [14, 12, 16.4],
			"rotation": {"angle": 0, "axis": "y", "origin": [2, 16, 17]},
			"faces": {
				"north": {"uv": [0, 0, 2, 2], "texture": "#0"},
				"east": {"uv": [0, 0, 1.3, 2], "texture": "#0"},
				"south": {"uv": [0, 0, 2, 2], "texture": "#0"},
				"west": {"uv": [0, 0, 1.3, 2], "texture": "#0"},
				"up": {"uv": [0, 0, 2, 1.3], "texture": "#0"},
				"down": {"uv": [0, 0, 2, 1.3], "texture": "#0"}
			}
		},
		{
			"from": [12, 19, 15.1],
			"to": [14, 21, 16.4],
			"rotation": {"angle": 0, "axis": "y", "origin": [2, 16, 17]},
			"faces": {
				"north": {"uv": [0, 0, 2, 2], "texture": "#0"},
				"east": {"uv": [0, 0, 1.3, 2], "texture": "#0"},
				"south": {"uv": [0, 0, 2, 2], "texture": "#0"},
				"west": {"uv": [0, 0, 1.3, 2], "texture": "#0"},
				"up": {"uv": [0, 0, 2, 1.3], "texture": "#0"},
				"down": {"uv": [0, 0, 2, 1.3], "texture": "#0"}
			}
		},
		{
			"from": [14, 8, 15.1],
			"to": [20, 10, 16.4],
			"rotation": {"angle": 0, "axis": "y", "origin": [2, 16, 17]},
			"faces": {
				"north": {"uv": [0, 0, 6, 2], "texture": "#0"},
				"east": {"uv": [0, 0, 1.3, 2], "texture": "#0"},
				"south": {"uv": [0, 0, 6, 2], "texture": "#0"},
				"west": {"uv": [0, 0, 1.3, 2], "texture": "#0"},
				"up": {"uv": [0, 0, 6, 1.3], "texture": "#0"},
				"down": {"uv": [0, 0, 6, 1.3], "texture": "#0"}
			}
		},
		{
			"from": [20, 10, 15.1],
			"to": [22, 12, 16.4],
			"rotation": {"angle": 0, "axis": "y", "origin": [2, 16, 17]},
			"faces": {
				"north": {"uv": [0, 0, 2, 2], "texture": "#0"},
				"east": {"uv": [0, 0, 1.3, 2], "texture": "#0"},
				"south": {"uv": [0, 0, 2, 2], "texture": "#0"},
				"west": {"uv": [0, 0, 1.3, 2], "texture": "#0"},
				"up": {"uv": [0, 0, 2, 1.3], "texture": "#0"},
				"down": {"uv": [0, 0, 2, 1.3], "texture": "#0"}
			}
		},
		{
			"from": [14, 21, 15.1],
			"to": [20, 23, 16.4],
			"rotation": {"angle": 0, "axis": "y", "origin": [2, 16, 17]},
			"faces": {
				"north": {"uv": [0, 0, 6, 2], "texture": "#0"},
				"east": {"uv": [0, 0, 1.3, 2], "texture": "#0"},
				"south": {"uv": [0, 0, 6, 2], "texture": "#0"},
				"west": {"uv": [0, 0, 1.3, 2], "texture": "#0"},
				"up": {"uv": [0, 0, 6, 1.3], "texture": "#0"},
				"down": {"uv": [0, 0, 6, 1.3], "texture": "#0"}
			}
		},
		{
			"from": [20, 19, 15.1],
			"to": [22, 21, 16.4],
			"rotation": {"angle": 0, "axis": "y", "origin": [2, 16, 17]},
			"faces": {
				"north": {"uv": [0, 0, 2, 2], "texture": "#0"},
				"east": {"uv": [0, 0, 1.3, 2], "texture": "#0"},
				"south": {"uv": [0, 0, 2, 2], "texture": "#0"},
				"west": {"uv": [0, 0, 1.3, 2], "texture": "#0"},
				"up": {"uv": [0, 0, 2, 1.3], "texture": "#0"},
				"down": {"uv": [0, 0, 2, 1.3], "texture": "#0"}
			}
		},
		{
			"from": [6, -0.4, 6.5],
			"to": [10, 5.6, 8.5],
			"faces": {
				"north": {"uv": [0, 0, 4, 6], "texture": "#2"},
				"east": {"uv": [0, 0, 2, 6], "texture": "#2"},
				"south": {"uv": [0, 0, 4, 6], "texture": "#2"},
				"west": {"uv": [0, 0, 2, 6], "texture": "#2"},
				"up": {"uv": [0, 0, 4, 2], "texture": "#2"},
				"down": {"uv": [0, 0, 4, 2], "texture": "#2"}
			}
		}
	],
	"display": {
		"thirdperson_righthand": {
			"rotation": [-10, 128, 15],
			"translation": [0, 1, -1.5],
			"scale": [0.31, 0.3, 0.32]
		},
		"thirdperson_lefthand": {
			"rotation": [-10, 128, 15],
			"translation": [-1, 1, -1.5],
			"scale": [0.31, 0.3, 0.32]
		},
		"firstperson_righthand": {
			"rotation": [-10, 128, 15],
			"translation": [3.5, 5, -3.5],
			"scale": [0.47, 0.46, 0.45]
		},
		"firstperson_lefthand": {
			"rotation": [-10, 128, 15],
			"translation": [3.5, 5, -3.5],
			"scale": [0.47, 0.46, 0.45]
		},
		"ground": {
			"scale": [0.47, 0.46, 0.45]
		},
		"gui": {
			"rotation": [45, 133, 0],
			"translation": [0, 3.75, 0],
			"scale": [0.61, 0.62, 0.61]
		},
		"head": {
			"translation": [0, 0.25, -6.25],
			"scale": [0.81, 0.81, 0.81]
		},
		"fixed": {
			"translation": [0, 7.75, 0]
		}
	},
	"groups": [
		{
			"name": "group",
			"origin": [8, 8, 8],
			"children": []
		},
		{
			"name": "group",
			"origin": [8, 8, 8],
			"children": [0, 1, 2, 3, 4, 5, 6, 7, 8, 9, 10]
		},
		{
			"name": "group",
			"origin": [8, 8, 8],
			"children": [11, 12, 13, 14, 15, 16, 17, 18, 19, 20, 21]
		}, 22]
}