{
	"credit": "Made with Blockbench",
	"textures": {
		"7": "hats/emodji/black_concrete",
		"1_6": "hats/emodji/black_wool"
	},
	"elements": [
		{
			"from": [4, 0, 3],
			"to": [12, 1, 13],
			"faces": {
				"north": {"uv": [4, 15, 12, 16], "texture": "#1_6"},
				"east": {"uv": [3, 15, 13, 16], "texture": "#1_6"},
				"south": {"uv": [4, 15, 12, 16], "texture": "#1_6"},
				"west": {"uv": [3, 15, 13, 16], "texture": "#1_6"},
				"up": {"uv": [4, 3, 12, 13], "texture": "#1_6"},
				"down": {"uv": [4, 3, 12, 13], "texture": "#1_6"}
			}
		},
		{
			"from": [3, 0, 4],
			"to": [13, 1, 12],
			"faces": {
				"north": {"uv": [3, 15, 13, 16], "texture": "#1_6"},
				"east": {"uv": [4, 15, 12, 16], "texture": "#1_6"},
				"south": {"uv": [3, 15, 13, 16], "texture": "#1_6"},
				"west": {"uv": [4, 15, 12, 16], "texture": "#1_6"},
				"up": {"uv": [3, 4, 13, 12], "texture": "#1_6"},
				"down": {"uv": [3, 4, 13, 12], "texture": "#1_6"}
			}
		},
		{
			"from": [5, 1, 4],
			"to": [11, 4, 12],
			"faces": {
				"north": {"uv": [5, 12, 11, 15], "texture": "#7"},
				"east": {"uv": [4, 12, 12, 15], "texture": "#7"},
				"south": {"uv": [5, 12, 11, 15], "texture": "#7"},
				"west": {"uv": [4, 12, 12, 15], "texture": "#7"},
				"up": {"uv": [5, 4, 11, 12], "texture": "#7"},
				"down": {"uv": [5, 4, 11, 12], "texture": "#7"}
			}
		},
		{
			"from": [4, 1, 5],
			"to": [12, 4, 11],
			"faces": {
				"north": {"uv": [4, 12, 12, 15], "texture": "#7"},
				"east": {"uv": [5, 12, 11, 15], "texture": "#7"},
				"south": {"uv": [4, 12, 12, 15], "texture": "#7"},
				"west": {"uv": [5, 12, 11, 15], "texture": "#7"},
				"up": {"uv": [4, 5, 12, 11], "texture": "#7"},
				"down": {"uv": [4, 5, 12, 11], "texture": "#7"}
			}
		},
		{
			"from": [4, 1, 4],
			"to": [12, 2, 12],
			"faces": {
				"north": {"uv": [4, 14, 12, 15], "texture": "#7"},
				"east": {"uv": [4, 14, 12, 15], "texture": "#7"},
				"south": {"uv": [4, 14, 12, 15], "texture": "#7"},
				"west": {"uv": [4, 14, 12, 15], "texture": "#7"},
				"up": {"uv": [4, 4, 12, 12], "texture": "#7"},
				"down": {"uv": [4, 4, 12, 12], "texture": "#7"}
			}
		},
		{
			"from": [5, 2, 5],
			"to": [11, 5, 11],
			"faces": {
				"north": {"uv": [5, 11, 11, 14], "texture": "#7"},
				"east": {"uv": [5, 11, 11, 14], "texture": "#7"},
				"south": {"uv": [5, 11, 11, 14], "texture": "#7"},
				"west": {"uv": [5, 11, 11, 14], "texture": "#7"},
				"up": {"uv": [5, 5, 11, 11], "texture": "#7"},
				"down": {"uv": [5, 5, 11, 11], "texture": "#7"}
			}
		}
	],
	"display": {
		"thirdperson_righthand": {
			"rotation": [-10, 128, 15],
			"translation": [0, 1, -1.5],
			"scale": [0.31, 0.3, 0.32]
		},
		"thirdperson_lefthand": {
			"rotation": [-10, 128, 15],
			"translation": [-1, 1, -1.5],
			"scale": [0.31, 0.3, 0.32]
		},
		"firstperson_righthand": {
			"rotation": [7, 118, 15],
			"translation": [5.25, 1.5, -3.5],
			"scale": [0.47, 0.46, 0.45]
		},
		"firstperson_lefthand": {
			"rotation": [7, 118, 15],
			"translation": [5.25, 1.5, -3.5],
			"scale": [0.47, 0.46, 0.45]
		},
		"ground": {
			"scale": [0.47, 0.46, 0.45]
		},
		"gui": {
			"rotation": [45, 133, 0],
			"translation": [0, 4.25, 0],
			"scale": [1.06, 1.06, 1.06]
		},
		"head": {
			"translation": [-0.25, 18.75, 0],
			"scale": [1.59, 1.59, 1.59]
		},
		"fixed": {
			"rotation": [-90, 0, 0],
			"translation": [0, 0.25, -7.5]
		}
	}
}