{
	"credit": "Made with Blockbench",
	"textures": {
		"5": "hats/emodji/yellow_terracotta",
		"7": "hats/emodji/black_concrete",
		"17": "hats/emodji/blue_concrete1",
		"1_6": "hats/emodji/black_wool"
	},
	"elements": [
		{
			"from": [4, 0, 3],
			"to": [12, 1, 13],
			"faces": {
				"north": {"uv": [4, 15, 12, 16], "texture": "#1_6"},
				"east": {"uv": [3, 15, 13, 16], "texture": "#1_6"},
				"south": {"uv": [4, 15, 12, 16], "texture": "#1_6"},
				"west": {"uv": [3, 15, 13, 16], "texture": "#1_6"},
				"up": {"uv": [4, 3, 12, 13], "texture": "#1_6"},
				"down": {"uv": [4, 3, 12, 13], "texture": "#1_6"}
			}
		},
		{
			"from": [3, 0, 4],
			"to": [13, 1, 12],
			"faces": {
				"north": {"uv": [3, 15, 13, 16], "texture": "#1_6"},
				"east": {"uv": [4, 15, 12, 16], "texture": "#1_6"},
				"south": {"uv": [3, 15, 13, 16], "texture": "#1_6"},
				"west": {"uv": [4, 15, 12, 16], "texture": "#1_6"},
				"up": {"uv": [3, 4, 13, 12], "texture": "#1_6"},
				"down": {"uv": [3, 4, 13, 12], "texture": "#1_6"}
			}
		},
		{
			"from": [5, 1, 4],
			"to": [11, 4, 12],
			"faces": {
				"north": {"uv": [5, 12, 11, 15], "texture": "#7"},
				"east": {"uv": [4, 12, 12, 15], "texture": "#7"},
				"south": {"uv": [5, 12, 11, 15], "texture": "#7"},
				"west": {"uv": [4, 12, 12, 15], "texture": "#7"},
				"up": {"uv": [5, 4, 11, 12], "texture": "#7"},
				"down": {"uv": [5, 4, 11, 12], "texture": "#7"}
			}
		},
		{
			"from": [4, 1, 5],
			"to": [12, 4, 11],
			"faces": {
				"north": {"uv": [4, 12, 12, 15], "texture": "#7"},
				"east": {"uv": [5, 12, 11, 15], "texture": "#7"},
				"south": {"uv": [4, 12, 12, 15], "texture": "#7"},
				"west": {"uv": [5, 12, 11, 15], "texture": "#7"},
				"up": {"uv": [4, 5, 12, 11], "texture": "#7"},
				"down": {"uv": [4, 5, 12, 11], "texture": "#7"}
			}
		},
		{
			"from": [4, 1, 4],
			"to": [12, 2, 12],
			"faces": {
				"north": {"uv": [4, 14, 12, 15], "texture": "#7"},
				"east": {"uv": [4, 14, 12, 15], "texture": "#7"},
				"south": {"uv": [4, 14, 12, 15], "texture": "#7"},
				"west": {"uv": [4, 14, 12, 15], "texture": "#7"},
				"up": {"uv": [4, 4, 12, 12], "texture": "#7"},
				"down": {"uv": [4, 4, 12, 12], "texture": "#7"}
			}
		},
		{
			"from": [5, 2, 5],
			"to": [11, 5, 11],
			"faces": {
				"north": {"uv": [5, 11, 11, 14], "texture": "#7"},
				"east": {"uv": [5, 11, 11, 14], "texture": "#7"},
				"south": {"uv": [5, 11, 11, 14], "texture": "#7"},
				"west": {"uv": [5, 11, 11, 14], "texture": "#7"},
				"up": {"uv": [5, 5, 11, 11], "texture": "#7"},
				"down": {"uv": [5, 5, 11, 11], "texture": "#7"}
			}
		},
		{
			"from": [5.4, -2.5, 3.8],
			"to": [7.15, -2, 4.3],
			"faces": {
				"north": {"uv": [8.85, 16, 10.6, 16], "texture": "#5"},
				"east": {"uv": [11.7, 16, 12.2, 16], "texture": "#5"},
				"south": {"uv": [5.4, 16, 7.15, 16], "texture": "#5"},
				"west": {"uv": [3.8, 16, 4.3, 16], "texture": "#5"},
				"up": {"uv": [5.4, 3.8, 7.15, 4.3], "texture": "#5"},
				"down": {"uv": [5.4, 11.7, 7.15, 12.2], "texture": "#5"}
			}
		},
		{
			"from": [4.9, -4.25, 3.8],
			"to": [5.4, -2.5, 4.3],
			"faces": {
				"north": {"uv": [10.6, 16, 11.1, 16], "texture": "#5"},
				"east": {"uv": [11.7, 16, 12.2, 16], "texture": "#5"},
				"south": {"uv": [4.9, 16, 5.4, 16], "texture": "#5"},
				"west": {"uv": [3.8, 16, 4.3, 16], "texture": "#5"},
				"up": {"uv": [4.9, 3.8, 5.4, 4.3], "texture": "#5"},
				"down": {"uv": [4.9, 11.7, 5.4, 12.2], "texture": "#5"}
			}
		},
		{
			"from": [7.15, -4.25, 3.8],
			"to": [7.65, -2.5, 4.3],
			"faces": {
				"north": {"uv": [8.35, 16, 8.85, 16], "texture": "#5"},
				"east": {"uv": [11.7, 16, 12.2, 16], "texture": "#5"},
				"south": {"uv": [7.15, 16, 7.65, 16], "texture": "#5"},
				"west": {"uv": [3.8, 16, 4.3, 16], "texture": "#5"},
				"up": {"uv": [7.15, 3.8, 7.65, 4.3], "texture": "#5"},
				"down": {"uv": [7.15, 11.7, 7.65, 12.2], "texture": "#5"}
			}
		},
		{
			"from": [5.4, -4.75, 3.8],
			"to": [7.15, -4.25, 4.3],
			"faces": {
				"north": {"uv": [8.85, 16, 10.6, 16], "texture": "#5"},
				"east": {"uv": [11.7, 16, 12.2, 16], "texture": "#5"},
				"south": {"uv": [5.4, 16, 7.15, 16], "texture": "#5"},
				"west": {"uv": [3.8, 16, 4.3, 16], "texture": "#5"},
				"up": {"uv": [5.4, 3.8, 7.15, 4.3], "texture": "#5"},
				"down": {"uv": [5.4, 11.7, 7.15, 12.2], "texture": "#5"}
			}
		},
		{
			"from": [5.4, -4.25, 3.9],
			"to": [7.15, -2.5, 4.2],
			"faces": {
				"north": {"uv": [0, 0, 1.75, 1.75], "texture": "#17"},
				"east": {"uv": [0, 0, 1.75, 1.75], "texture": "#17"},
				"south": {"uv": [0, 0, 1.75, 1.75], "texture": "#17"},
				"west": {"uv": [0, 0, 1.75, 1.75], "texture": "#17"},
				"up": {"uv": [0, 0, 1.75, 1.75], "texture": "#17"},
				"down": {"uv": [0, 0, 1.75, 1.75], "texture": "#17"}
			}
		},
		{
			"from": [3.9053, -4.29676, 4.30396],
			"to": [4.4053, -3.74676, 5.30396],
			"faces": {
				"north": {"uv": [11.7, 16, 12.2, 16], "texture": "#5"},
				"east": {"uv": [4.9, 16, 5.4, 16], "texture": "#5"},
				"south": {"uv": [3.8, 16, 4.3, 16], "texture": "#5"},
				"west": {"uv": [10.6, 16, 11.1, 16], "texture": "#5"},
				"up": {"uv": [4.9, 3.8, 5.4, 4.3], "rotation": 270, "texture": "#5"},
				"down": {"uv": [4.9, 11.7, 5.4, 12.2], "rotation": 90, "texture": "#5"}
			}
		},
		{
			"from": [4.4, -3.75, 3.8],
			"to": [4.9, -3.2, 4.3],
			"faces": {
				"north": {"uv": [10.6, 16, 11.1, 16], "texture": "#5"},
				"east": {"uv": [11.7, 16, 12.2, 16], "texture": "#5"},
				"south": {"uv": [4.9, 16, 5.4, 16], "texture": "#5"},
				"west": {"uv": [3.8, 16, 4.3, 16], "texture": "#5"},
				"up": {"uv": [4.9, 3.8, 5.4, 4.3], "texture": "#5"},
				"down": {"uv": [4.9, 11.7, 5.4, 12.2], "texture": "#5"}
			}
		},
		{
			"from": [3.9053, -3.74676, 5.27896],
			"to": [4.4053, -3.19676, 5.77896],
			"faces": {
				"north": {"uv": [11.7, 16, 12.2, 16], "texture": "#5"},
				"east": {"uv": [4.9, 16, 5.4, 16], "texture": "#5"},
				"south": {"uv": [3.8, 16, 4.3, 16], "texture": "#5"},
				"west": {"uv": [10.6, 16, 11.1, 16], "texture": "#5"},
				"up": {"uv": [4.9, 3.8, 5.4, 4.3], "rotation": 270, "texture": "#5"},
				"down": {"uv": [4.9, 11.7, 5.4, 12.2], "rotation": 90, "texture": "#5"}
			}
		},
		{
			"from": [3.9053, -3.19676, 5.75396],
			"to": [4.4053, -2.09676, 6.25396],
			"faces": {
				"north": {"uv": [11.7, 16, 12.2, 16], "texture": "#5"},
				"east": {"uv": [4.9, 16, 5.4, 16], "texture": "#5"},
				"south": {"uv": [3.8, 16, 4.3, 16], "texture": "#5"},
				"west": {"uv": [10.6, 16, 11.1, 16], "texture": "#5"},
				"up": {"uv": [4.9, 3.8, 5.4, 4.3], "rotation": 270, "texture": "#5"},
				"down": {"uv": [4.9, 11.7, 5.4, 12.2], "rotation": 90, "texture": "#5"}
			}
		},
		{
			"from": [3.9053, -2.09676, 6.25396],
			"to": [4.4053, -0.49676, 6.75396],
			"faces": {
				"north": {"uv": [11.7, 16, 12.2, 16], "texture": "#5"},
				"east": {"uv": [4.9, 16, 5.4, 16], "texture": "#5"},
				"south": {"uv": [3.8, 16, 4.3, 16], "texture": "#5"},
				"west": {"uv": [10.6, 16, 11.1, 16], "texture": "#5"},
				"up": {"uv": [4.9, 3.8, 5.4, 4.3], "rotation": 270, "texture": "#5"},
				"down": {"uv": [4.9, 11.7, 5.4, 12.2], "rotation": 90, "texture": "#5"}
			}
		}
	],
	"display": {
		"thirdperson_righthand": {
			"rotation": [-10, 128, 15],
			"translation": [0, 1, -1.5],
			"scale": [0.31, 0.3, 0.32]
		},
		"thirdperson_lefthand": {
			"rotation": [-10, 128, 15],
			"translation": [-1, 1, -1.5],
			"scale": [0.31, 0.3, 0.32]
		},
		"firstperson_righthand": {
			"rotation": [7, 118, 15],
			"translation": [5.25, 1.5, -3.5],
			"scale": [0.47, 0.46, 0.45]
		},
		"firstperson_lefthand": {
			"rotation": [7, 118, 15],
			"translation": [5.25, 1.5, -3.5],
			"scale": [0.47, 0.46, 0.45]
		},
		"ground": {
			"scale": [0.47, 0.46, 0.45]
		},
		"gui": {
			"rotation": [45, 133, 0],
			"translation": [0, 5.75, 0],
			"scale": [1.06, 1.06, 1.06]
		},
		"head": {
			"translation": [0, 18.75, 0],
			"scale": [1.85, 1.85, 1.85]
		},
		"fixed": {
			"rotation": [-90, 0, 0],
			"translation": [0, 0.25, -7.5]
		}
	},
	"groups": [
		{
			"name": "group",
			"children": [0, 1, 2, 3, 4, 5]
		},
		{
			"name": "group",
			"children": [6, 7, 8, 9,
				{
					"name": "group",
					"children": [10]
				}, 11, 12, 13, 14, 15]
		}
	]
}