{
	"credit": "Made by DrVECKER",
	"textures": {
		"3": "hats/emodji/yellow_concrete",
		"4": "hats/emodji/yellow_terracotta",
		"6": "hats/emodji/black_concrete",
		"10": "hats/emodji/red_concrete",
		"particle": "hats/emodji/yellow_concrete"
	},
	"elements": [
		{
			"from": [6, 0, 2],
			"to": [10, 1, 14],
			"faces": {
				"north": {"uv": [6, 15, 10, 16], "texture": "#6"},
				"east": {"uv": [2, 15, 14, 16], "texture": "#6"},
				"south": {"uv": [6, 15, 10, 16], "texture": "#6"},
				"west": {"uv": [2, 15, 14, 16], "texture": "#6"},
				"up": {"uv": [6, 2, 10, 14], "texture": "#6"},
				"down": {"uv": [6, 2, 10, 14], "texture": "#6"}
			}
		},
		{
			"from": [2, 0, 6],
			"to": [14, 1, 10],
			"faces": {
				"north": {"uv": [2, 15, 14, 16], "texture": "#6"},
				"east": {"uv": [6, 15, 10, 16], "texture": "#6"},
				"south": {"uv": [2, 15, 14, 16], "texture": "#6"},
				"west": {"uv": [6, 15, 10, 16], "texture": "#6"},
				"up": {"uv": [2, 6, 14, 10], "texture": "#6"},
				"down": {"uv": [2, 6, 14, 10], "texture": "#6"}
			}
		},
		{
			"from": [3, 0, 4],
			"to": [7, 1, 12],
			"faces": {
				"north": {"uv": [9, 15, 13, 16], "texture": "#6"},
				"east": {"uv": [4, 15, 12, 16], "texture": "#6"},
				"south": {"uv": [3, 15, 7, 16], "texture": "#6"},
				"west": {"uv": [4, 15, 12, 16], "texture": "#6"},
				"up": {"uv": [3, 4, 7, 12], "texture": "#6"},
				"down": {"uv": [3, 4, 7, 12], "texture": "#6"}
			}
		},
		{
			"from": [9, 0, 4],
			"to": [13, 1, 12],
			"faces": {
				"north": {"uv": [3, 15, 7, 16], "texture": "#6"},
				"east": {"uv": [4, 15, 12, 16], "texture": "#6"},
				"south": {"uv": [9, 15, 13, 16], "texture": "#6"},
				"west": {"uv": [4, 15, 12, 16], "texture": "#6"},
				"up": {"uv": [9, 4, 13, 12], "texture": "#6"},
				"down": {"uv": [9, 4, 13, 12], "texture": "#6"}
			}
		},
		{
			"from": [4, 0, 3],
			"to": [12, 1, 13],
			"faces": {
				"north": {"uv": [4, 15, 12, 16], "texture": "#6"},
				"east": {"uv": [3, 15, 13, 16], "texture": "#6"},
				"south": {"uv": [4, 15, 12, 16], "texture": "#6"},
				"west": {"uv": [3, 15, 13, 16], "texture": "#6"},
				"up": {"uv": [4, 3, 12, 13], "texture": "#6"},
				"down": {"uv": [4, 3, 12, 13], "texture": "#6"}
			}
		},
		{
			"from": [10, 1, 6],
			"to": [11, 2, 10],
			"faces": {
				"north": {"uv": [5, 14, 6, 15], "texture": "#10"},
				"east": {"uv": [6, 14, 10, 15], "texture": "#10"},
				"south": {"uv": [10, 14, 11, 15], "texture": "#10"},
				"west": {"uv": [6, 14, 10, 15], "texture": "#10"},
				"up": {"uv": [10, 6, 11, 10], "texture": "#10"},
				"down": {"uv": [10, 6, 11, 10], "texture": "#10"}
			}
		},
		{
			"from": [6, 1, 5],
			"to": [10, 2, 6],
			"faces": {
				"north": {"uv": [6, 14, 10, 15], "texture": "#10"},
				"east": {"uv": [10, 14, 11, 15], "texture": "#10"},
				"south": {"uv": [6, 14, 10, 15], "texture": "#10"},
				"west": {"uv": [5, 14, 6, 15], "texture": "#10"},
				"up": {"uv": [6, 5, 10, 6], "texture": "#10"},
				"down": {"uv": [6, 10, 10, 11], "texture": "#10"}
			}
		},
		{
			"from": [6, 1, 10],
			"to": [10, 2, 11],
			"faces": {
				"north": {"uv": [6, 14, 10, 15], "texture": "#10"},
				"east": {"uv": [5, 14, 6, 15], "texture": "#10"},
				"south": {"uv": [6, 14, 10, 15], "texture": "#10"},
				"west": {"uv": [10, 14, 11, 15], "texture": "#10"},
				"up": {"uv": [6, 10, 10, 11], "texture": "#10"},
				"down": {"uv": [6, 5, 10, 6], "texture": "#10"}
			}
		},
		{
			"from": [5, 1, 6],
			"to": [6, 2, 10],
			"faces": {
				"north": {"uv": [10, 14, 11, 15], "texture": "#10"},
				"east": {"uv": [6, 14, 10, 15], "texture": "#10"},
				"south": {"uv": [5, 14, 6, 15], "texture": "#10"},
				"west": {"uv": [6, 14, 10, 15], "texture": "#10"},
				"up": {"uv": [5, 6, 6, 10], "texture": "#10"},
				"down": {"uv": [5, 6, 6, 10], "texture": "#10"}
			}
		},
		{
			"from": [6, 2, 5],
			"to": [10, 5, 6],
			"faces": {
				"north": {"uv": [6, 13, 10, 14], "texture": "#6"},
				"east": {"uv": [10, 13, 11, 14], "texture": "#6"},
				"south": {"uv": [6, 13, 10, 14], "texture": "#6"},
				"west": {"uv": [5, 13, 6, 14], "texture": "#6"},
				"up": {"uv": [6, 5, 10, 6], "texture": "#6"},
				"down": {"uv": [6, 10, 10, 11], "texture": "#6"}
			}
		},
		{
			"from": [6, 2, 10],
			"to": [10, 5, 11],
			"faces": {
				"north": {"uv": [6, 13, 10, 14], "texture": "#6"},
				"east": {"uv": [10, 13, 11, 14], "texture": "#6"},
				"south": {"uv": [6, 13, 10, 14], "texture": "#6"},
				"west": {"uv": [5, 13, 6, 14], "texture": "#6"},
				"up": {"uv": [6, 5, 10, 6], "texture": "#6"},
				"down": {"uv": [6, 10, 10, 11], "texture": "#6"}
			}
		},
		{
			"from": [10, 2, 6],
			"to": [11, 5, 10],
			"faces": {
				"north": {"uv": [6, 13, 10, 14], "texture": "#6"},
				"east": {"uv": [10, 13, 11, 14], "texture": "#6"},
				"south": {"uv": [6, 13, 10, 14], "texture": "#6"},
				"west": {"uv": [5, 13, 6, 14], "texture": "#6"},
				"up": {"uv": [6, 5, 10, 6], "texture": "#6"},
				"down": {"uv": [6, 10, 10, 11], "texture": "#6"}
			}
		},
		{
			"from": [5, 2, 6],
			"to": [6, 5, 10],
			"faces": {
				"north": {"uv": [6, 13, 10, 14], "texture": "#6"},
				"east": {"uv": [10, 13, 11, 14], "texture": "#6"},
				"south": {"uv": [6, 13, 10, 14], "texture": "#6"},
				"west": {"uv": [5, 13, 6, 14], "texture": "#6"},
				"up": {"uv": [6, 5, 10, 6], "texture": "#6"},
				"down": {"uv": [6, 10, 10, 11], "texture": "#6"}
			}
		},
		{
			"from": [5, 5, 5],
			"to": [11, 8, 11],
			"faces": {
				"north": {"uv": [6, 13, 10, 14], "texture": "#6"},
				"east": {"uv": [10, 13, 11, 14], "texture": "#6"},
				"south": {"uv": [6, 13, 10, 14], "texture": "#6"},
				"west": {"uv": [5, 13, 6, 14], "texture": "#6"},
				"up": {"uv": [6, 5, 10, 6], "texture": "#6"},
				"down": {"uv": [6, 10, 10, 11], "texture": "#6"}
			}
		},
		{
			"from": [5, 8, 4],
			"to": [11, 11, 12],
			"faces": {
				"north": {"uv": [6, 13, 10, 14], "texture": "#6"},
				"east": {"uv": [10, 13, 11, 14], "texture": "#6"},
				"south": {"uv": [6, 13, 10, 14], "texture": "#6"},
				"west": {"uv": [5, 13, 6, 14], "texture": "#6"},
				"up": {"uv": [6, 5, 10, 6], "texture": "#6"},
				"down": {"uv": [6, 10, 10, 11], "texture": "#6"}
			}
		},
		{
			"from": [4, 8, 5],
			"to": [12, 11, 11],
			"faces": {
				"north": {"uv": [6, 13, 10, 14], "texture": "#6"},
				"east": {"uv": [10, 13, 11, 14], "texture": "#6"},
				"south": {"uv": [6, 13, 10, 14], "texture": "#6"},
				"west": {"uv": [5, 13, 6, 14], "texture": "#6"},
				"up": {"uv": [6, 5, 10, 6], "texture": "#6"},
				"down": {"uv": [6, 10, 10, 11], "texture": "#6"}
			}
		},
		{
			"from": [7.425, 1.2, 4.75],
			"to": [8.7, 1.85, 5.75],
			"faces": {
				"north": {"uv": [6, 14, 10, 15], "texture": "#10"},
				"east": {"uv": [10, 14, 11, 15], "texture": "#10"},
				"south": {"uv": [6, 14, 10, 15], "texture": "#10"},
				"west": {"uv": [5, 14, 6, 15], "texture": "#10"},
				"up": {"uv": [6, 5, 10, 6], "texture": "#10"},
				"down": {"uv": [6, 10, 10, 11], "texture": "#10"}
			}
		},
		{
			"from": [7.15, 1, 4.85],
			"to": [8.925, 2.075, 5.85],
			"faces": {
				"north": {"uv": [7, 13.5, 9, 15], "texture": "#3"},
				"east": {"uv": [10.15, 13.5, 11.15, 15], "texture": "#3"},
				"south": {"uv": [7, 13.5, 9, 15], "texture": "#3"},
				"west": {"uv": [4.85, 13.5, 5.85, 15], "texture": "#3"},
				"up": {"uv": [7, 4.85, 9, 5.85], "texture": "#3"},
				"down": {"uv": [7, 10.15, 9, 11.15], "texture": "#3"}
			}
		},
		{
			"from": [10.3, -8, 1.7],
			"to": [11.8, -5.5, 2.2],
			"faces": {
				"north": {"uv": [6, 12, 8.5, 13], "texture": "#3"},
				"east": {"uv": [6, 12, 8.5, 13], "texture": "#3"},
				"south": {"uv": [6, 12, 8.5, 13], "texture": "#3"},
				"west": {"uv": [6, 12, 8.5, 13], "texture": "#3"},
				"up": {"uv": [6, 12, 8.5, 13], "texture": "#3"},
				"down": {"uv": [6, 12, 8.5, 13], "texture": "#3"}
			}
		},
		{
			"from": [9.8, -7.5, 1.7],
			"to": [12.3, -6, 2.2],
			"faces": {
				"north": {"uv": [6, 12, 8.5, 13], "texture": "#3"},
				"east": {"uv": [6, 12, 8.5, 13], "texture": "#3"},
				"south": {"uv": [6, 12, 8.5, 13], "texture": "#3"},
				"west": {"uv": [6, 12, 8.5, 13], "texture": "#3"},
				"up": {"uv": [6, 12, 8.5, 13], "texture": "#3"},
				"down": {"uv": [6, 12, 8.5, 13], "texture": "#3"}
			}
		},
		{
			"from": [10.3, -8.2, 1.45],
			"to": [11.8, -8, 2.45],
			"faces": {
				"north": {"uv": [5, 12, 7.5, 14], "texture": "#4"},
				"east": {"uv": [5, 12, 7.5, 14], "texture": "#4"},
				"south": {"uv": [5, 12, 7.5, 14], "texture": "#4"},
				"west": {"uv": [5, 12, 7.5, 14], "texture": "#4"},
				"up": {"uv": [5, 12, 7.5, 14], "texture": "#4"},
				"down": {"uv": [5, 12, 7.5, 14], "texture": "#4"}
			}
		},
		{
			"from": [9.8, -8, 1.45],
			"to": [10.3, -7.5, 2.45],
			"faces": {
				"north": {"uv": [5, 12, 7.5, 14], "texture": "#4"},
				"east": {"uv": [5, 12, 7.5, 14], "texture": "#4"},
				"south": {"uv": [5, 12, 7.5, 14], "texture": "#4"},
				"west": {"uv": [5, 12, 7.5, 14], "texture": "#4"},
				"up": {"uv": [5, 12, 7.5, 14], "texture": "#4"},
				"down": {"uv": [5, 12, 7.5, 14], "texture": "#4"}
			}
		},
		{
			"from": [9.55, -7.5, 1.45],
			"to": [9.8, -6, 2.45],
			"faces": {
				"north": {"uv": [5, 12, 7.5, 14], "texture": "#4"},
				"east": {"uv": [5, 12, 7.5, 14], "texture": "#4"},
				"south": {"uv": [5, 12, 7.5, 14], "texture": "#4"},
				"west": {"uv": [5, 12, 7.5, 14], "texture": "#4"},
				"up": {"uv": [5, 12, 7.5, 14], "texture": "#4"},
				"down": {"uv": [5, 12, 7.5, 14], "texture": "#4"}
			}
		},
		{
			"from": [9.8, -6, 1.45],
			"to": [10.3, -5.5, 2.45],
			"faces": {
				"north": {"uv": [5, 12, 7.5, 14], "texture": "#4"},
				"east": {"uv": [5, 12, 7.5, 14], "texture": "#4"},
				"south": {"uv": [5, 12, 7.5, 14], "texture": "#4"},
				"west": {"uv": [5, 12, 7.5, 14], "texture": "#4"},
				"up": {"uv": [5, 12, 7.5, 14], "texture": "#4"},
				"down": {"uv": [5, 12, 7.5, 14], "texture": "#4"}
			}
		},
		{
			"from": [10.3, -5.5, 1.45],
			"to": [11.8, -5.25, 2.45],
			"faces": {
				"north": {"uv": [5, 12, 7.5, 14], "texture": "#4"},
				"east": {"uv": [5, 12, 7.5, 14], "texture": "#4"},
				"south": {"uv": [5, 12, 7.5, 14], "texture": "#4"},
				"west": {"uv": [5, 12, 7.5, 14], "texture": "#4"},
				"up": {"uv": [5, 12, 7.5, 14], "texture": "#4"},
				"down": {"uv": [5, 12, 7.5, 14], "texture": "#4"}
			}
		},
		{
			"from": [11.8, -6, 1.45],
			"to": [12.3, -5.5, 2.45],
			"faces": {
				"north": {"uv": [5, 12, 7.5, 14], "texture": "#4"},
				"east": {"uv": [5, 12, 7.5, 14], "texture": "#4"},
				"south": {"uv": [5, 12, 7.5, 14], "texture": "#4"},
				"west": {"uv": [5, 12, 7.5, 14], "texture": "#4"},
				"up": {"uv": [5, 12, 7.5, 14], "texture": "#4"},
				"down": {"uv": [5, 12, 7.5, 14], "texture": "#4"}
			}
		},
		{
			"from": [12.3, -7.5, 1.45],
			"to": [12.5, -6, 2.45],
			"faces": {
				"north": {"uv": [5, 12, 7.5, 14], "texture": "#4"},
				"east": {"uv": [5, 12, 7.5, 14], "texture": "#4"},
				"south": {"uv": [5, 12, 7.5, 14], "texture": "#4"},
				"west": {"uv": [5, 12, 7.5, 14], "texture": "#4"},
				"up": {"uv": [5, 12, 7.5, 14], "texture": "#4"},
				"down": {"uv": [5, 12, 7.5, 14], "texture": "#4"}
			}
		},
		{
			"from": [11.8, -8, 1.45],
			"to": [12.3, -7.5, 2.45],
			"faces": {
				"north": {"uv": [5, 12, 7.5, 14], "texture": "#4"},
				"east": {"uv": [5, 12, 7.5, 14], "texture": "#4"},
				"south": {"uv": [5, 12, 7.5, 14], "texture": "#4"},
				"west": {"uv": [5, 12, 7.5, 14], "texture": "#4"},
				"up": {"uv": [5, 12, 7.5, 14], "texture": "#4"},
				"down": {"uv": [5, 12, 7.5, 14], "texture": "#4"}
			}
		},
		{
			"from": [10.95, -6.05, 1.45],
			"to": [11.175, -5.675, 2.45],
			"faces": {
				"north": {"uv": [5, 12, 7.5, 14], "texture": "#4"},
				"east": {"uv": [5, 12, 7.5, 14], "texture": "#4"},
				"south": {"uv": [5, 12, 7.5, 14], "texture": "#4"},
				"west": {"uv": [5, 12, 7.5, 14], "texture": "#4"},
				"up": {"uv": [5, 12, 7.5, 14], "texture": "#4"},
				"down": {"uv": [5, 12, 7.5, 14], "texture": "#4"}
			}
		},
		{
			"from": [10.8, -6.225, 1.45],
			"to": [11.35, -6, 2.45],
			"faces": {
				"north": {"uv": [5, 12, 7.5, 14], "texture": "#4"},
				"east": {"uv": [5, 12, 7.5, 14], "texture": "#4"},
				"south": {"uv": [5, 12, 7.5, 14], "texture": "#4"},
				"west": {"uv": [5, 12, 7.5, 14], "texture": "#4"},
				"up": {"uv": [5, 12, 7.5, 14], "texture": "#4"},
				"down": {"uv": [5, 12, 7.5, 14], "texture": "#4"}
			}
		},
		{
			"from": [11.35, -7.3, 1.45],
			"to": [11.575, -6.125, 2.45],
			"faces": {
				"north": {"uv": [5, 12, 7.5, 14], "texture": "#4"},
				"east": {"uv": [5, 12, 7.5, 14], "texture": "#4"},
				"south": {"uv": [5, 12, 7.5, 14], "texture": "#4"},
				"west": {"uv": [5, 12, 7.5, 14], "texture": "#4"},
				"up": {"uv": [5, 12, 7.5, 14], "texture": "#4"},
				"down": {"uv": [5, 12, 7.5, 14], "texture": "#4"}
			}
		},
		{
			"from": [10.575, -6.4, 1.45],
			"to": [10.8, -6.125, 2.45],
			"faces": {
				"north": {"uv": [5, 12, 7.5, 14], "texture": "#4"},
				"east": {"uv": [5, 12, 7.5, 14], "texture": "#4"},
				"south": {"uv": [5, 12, 7.5, 14], "texture": "#4"},
				"west": {"uv": [5, 12, 7.5, 14], "texture": "#4"},
				"up": {"uv": [5, 12, 7.5, 14], "texture": "#4"},
				"down": {"uv": [5, 12, 7.5, 14], "texture": "#4"}
			}
		},
		{
			"from": [10.575, -7.4, 1.45],
			"to": [10.8, -7.125, 2.45],
			"faces": {
				"north": {"uv": [5, 12, 7.5, 14], "texture": "#4"},
				"east": {"uv": [5, 12, 7.5, 14], "texture": "#4"},
				"south": {"uv": [5, 12, 7.5, 14], "texture": "#4"},
				"west": {"uv": [5, 12, 7.5, 14], "texture": "#4"},
				"up": {"uv": [5, 12, 7.5, 14], "texture": "#4"},
				"down": {"uv": [5, 12, 7.5, 14], "texture": "#4"}
			}
		},
		{
			"from": [10.8, -7.425, 1.45],
			"to": [11.35, -7.2, 2.45],
			"faces": {
				"north": {"uv": [5, 12, 7.5, 14], "texture": "#4"},
				"east": {"uv": [5, 12, 7.5, 14], "texture": "#4"},
				"south": {"uv": [5, 12, 7.5, 14], "texture": "#4"},
				"west": {"uv": [5, 12, 7.5, 14], "texture": "#4"},
				"up": {"uv": [5, 12, 7.5, 14], "texture": "#4"},
				"down": {"uv": [5, 12, 7.5, 14], "texture": "#4"}
			}
		},
		{
			"from": [10.95, -7.775, 1.45],
			"to": [11.175, -7.4, 2.45],
			"faces": {
				"north": {"uv": [5, 12, 7.5, 14], "texture": "#4"},
				"east": {"uv": [5, 12, 7.5, 14], "texture": "#4"},
				"south": {"uv": [5, 12, 7.5, 14], "texture": "#4"},
				"west": {"uv": [5, 12, 7.5, 14], "texture": "#4"},
				"up": {"uv": [5, 12, 7.5, 14], "texture": "#4"},
				"down": {"uv": [5, 12, 7.5, 14], "texture": "#4"}
			}
		},
		{
			"from": [4.2, -8.2, 1.45],
			"to": [5.7, -8, 2.45],
			"faces": {
				"north": {"uv": [5, 12, 7.5, 14], "texture": "#4"},
				"east": {"uv": [5, 12, 7.5, 14], "texture": "#4"},
				"south": {"uv": [5, 12, 7.5, 14], "texture": "#4"},
				"west": {"uv": [5, 12, 7.5, 14], "texture": "#4"},
				"up": {"uv": [5, 12, 7.5, 14], "texture": "#4"},
				"down": {"uv": [5, 12, 7.5, 14], "texture": "#4"}
			}
		},
		{
			"from": [6.2, -7.5, 1.45],
			"to": [6.4, -6, 2.45],
			"faces": {
				"north": {"uv": [5, 12, 7.5, 14], "texture": "#4"},
				"east": {"uv": [5, 12, 7.5, 14], "texture": "#4"},
				"south": {"uv": [5, 12, 7.5, 14], "texture": "#4"},
				"west": {"uv": [5, 12, 7.5, 14], "texture": "#4"},
				"up": {"uv": [5, 12, 7.5, 14], "texture": "#4"},
				"down": {"uv": [5, 12, 7.5, 14], "texture": "#4"}
			}
		},
		{
			"from": [4.2, -5.5, 1.45],
			"to": [5.7, -5.25, 2.45],
			"faces": {
				"north": {"uv": [5, 12, 7.5, 14], "texture": "#4"},
				"east": {"uv": [5, 12, 7.5, 14], "texture": "#4"},
				"south": {"uv": [5, 12, 7.5, 14], "texture": "#4"},
				"west": {"uv": [5, 12, 7.5, 14], "texture": "#4"},
				"up": {"uv": [5, 12, 7.5, 14], "texture": "#4"},
				"down": {"uv": [5, 12, 7.5, 14], "texture": "#4"}
			}
		},
		{
			"from": [3.45, -7.5, 1.45],
			"to": [3.7, -6, 2.45],
			"faces": {
				"north": {"uv": [5, 12, 7.5, 14], "texture": "#4"},
				"east": {"uv": [5, 12, 7.5, 14], "texture": "#4"},
				"south": {"uv": [5, 12, 7.5, 14], "texture": "#4"},
				"west": {"uv": [5, 12, 7.5, 14], "texture": "#4"},
				"up": {"uv": [5, 12, 7.5, 14], "texture": "#4"},
				"down": {"uv": [5, 12, 7.5, 14], "texture": "#4"}
			}
		},
		{
			"from": [4.95, -6.05, 1.45],
			"to": [5.175, -5.675, 2.45],
			"faces": {
				"north": {"uv": [5, 12, 7.5, 14], "texture": "#4"},
				"east": {"uv": [5, 12, 7.5, 14], "texture": "#4"},
				"south": {"uv": [5, 12, 7.5, 14], "texture": "#4"},
				"west": {"uv": [5, 12, 7.5, 14], "texture": "#4"},
				"up": {"uv": [5, 12, 7.5, 14], "texture": "#4"},
				"down": {"uv": [5, 12, 7.5, 14], "texture": "#4"}
			}
		},
		{
			"from": [4.8, -6.225, 1.45],
			"to": [5.35, -6, 2.45],
			"faces": {
				"north": {"uv": [5, 12, 7.5, 14], "texture": "#4"},
				"east": {"uv": [5, 12, 7.5, 14], "texture": "#4"},
				"south": {"uv": [5, 12, 7.5, 14], "texture": "#4"},
				"west": {"uv": [5, 12, 7.5, 14], "texture": "#4"},
				"up": {"uv": [5, 12, 7.5, 14], "texture": "#4"},
				"down": {"uv": [5, 12, 7.5, 14], "texture": "#4"}
			}
		},
		{
			"from": [5.35, -7.3, 1.45],
			"to": [5.575, -6.125, 2.45],
			"faces": {
				"north": {"uv": [5, 12, 7.5, 14], "texture": "#4"},
				"east": {"uv": [5, 12, 7.5, 14], "texture": "#4"},
				"south": {"uv": [5, 12, 7.5, 14], "texture": "#4"},
				"west": {"uv": [5, 12, 7.5, 14], "texture": "#4"},
				"up": {"uv": [5, 12, 7.5, 14], "texture": "#4"},
				"down": {"uv": [5, 12, 7.5, 14], "texture": "#4"}
			}
		},
		{
			"from": [4.575, -6.4, 1.45],
			"to": [4.8, -6.125, 2.45],
			"faces": {
				"north": {"uv": [5, 12, 7.5, 14], "texture": "#4"},
				"east": {"uv": [5, 12, 7.5, 14], "texture": "#4"},
				"south": {"uv": [5, 12, 7.5, 14], "texture": "#4"},
				"west": {"uv": [5, 12, 7.5, 14], "texture": "#4"},
				"up": {"uv": [5, 12, 7.5, 14], "texture": "#4"},
				"down": {"uv": [5, 12, 7.5, 14], "texture": "#4"}
			}
		},
		{
			"from": [4.575, -7.4, 1.45],
			"to": [4.8, -7.125, 2.45],
			"faces": {
				"north": {"uv": [5, 12, 7.5, 14], "texture": "#4"},
				"east": {"uv": [5, 12, 7.5, 14], "texture": "#4"},
				"south": {"uv": [5, 12, 7.5, 14], "texture": "#4"},
				"west": {"uv": [5, 12, 7.5, 14], "texture": "#4"},
				"up": {"uv": [5, 12, 7.5, 14], "texture": "#4"},
				"down": {"uv": [5, 12, 7.5, 14], "texture": "#4"}
			}
		},
		{
			"from": [4.8, -7.425, 1.45],
			"to": [5.35, -7.2, 2.45],
			"faces": {
				"north": {"uv": [5, 12, 7.5, 14], "texture": "#4"},
				"east": {"uv": [5, 12, 7.5, 14], "texture": "#4"},
				"south": {"uv": [5, 12, 7.5, 14], "texture": "#4"},
				"west": {"uv": [5, 12, 7.5, 14], "texture": "#4"},
				"up": {"uv": [5, 12, 7.5, 14], "texture": "#4"},
				"down": {"uv": [5, 12, 7.5, 14], "texture": "#4"}
			}
		},
		{
			"from": [4.95, -7.775, 1.45],
			"to": [5.175, -7.4, 2.45],
			"faces": {
				"north": {"uv": [5, 12, 7.5, 14], "texture": "#4"},
				"east": {"uv": [5, 12, 7.5, 14], "texture": "#4"},
				"south": {"uv": [5, 12, 7.5, 14], "texture": "#4"},
				"west": {"uv": [5, 12, 7.5, 14], "texture": "#4"},
				"up": {"uv": [5, 12, 7.5, 14], "texture": "#4"},
				"down": {"uv": [5, 12, 7.5, 14], "texture": "#4"}
			}
		},
		{
			"from": [4.2, -8, 1.6],
			"to": [5.7, -5.5, 2.1],
			"faces": {
				"north": {"uv": [6, 12, 8.5, 13], "texture": "#3"},
				"east": {"uv": [6, 12, 8.5, 13], "texture": "#3"},
				"south": {"uv": [6, 12, 8.5, 13], "texture": "#3"},
				"west": {"uv": [6, 12, 8.5, 13], "texture": "#3"},
				"up": {"uv": [6, 12, 8.5, 13], "texture": "#3"},
				"down": {"uv": [6, 12, 8.5, 13], "texture": "#3"}
			}
		},
		{
			"from": [3.7, -7.5, 1.6],
			"to": [6.2, -6, 2.1],
			"faces": {
				"north": {"uv": [6, 12, 8.5, 13], "texture": "#3"},
				"east": {"uv": [6, 12, 8.5, 13], "texture": "#3"},
				"south": {"uv": [6, 12, 8.5, 13], "texture": "#3"},
				"west": {"uv": [6, 12, 8.5, 13], "texture": "#3"},
				"up": {"uv": [6, 12, 8.5, 13], "texture": "#3"},
				"down": {"uv": [6, 12, 8.5, 13], "texture": "#3"}
			}
		},
		{
			"from": [5.7, -8, 1.35],
			"to": [6.2, -7.5, 2.35],
			"faces": {
				"north": {"uv": [5, 12, 7.5, 14], "texture": "#4"},
				"east": {"uv": [5, 12, 7.5, 14], "texture": "#4"},
				"south": {"uv": [5, 12, 7.5, 14], "texture": "#4"},
				"west": {"uv": [5, 12, 7.5, 14], "texture": "#4"},
				"up": {"uv": [5, 12, 7.5, 14], "texture": "#4"},
				"down": {"uv": [5, 12, 7.5, 14], "texture": "#4"}
			}
		},
		{
			"from": [5.7, -6, 1.35],
			"to": [6.2, -5.5, 2.35],
			"faces": {
				"north": {"uv": [5, 12, 7.5, 14], "texture": "#4"},
				"east": {"uv": [5, 12, 7.5, 14], "texture": "#4"},
				"south": {"uv": [5, 12, 7.5, 14], "texture": "#4"},
				"west": {"uv": [5, 12, 7.5, 14], "texture": "#4"},
				"up": {"uv": [5, 12, 7.5, 14], "texture": "#4"},
				"down": {"uv": [5, 12, 7.5, 14], "texture": "#4"}
			}
		},
		{
			"from": [3.7, -6, 1.35],
			"to": [4.2, -5.5, 2.35],
			"faces": {
				"north": {"uv": [5, 12, 7.5, 14], "texture": "#4"},
				"east": {"uv": [5, 12, 7.5, 14], "texture": "#4"},
				"south": {"uv": [5, 12, 7.5, 14], "texture": "#4"},
				"west": {"uv": [5, 12, 7.5, 14], "texture": "#4"},
				"up": {"uv": [5, 12, 7.5, 14], "texture": "#4"},
				"down": {"uv": [5, 12, 7.5, 14], "texture": "#4"}
			}
		},
		{
			"from": [3.7, -8, 1.35],
			"to": [4.2, -7.5, 2.35],
			"faces": {
				"north": {"uv": [5, 12, 7.5, 14], "texture": "#4"},
				"east": {"uv": [5, 12, 7.5, 14], "texture": "#4"},
				"south": {"uv": [5, 12, 7.5, 14], "texture": "#4"},
				"west": {"uv": [5, 12, 7.5, 14], "texture": "#4"},
				"up": {"uv": [5, 12, 7.5, 14], "texture": "#4"},
				"down": {"uv": [5, 12, 7.5, 14], "texture": "#4"}
			}
		}
	],
	"display": {
		"thirdperson_righthand": {
			"rotation": [-10, 128, 15],
			"translation": [0, 1, -1.5],
			"scale": [0.31, 0.3, 0.32]
		},
		"thirdperson_lefthand": {
			"rotation": [-10, 128, 15],
			"translation": [-1, 1, -1.5],
			"scale": [0.31, 0.3, 0.32]
		},
		"firstperson_righthand": {
			"rotation": [-10, 128, 15],
			"translation": [3.5, 1.5, -3.5],
			"scale": [0.47, 0.46, 0.45]
		},
		"firstperson_lefthand": {
			"rotation": [-10, 128, 15],
			"translation": [3.5, 1.5, -3.5],
			"scale": [0.47, 0.46, 0.45]
		},
		"ground": {
			"scale": [0.47, 0.46, 0.45]
		},
		"gui": {
			"rotation": [45, 133, 0],
			"scale": [0.61, 0.62, 0.61]
		},
		"head": {
			"translation": [0, 16, 0],
			"scale": [1.2, 1.2, 1.2]
		}
	}
}