{
	"credit": "Made with Blockbench",
	"textures": {
		"0": "hats/mask/obsidian",
		"1": "hats/emodji/purple_concrete",
		"2": "hats/emodji/yellow_concrete",
		"particle": "hats/mask/obsidian"
	},
	"elements": [
		{
			"from": [4, 0, 16],
			"to": [12, 1, 17],
			"faces": {
				"north": {"uv": [0, 0, 8, 1], "texture": "#0"},
				"east": {"uv": [0, 0, 1, 1], "texture": "#0"},
				"south": {"uv": [0, 0, 8, 1], "texture": "#0"},
				"west": {"uv": [0, 0, 1, 1], "texture": "#0"},
				"up": {"uv": [4, 3, 5, 11], "rotation": 90, "texture": "#0"},
				"down": {"uv": [0, 0, 8, 1], "rotation": 270, "texture": "#0"}
			}
		},
		{
			"from": [16, 0, 4],
			"to": [17, 1, 12],
			"faces": {
				"north": {"uv": [0, 0, 1, 1], "texture": "#0"},
				"east": {"uv": [0, 0, 8, 1], "texture": "#0"},
				"south": {"uv": [0, 0, 1, 1], "texture": "#0"},
				"west": {"uv": [0, 0, 8, 1], "texture": "#0"},
				"up": {"uv": [3, 5, 10.999, 6], "rotation": 90, "texture": "#0"},
				"down": {"uv": [0, 0, 1, 8], "rotation": 270, "texture": "#0"}
			}
		},
		{
			"from": [2, 0, 14],
			"to": [14, 1, 16],
			"faces": {
				"north": {"uv": [0, 0, 12, 1], "texture": "#0"},
				"east": {"uv": [0, 0, 2, 1], "texture": "#0"},
				"south": {"uv": [0, 0, 12, 1], "texture": "#0"},
				"west": {"uv": [0, 0, 2, 1], "texture": "#0"},
				"up": {"uv": [2, 1, 3.999, 9], "rotation": 90, "texture": "#0"},
				"down": {"uv": [0, 0, 12, 2], "rotation": 270, "texture": "#0"}
			}
		},
		{
			"from": [0, 0, 2],
			"to": [16, 1, 14],
			"faces": {
				"north": {"uv": [0, 0, 16, 1], "texture": "#0"},
				"east": {"uv": [0, 0, 12, 1], "texture": "#0"},
				"south": {"uv": [0, 0, 16, 1], "texture": "#0"},
				"west": {"uv": [0, 0, 12, 1], "texture": "#0"},
				"up": {"uv": [0, 0, 16, 12], "rotation": 90, "texture": "#0"},
				"down": {"uv": [0, 0, 16, 12], "rotation": 270, "texture": "#0"}
			}
		},
		{
			"from": [-1, 0, 4],
			"to": [0, 1, 12],
			"faces": {
				"north": {"uv": [0, 0, 1, 1], "texture": "#0"},
				"east": {"uv": [0, 0, 8, 1], "texture": "#0"},
				"south": {"uv": [0, 0, 1, 1], "texture": "#0"},
				"west": {"uv": [0, 0, 8, 1], "texture": "#0"},
				"up": {"uv": [3, 2, 10.999, 3], "rotation": 90, "texture": "#0"},
				"down": {"uv": [0, 0, 1, 8], "rotation": 270, "texture": "#0"}
			}
		},
		{
			"from": [4, 0, -1],
			"to": [12, 1, 0],
			"faces": {
				"north": {"uv": [0, 0, 8, 1], "texture": "#0"},
				"east": {"uv": [0, 0, 1, 1], "texture": "#0"},
				"south": {"uv": [0, 0, 8, 1], "texture": "#0"},
				"west": {"uv": [0, 0, 1, 1], "texture": "#0"},
				"up": {"uv": [0, 0, 1, 8], "rotation": 90, "texture": "#0"},
				"down": {"uv": [0, 0, 8, 1], "rotation": 270, "texture": "#0"}
			}
		},
		{
			"from": [4, 1, 3.15],
			"to": [12, 3, 12.25],
			"faces": {
				"north": {"uv": [0, 0, 8, 2], "texture": "#0"},
				"east": {"uv": [0, 0, 9.1, 2], "texture": "#0"},
				"south": {"uv": [0, 0, 8, 2], "texture": "#0"},
				"west": {"uv": [0, 0, 9.1, 2], "texture": "#0"},
				"up": {"uv": [0, 0, 8, 9.1], "rotation": 90, "texture": "#0"},
				"down": {"uv": [0, 0, 8, 9.1], "rotation": 270, "texture": "#0"}
			}
		},
		{
			"from": [3.425, 1, 3.75],
			"to": [12.6, 3, 11.75],
			"faces": {
				"north": {"uv": [0, 0, 9.175, 2], "texture": "#0"},
				"east": {"uv": [0, 0, 8, 2], "texture": "#0"},
				"south": {"uv": [0, 0, 9.175, 2], "texture": "#0"},
				"west": {"uv": [0, 0, 8, 2], "texture": "#0"},
				"up": {"uv": [0, 0, 9.175, 8], "rotation": 90, "texture": "#0"},
				"down": {"uv": [0, 0, 9.175, 8], "rotation": 270, "texture": "#0"}
			}
		},
		{
			"from": [4, 1, 3.75],
			"to": [12, 5, 11.75],
			"faces": {
				"north": {"uv": [0, 0, 8, 4], "texture": "#0"},
				"east": {"uv": [0, 0, 8, 4], "texture": "#0"},
				"south": {"uv": [0, 0, 8, 4], "texture": "#0"},
				"west": {"uv": [0, 0, 8, 4], "texture": "#0"},
				"up": {"uv": [0, 0, 8, 8], "rotation": 90, "texture": "#0"},
				"down": {"uv": [0, 0, 8, 8], "rotation": 270, "texture": "#0"}
			}
		},
		{
			"from": [6, 3, 4.75],
			"to": [10, 8, 10.75],
			"faces": {
				"north": {"uv": [6, 8, 10, 13], "texture": "#0"},
				"east": {"uv": [5.25, 8, 11.25, 13], "texture": "#0"},
				"south": {"uv": [6, 8, 10, 13], "texture": "#0"},
				"west": {"uv": [4.75, 8, 10.75, 13], "texture": "#0"},
				"up": {"uv": [6, 4.75, 10, 10.75], "rotation": 90, "texture": "#0"},
				"down": {"uv": [6, 5.25, 10, 11.25], "rotation": 270, "texture": "#0"}
			}
		},
		{
			"from": [5, 3, 5.75],
			"to": [11, 8, 9.75],
			"faces": {
				"north": {"uv": [5, 8, 11, 13], "texture": "#0"},
				"east": {"uv": [6.25, 8, 10.25, 13], "texture": "#0"},
				"south": {"uv": [5, 8, 11, 13], "texture": "#0"},
				"west": {"uv": [5.75, 8, 9.75, 13], "texture": "#0"},
				"up": {"uv": [5, 5.75, 11, 9.75], "rotation": 90, "texture": "#0"},
				"down": {"uv": [5, 6.25, 11, 10.25], "rotation": 270, "texture": "#0"}
			}
		},
		{
			"from": [4.75, 8, 5.75],
			"to": [10, 11, 9.75],
			"faces": {
				"north": {"uv": [6, 5, 11.25, 8], "texture": "#0"},
				"east": {"uv": [6.25, 5, 10.25, 8], "texture": "#0"},
				"south": {"uv": [4.75, 5, 10, 8], "texture": "#0"},
				"west": {"uv": [5.75, 5, 9.75, 8], "texture": "#0"},
				"up": {"uv": [4.75, 5.75, 10, 9.75], "rotation": 90, "texture": "#0"},
				"down": {"uv": [4.75, 6.25, 10, 10.25], "rotation": 270, "texture": "#0"}
			}
		},
		{
			"from": [2, 11, 6.75],
			"to": [8, 14, 8.75],
			"faces": {
				"north": {"uv": [8, 2, 14, 5], "texture": "#0"},
				"east": {"uv": [7.25, 2, 9.25, 5], "texture": "#0"},
				"south": {"uv": [2, 2, 8, 5], "texture": "#0"},
				"west": {"uv": [6.75, 2, 8.75, 5], "texture": "#0"},
				"up": {"uv": [2, 6.75, 8, 8.75], "rotation": 90, "texture": "#0"},
				"down": {"uv": [2, 7.25, 8, 9.25], "rotation": 270, "texture": "#0"}
			}
		},
		{
			"from": [1.4, 10, 7.35],
			"to": [3.3, 13, 8.35],
			"faces": {
				"north": {"uv": [0, 0, 1.9, 3], "texture": "#0"},
				"east": {"uv": [0, 0, 1, 3], "texture": "#0"},
				"south": {"uv": [0, 0, 1.9, 3], "texture": "#0"},
				"west": {"uv": [0, 0, 1, 3], "texture": "#0"},
				"up": {"uv": [0, 0, 1.9, 1], "rotation": 90, "texture": "#0"},
				"down": {"uv": [0, 0, 1.9, 1], "rotation": 270, "texture": "#0"}
			}
		},
		{
			"from": [2, 0, 0],
			"to": [14, 1, 2],
			"faces": {
				"north": {"uv": [0, 0, 12, 1], "texture": "#0"},
				"east": {"uv": [0, 0, 2, 1], "texture": "#0"},
				"south": {"uv": [0, 0, 12, 1], "texture": "#0"},
				"west": {"uv": [0, 0, 2, 1], "texture": "#0"},
				"up": {"uv": [2, 1, 3.999, 9], "rotation": 90, "texture": "#0"},
				"down": {"uv": [0, 0, 12, 2], "rotation": 270, "texture": "#0"}
			}
		},
		{
			"from": [3.175, 1, 3.5],
			"to": [12.85, 2.5, 12],
			"faces": {
				"north": {"uv": [3.15, 13.5, 12.825, 15], "texture": "#1"},
				"east": {"uv": [4, 13.5, 12.5, 15], "texture": "#1"},
				"south": {"uv": [3.175, 13.5, 12.85, 15], "texture": "#1"},
				"west": {"uv": [3.5, 13.5, 12, 15], "texture": "#1"},
				"up": {"uv": [3.175, 3.5, 12.85, 12], "texture": "#1"},
				"down": {"uv": [3.175, 4, 12.85, 12.5], "texture": "#1"}
			}
		},
		{
			"from": [3.75, 1, 2.9],
			"to": [12.25, 2.5, 12.5],
			"faces": {
				"north": {"uv": [3.75, 13.5, 12.25, 15], "texture": "#1"},
				"east": {"uv": [3.5, 13.5, 13.1, 15], "texture": "#1"},
				"south": {"uv": [3.75, 13.5, 12.25, 15], "texture": "#1"},
				"west": {"uv": [2.9, 13.5, 12.5, 15], "texture": "#1"},
				"up": {"uv": [3.75, 2.9, 12.25, 12.5], "texture": "#1"},
				"down": {"uv": [3.75, 3.5, 12.25, 13.1], "texture": "#1"}
			}
		},
		{
			"from": [6.575, 1, 2.65],
			"to": [9.4, 2.85, 3.125],
			"faces": {
				"north": {"uv": [3.75, 2.9, 12.25, 12.5], "texture": "#2"},
				"east": {"uv": [3.75, 2.9, 12.25, 12.5], "texture": "#2"},
				"south": {"uv": [3.75, 2.9, 12.25, 12.5], "texture": "#2"},
				"west": {"uv": [3.75, 2.9, 12.25, 12.5], "texture": "#2"},
				"up": {"uv": [3.75, 2.9, 12.25, 12.5], "texture": "#2"},
				"down": {"uv": [3.75, 2.9, 12.25, 12.5], "texture": "#2"}
			}
		},
		{
			"from": [7, 1.25, 2.4],
			"to": [9, 2.5, 4.25],
			"faces": {
				"north": {"uv": [3.75, 13.5, 12.25, 15], "texture": "#1"},
				"east": {"uv": [3.5, 13.5, 13.1, 15], "texture": "#1"},
				"south": {"uv": [3.75, 13.5, 12.25, 15], "texture": "#1"},
				"west": {"uv": [2.9, 13.5, 12.5, 15], "texture": "#1"},
				"up": {"uv": [3.75, 2.9, 12.25, 12.5], "texture": "#1"},
				"down": {"uv": [3.75, 3.5, 12.25, 13.1], "texture": "#1"}
			}
		}
	],
	"display": {
		"thirdperson_righthand": {
			"rotation": [-10, 128, 15],
			"translation": [0, 1, -1.5],
			"scale": [0.31, 0.3, 0.32]
		},
		"thirdperson_lefthand": {
			"rotation": [-10, 128, 15],
			"translation": [-1, 1, -1.5],
			"scale": [0.31, 0.3, 0.32]
		},
		"firstperson_righthand": {
			"rotation": [-10, 128, 15],
			"translation": [3.5, 1.5, -3.5],
			"scale": [0.47, 0.46, 0.45]
		},
		"firstperson_lefthand": {
			"rotation": [-10, 128, 15],
			"translation": [3.5, 1.5, -3.5],
			"scale": [0.47, 0.46, 0.45]
		},
		"ground": {
			"scale": [0.47, 0.46, 0.45]
		},
		"gui": {
			"rotation": [45, 133, 0],
			"scale": [0.61, 0.62, 0.61]
		},
		"head": {
			"translation": [0, 16, 0],
			"scale": [1.2, 1.2, 1.2]
		}
	}
}