{
	"credit": "Made with Blockbench",
	"textures": {
		"0": "hats/emodji/gray_concrete",
		"1": "hats/emodji/light_gray_wool",
		"particle": "hats/emodji/gray_concrete"
	},
	"elements": [
		{
			"from": [2.1, -0.25, -0.6],
			"to": [12.9, 9, 2],
			"faces": {
				"north": {"uv": [3.1, 7, 13.9, 16], "texture": "#1"},
				"east": {"uv": [14, 7, 16, 16], "texture": "#1"},
				"south": {"uv": [2.1, 7, 12.9, 16], "texture": "#1"},
				"west": {"uv": [0, 7, 2, 16], "texture": "#1"},
				"up": {"uv": [2.1, 0, 12.9, 2], "texture": "#1"},
				"down": {"uv": [2.1, 14, 12.9, 16], "texture": "#1"}
			}
		},
		{
			"from": [14, -9, 4.1],
			"to": [16, 0.5, 11.1],
			"faces": {
				"north": {"uv": [0, 0, 2, 12], "texture": "#1"},
				"east": {"uv": [0, 0, 7, 12], "texture": "#1"},
				"south": {"uv": [0, 0, 2, 12], "texture": "#1"},
				"west": {"uv": [0, 0, 7, 12], "texture": "#1"},
				"up": {"uv": [0, 0, 2, 7], "texture": "#1"},
				"down": {"uv": [0, 0, 2, 7], "texture": "#1"}
			}
		},
		{
			"from": [0, -9, 4.1],
			"to": [2, 0.5, 11.1],
			"faces": {
				"north": {"uv": [0, 0, 2, 12], "texture": "#1"},
				"east": {"uv": [0, 0, 7, 12], "texture": "#1"},
				"south": {"uv": [0, 0, 2, 12], "texture": "#1"},
				"west": {"uv": [0, 0, 7, 12], "texture": "#1"},
				"up": {"uv": [0, 0, 2, 7], "texture": "#1"},
				"down": {"uv": [0, 0, 2, 7], "texture": "#1"}
			}
		},
		{
			"from": [2.1, 6, 2],
			"to": [12.9, 9, 3.6],
			"faces": {
				"north": {"uv": [3.1, 7, 13.9, 10], "texture": "#1"},
				"east": {"uv": [12.4, 7, 14, 10], "texture": "#1"},
				"south": {"uv": [2.1, 7, 12.9, 10], "texture": "#1"},
				"west": {"uv": [2, 7, 3.6, 10], "texture": "#1"},
				"up": {"uv": [2.1, 2, 12.9, 3.6], "texture": "#1"},
				"down": {"uv": [2.1, 12.4, 12.9, 14], "texture": "#1"}
			}
		},
		{
			"from": [2, -1.6, 14],
			"to": [14, 3, 15],
			"faces": {
				"north": {"uv": [2, 13, 14, 16], "texture": "#0"},
				"east": {"uv": [1, 13, 2, 16], "texture": "#0"},
				"south": {"uv": [2, 13, 14, 16], "texture": "#0"},
				"west": {"uv": [14, 13, 15, 16], "texture": "#0"},
				"up": {"uv": [2, 14, 14, 15], "texture": "#0"},
				"down": {"uv": [2, 1, 14, 2], "texture": "#0"}
			}
		},
		{
			"from": [2, 0, 1],
			"to": [14, 3, 2],
			"faces": {
				"north": {"uv": [2, 13, 14, 16], "texture": "#0"},
				"east": {"uv": [14, 13, 15, 16], "texture": "#0"},
				"south": {"uv": [2, 13, 14, 16], "texture": "#0"},
				"west": {"uv": [1, 13, 2, 16], "texture": "#0"},
				"up": {"uv": [2, 1, 14, 2], "texture": "#0"},
				"down": {"uv": [2, 14, 14, 15], "texture": "#0"}
			}
		},
		{
			"from": [2, 5, 3],
			"to": [14, 7, 13],
			"faces": {
				"north": {"uv": [2, 9, 14, 11], "texture": "#0"},
				"east": {"uv": [3, 9, 13, 11], "texture": "#0"},
				"south": {"uv": [2, 9, 14, 11], "texture": "#0"},
				"west": {"uv": [3, 9, 13, 11], "texture": "#0"},
				"up": {"uv": [2, 3, 14, 13], "texture": "#0"},
				"down": {"uv": [2, 3, 14, 13], "texture": "#0"}
			}
		},
		{
			"from": [2, 3, 2],
			"to": [14, 5, 14],
			"faces": {
				"north": {"uv": [2, 11, 14, 13], "texture": "#0"},
				"east": {"uv": [2, 11, 14, 13], "texture": "#0"},
				"south": {"uv": [2, 11, 14, 13], "texture": "#0"},
				"west": {"uv": [2, 11, 14, 13], "texture": "#0"},
				"up": {"uv": [2, 2, 14, 14], "texture": "#0"},
				"down": {"uv": [2, 2, 14, 14], "texture": "#0"}
			}
		},
		{
			"from": [3, 5, 2],
			"to": [13, 7, 14],
			"faces": {
				"north": {"uv": [3, 9, 13, 11], "texture": "#0"},
				"east": {"uv": [2, 9, 14, 11], "texture": "#0"},
				"south": {"uv": [3, 9, 13, 11], "texture": "#0"},
				"west": {"uv": [2, 9, 14, 11], "texture": "#0"},
				"up": {"uv": [3, 2, 13, 14], "texture": "#0"},
				"down": {"uv": [3, 2, 13, 14], "texture": "#0"}
			}
		},
		{
			"from": [1, 0.3, 2],
			"to": [15, 6, 14],
			"faces": {
				"north": {"uv": [1, 10, 15, 15.7], "texture": "#0"},
				"east": {"uv": [2, 10, 14, 15.7], "texture": "#0"},
				"south": {"uv": [1, 10, 15, 15.7], "texture": "#0"},
				"west": {"uv": [2, 10, 14, 15.7], "texture": "#0"},
				"up": {"uv": [1, 2, 15, 14], "texture": "#0"},
				"down": {"uv": [1, 2, 15, 14], "texture": "#0"}
			}
		},
		{
			"from": [2, 3, 1],
			"to": [14, 6, 15],
			"faces": {
				"north": {"uv": [2, 10, 14, 13], "texture": "#0"},
				"east": {"uv": [1, 10, 15, 13], "texture": "#0"},
				"south": {"uv": [2, 10, 14, 13], "texture": "#0"},
				"west": {"uv": [1, 10, 15, 13], "texture": "#0"},
				"up": {"uv": [2, 1, 14, 15], "texture": "#0"},
				"down": {"uv": [2, 1, 14, 15], "texture": "#0"}
			}
		},
		{
			"from": [3, 6, 3],
			"to": [13, 8, 13],
			"faces": {
				"north": {"uv": [3, 8, 13, 10], "texture": "#0"},
				"east": {"uv": [3, 8, 13, 10], "texture": "#0"},
				"south": {"uv": [3, 8, 13, 10], "texture": "#0"},
				"west": {"uv": [3, 8, 13, 10], "texture": "#0"},
				"up": {"uv": [3, 3, 13, 13], "texture": "#0"},
				"down": {"uv": [3, 3, 13, 13], "texture": "#0"}
			}
		},
		{
			"from": [4, 7, 6],
			"to": [12, 9, 10],
			"faces": {
				"north": {"uv": [4, 7, 12, 9], "texture": "#0"},
				"east": {"uv": [6, 7, 10, 9], "texture": "#0"},
				"south": {"uv": [4, 7, 12, 9], "texture": "#0"},
				"west": {"uv": [6, 7, 10, 9], "texture": "#0"},
				"up": {"uv": [4, 6, 12, 10], "texture": "#0"},
				"down": {"uv": [4, 6, 12, 10], "texture": "#0"}
			}
		},
		{
			"from": [6, 7, 10],
			"to": [10, 9, 12],
			"faces": {
				"north": {"uv": [6, 7, 10, 9], "texture": "#0"},
				"east": {"uv": [4, 7, 6, 9], "texture": "#0"},
				"south": {"uv": [6, 7, 10, 9], "texture": "#0"},
				"west": {"uv": [10, 7, 12, 9], "texture": "#0"},
				"up": {"uv": [6, 10, 10, 12], "texture": "#0"},
				"down": {"uv": [6, 4, 10, 6], "texture": "#0"}
			}
		},
		{
			"from": [6, 7, 4],
			"to": [10, 9, 6],
			"faces": {
				"north": {"uv": [6, 7, 10, 9], "texture": "#0"},
				"east": {"uv": [10, 7, 12, 9], "texture": "#0"},
				"south": {"uv": [6, 7, 10, 9], "texture": "#0"},
				"west": {"uv": [4, 7, 6, 9], "texture": "#0"},
				"up": {"uv": [6, 4, 10, 6], "texture": "#0"},
				"down": {"uv": [6, 10, 10, 12], "texture": "#0"}
			}
		},
		{
			"from": [-1, -8, 5.1],
			"to": [1, 5, 10.1],
			"faces": {
				"north": {"uv": [15, 11, 16, 16], "texture": "#0"},
				"east": {"uv": [5.9, 11, 10.9, 16], "texture": "#0"},
				"south": {"uv": [0, 11, 1, 16], "texture": "#0"},
				"west": {"uv": [5.1, 11, 10.1, 16], "texture": "#0"},
				"up": {"uv": [0, 5.1, 1, 10.1], "texture": "#0"},
				"down": {"uv": [0, 5.9, 1, 10.9], "texture": "#0"}
			}
		},
		{
			"from": [15, -8, 5.1],
			"to": [17, 5, 10.1],
			"faces": {
				"north": {"uv": [0, 11, 1, 16], "texture": "#0"},
				"east": {"uv": [5.9, 11, 10.9, 16], "texture": "#0"},
				"south": {"uv": [15, 11, 16, 16], "texture": "#0"},
				"west": {"uv": [5.1, 11, 10.1, 16], "texture": "#0"},
				"up": {"uv": [15, 5.1, 16, 10.1], "texture": "#0"},
				"down": {"uv": [15, 5.9, 16, 10.9], "texture": "#0"}
			}
		},
		{
			"from": [1, 3, 2],
			"to": [15, 6, 14],
			"faces": {
				"north": {"uv": [1, 10, 15, 13], "texture": "#0"},
				"east": {"uv": [2, 10, 14, 13], "texture": "#0"},
				"south": {"uv": [1, 10, 15, 13], "texture": "#0"},
				"west": {"uv": [2, 10, 14, 13], "texture": "#0"},
				"up": {"uv": [1, 2, 15, 14], "texture": "#0"},
				"down": {"uv": [1, 2, 15, 14], "texture": "#0"}
			}
		},
		{
			"from": [1, -4.6, 11],
			"to": [15, 6, 14],
			"faces": {
				"north": {"uv": [1, 10, 15, 16], "texture": "#0"},
				"east": {"uv": [2, 10, 5, 16], "texture": "#0"},
				"south": {"uv": [1, 10, 15, 16], "texture": "#0"},
				"west": {"uv": [11, 10, 14, 16], "texture": "#0"},
				"up": {"uv": [1, 11, 15, 14], "texture": "#0"},
				"down": {"uv": [1, 2, 15, 5], "texture": "#0"}
			}
		}
	],
	"display": {
		"thirdperson_righthand": {
			"rotation": [-10, 128, 15],
			"translation": [0, 1, -1.5],
			"scale": [0.31, 0.3, 0.32]
		},
		"thirdperson_lefthand": {
			"rotation": [-10, 128, 15],
			"translation": [-1, 1, -1.5],
			"scale": [0.31, 0.3, 0.32]
		},
		"firstperson_righthand": {
			"rotation": [-10, 128, 15],
			"translation": [3.5, 5, -3.5],
			"scale": [0.47, 0.46, 0.45]
		},
		"firstperson_lefthand": {
			"rotation": [-10, 128, 15],
			"translation": [3.5, 5, -3.5],
			"scale": [0.47, 0.46, 0.45]
		},
		"ground": {
			"scale": [0.47, 0.46, 0.45]
		},
		"gui": {
			"rotation": [45, 133, 0],
			"translation": [0, 3.75, 0],
			"scale": [0.61, 0.62, 0.61]
		},
		"head": {
			"translation": [0, 9.75, 0.25],
			"scale": [1.12, 1.12, 1.12]
		},
		"fixed": {
			"translation": [0, 7.75, 0]
		}
	},
	"groups": [
		{
			"name": "group",
			"children": [0, 1, 2, 3]
		},
		{
			"name": "group",
			"children": [4, 5, 6, 7, 8, 9, 10, 11, 12, 13, 14, 15, 16, 17, 18]
		}
	]
}