{
	"credit": "Made with Blockbench",
	"textures": {
		"0": "hats/emodji/cyan_concrete",
		"1": "hats/emodji/cyan_wool",
		"particle": "hats/emodji/cyan_concrete"
	},
	"elements": [
		{
			"from": [6.6, 9, 6.7],
			"to": [9.6, 11, 9.7],
			"faces": {
				"north": {"uv": [6.4, 5, 9.4, 7], "texture": "#1"},
				"east": {"uv": [6.3, 5, 9.3, 7], "texture": "#1"},
				"south": {"uv": [6.6, 5, 9.6, 7], "texture": "#1"},
				"west": {"uv": [6.7, 5, 9.7, 7], "texture": "#1"},
				"up": {"uv": [6.6, 6.7, 9.6, 9.7], "texture": "#1"},
				"down": {"uv": [6.6, 6.3, 9.6, 9.3], "texture": "#1"}
			}
		},
		{
			"from": [1, 0, 15],
			"to": [15, 3, 16],
			"faces": {
				"north": {"uv": [1, 13, 15, 16], "texture": "#1"},
				"east": {"uv": [0, 13, 1, 16], "texture": "#1"},
				"south": {"uv": [1, 13, 15, 16], "texture": "#1"},
				"west": {"uv": [15, 13, 16, 16], "texture": "#1"},
				"up": {"uv": [1, 15, 15, 16], "texture": "#1"},
				"down": {"uv": [1, 0, 15, 1], "texture": "#1"}
			}
		},
		{
			"from": [0, 0, 1],
			"to": [2, 3, 15],
			"faces": {
				"north": {"uv": [14, 13, 16, 16], "texture": "#1"},
				"east": {"uv": [1, 13, 15, 16], "texture": "#1"},
				"south": {"uv": [0, 13, 2, 16], "texture": "#1"},
				"west": {"uv": [1, 13, 15, 16], "texture": "#1"},
				"up": {"uv": [0, 1, 2, 15], "texture": "#1"},
				"down": {"uv": [0, 1, 2, 15], "texture": "#1"}
			}
		},
		{
			"from": [1, 0, 0],
			"to": [15, 3, 1],
			"faces": {
				"north": {"uv": [1, 13, 15, 16], "texture": "#1"},
				"east": {"uv": [15, 13, 16, 16], "texture": "#1"},
				"south": {"uv": [1, 13, 15, 16], "texture": "#1"},
				"west": {"uv": [0, 13, 1, 16], "texture": "#1"},
				"up": {"uv": [1, 0, 15, 1], "texture": "#1"},
				"down": {"uv": [1, 15, 15, 16], "texture": "#1"}
			}
		},
		{
			"from": [14, 0, 1],
			"to": [16, 3, 15],
			"faces": {
				"north": {"uv": [0, 13, 2, 16], "texture": "#1"},
				"east": {"uv": [1, 13, 15, 16], "texture": "#1"},
				"south": {"uv": [14, 13, 16, 16], "texture": "#1"},
				"west": {"uv": [1, 13, 15, 16], "texture": "#1"},
				"up": {"uv": [14, 1, 16, 15], "texture": "#1"},
				"down": {"uv": [14, 1, 16, 15], "texture": "#1"}
			}
		},
		{
			"from": [2, 0, 14],
			"to": [14, 3, 15],
			"faces": {
				"north": {"uv": [2, 13, 14, 16], "texture": "#0"},
				"east": {"uv": [1, 13, 2, 16], "texture": "#0"},
				"south": {"uv": [2, 13, 14, 16], "texture": "#0"},
				"west": {"uv": [14, 13, 15, 16], "texture": "#0"},
				"up": {"uv": [2, 14, 14, 15], "texture": "#0"},
				"down": {"uv": [2, 1, 14, 2], "texture": "#0"}
			}
		},
		{
			"from": [2, 0, 1],
			"to": [14, 3, 2],
			"faces": {
				"north": {"uv": [2, 13, 14, 16], "texture": "#0"},
				"east": {"uv": [14, 13, 15, 16], "texture": "#0"},
				"south": {"uv": [2, 13, 14, 16], "texture": "#0"},
				"west": {"uv": [1, 13, 2, 16], "texture": "#0"},
				"up": {"uv": [2, 1, 14, 2], "texture": "#0"},
				"down": {"uv": [2, 14, 14, 15], "texture": "#0"}
			}
		},
		{
			"from": [2, 5, 3],
			"to": [14, 7, 13],
			"faces": {
				"north": {"uv": [2, 9, 14, 11], "texture": "#0"},
				"east": {"uv": [3, 9, 13, 11], "texture": "#0"},
				"south": {"uv": [2, 9, 14, 11], "texture": "#0"},
				"west": {"uv": [3, 9, 13, 11], "texture": "#0"},
				"up": {"uv": [2, 3, 14, 13], "texture": "#0"},
				"down": {"uv": [2, 3, 14, 13], "texture": "#0"}
			}
		},
		{
			"from": [2, 3, 2],
			"to": [14, 5, 14],
			"faces": {
				"north": {"uv": [2, 11, 14, 13], "texture": "#0"},
				"east": {"uv": [2, 11, 14, 13], "texture": "#0"},
				"south": {"uv": [2, 11, 14, 13], "texture": "#0"},
				"west": {"uv": [2, 11, 14, 13], "texture": "#0"},
				"up": {"uv": [2, 2, 14, 14], "texture": "#0"},
				"down": {"uv": [2, 2, 14, 14], "texture": "#0"}
			}
		},
		{
			"from": [3, 5, 2],
			"to": [13, 7, 14],
			"faces": {
				"north": {"uv": [3, 9, 13, 11], "texture": "#0"},
				"east": {"uv": [2, 9, 14, 11], "texture": "#0"},
				"south": {"uv": [3, 9, 13, 11], "texture": "#0"},
				"west": {"uv": [2, 9, 14, 11], "texture": "#0"},
				"up": {"uv": [3, 2, 13, 14], "texture": "#0"},
				"down": {"uv": [3, 2, 13, 14], "texture": "#0"}
			}
		},
		{
			"from": [1, 3, 2],
			"to": [15, 6, 14],
			"faces": {
				"north": {"uv": [1, 10, 15, 13], "texture": "#0"},
				"east": {"uv": [2, 10, 14, 13], "texture": "#0"},
				"south": {"uv": [1, 10, 15, 13], "texture": "#0"},
				"west": {"uv": [2, 10, 14, 13], "texture": "#0"},
				"up": {"uv": [1, 2, 15, 14], "texture": "#0"},
				"down": {"uv": [1, 2, 15, 14], "texture": "#0"}
			}
		},
		{
			"from": [2, 3, 1],
			"to": [14, 6, 15],
			"faces": {
				"north": {"uv": [2, 10, 14, 13], "texture": "#0"},
				"east": {"uv": [1, 10, 15, 13], "texture": "#0"},
				"south": {"uv": [2, 10, 14, 13], "texture": "#0"},
				"west": {"uv": [1, 10, 15, 13], "texture": "#0"},
				"up": {"uv": [2, 1, 14, 15], "texture": "#0"},
				"down": {"uv": [2, 1, 14, 15], "texture": "#0"}
			}
		},
		{
			"from": [3, 6, 3],
			"to": [13, 8, 13],
			"faces": {
				"north": {"uv": [3, 8, 13, 10], "texture": "#0"},
				"east": {"uv": [3, 8, 13, 10], "texture": "#0"},
				"south": {"uv": [3, 8, 13, 10], "texture": "#0"},
				"west": {"uv": [3, 8, 13, 10], "texture": "#0"},
				"up": {"uv": [3, 3, 13, 13], "texture": "#0"},
				"down": {"uv": [3, 3, 13, 13], "texture": "#0"}
			}
		},
		{
			"from": [4, 7, 6],
			"to": [12, 9, 10],
			"faces": {
				"north": {"uv": [4, 7, 12, 9], "texture": "#0"},
				"east": {"uv": [6, 7, 10, 9], "texture": "#0"},
				"south": {"uv": [4, 7, 12, 9], "texture": "#0"},
				"west": {"uv": [6, 7, 10, 9], "texture": "#0"},
				"up": {"uv": [4, 6, 12, 10], "texture": "#0"},
				"down": {"uv": [4, 6, 12, 10], "texture": "#0"}
			}
		},
		{
			"from": [6, 7, 10],
			"to": [10, 9, 12],
			"faces": {
				"north": {"uv": [6, 7, 10, 9], "texture": "#0"},
				"east": {"uv": [4, 7, 6, 9], "texture": "#0"},
				"south": {"uv": [6, 7, 10, 9], "texture": "#0"},
				"west": {"uv": [10, 7, 12, 9], "texture": "#0"},
				"up": {"uv": [6, 10, 10, 12], "texture": "#0"},
				"down": {"uv": [6, 4, 10, 6], "texture": "#0"}
			}
		},
		{
			"from": [6, 7, 4],
			"to": [10, 9, 6],
			"faces": {
				"north": {"uv": [6, 7, 10, 9], "texture": "#0"},
				"east": {"uv": [10, 7, 12, 9], "texture": "#0"},
				"south": {"uv": [6, 7, 10, 9], "texture": "#0"},
				"west": {"uv": [4, 7, 6, 9], "texture": "#0"},
				"up": {"uv": [6, 4, 10, 6], "texture": "#0"},
				"down": {"uv": [6, 10, 10, 12], "texture": "#0"}
			}
		}
	],
	"display": {
		"thirdperson_righthand": {
			"rotation": [-10, 128, 15],
			"translation": [0, 1, -1.5],
			"scale": [0.31, 0.3, 0.32]
		},
		"thirdperson_lefthand": {
			"rotation": [-10, 128, 15],
			"translation": [-1, 1, -1.5],
			"scale": [0.31, 0.3, 0.32]
		},
		"firstperson_righthand": {
			"rotation": [-10, 128, 15],
			"translation": [3.5, 1.5, -3.5],
			"scale": [0.47, 0.46, 0.45]
		},
		"firstperson_lefthand": {
			"rotation": [-10, 128, 15],
			"translation": [3.5, 1.5, -3.5],
			"scale": [0.47, 0.46, 0.45]
		},
		"ground": {
			"scale": [0.47, 0.46, 0.45]
		},
		"gui": {
			"rotation": [45, 133, 0],
			"scale": [0.61, 0.62, 0.61]
		},
		"head": {
			"rotation": [8, 0, 0],
			"translation": [0, 9.25, 1.25],
			"scale": [1.08, 1.08, 1.08]
		}
	},
	"groups": [
		{
			"name": "group",
			"children": [0, 1, 2, 3, 4]
		},
		{
			"name": "group",
			"children": [5, 6, 7, 8, 9, 10, 11, 12, 13, 14, 15]
		}
	]
}